Country,League
Worldwide,Clericus Cup
Worldwide,CONIFA World Football Cup
Worldwide,Viva World Cup
Worldwide,FIFI Wild Cup
Worldwide,Island Games
Worldwide,UNPO Cup
Worldwide,Europeada
Worldwide,ELF Cup
Worldwide,Homeless World Cup
Worldwide,Unofficial Football World Championships
Worldwide,Women's Unofficial Football World Championships
Intercontinental,Pan American Games
Intercontinental,Finalissima
Intercontinental,Women's Finalissima
Intercontinental,FIFA Confederations Cup
Intercontinental,Panamerican Championship
Intercontinental,Afro-Asian Cup of Nations
Intercontinental,AFC/OFC Challenge Cup
Invitational tournaments,Aisha Buhari Cup
Invitational tournaments,Algarve Cup
Invitational tournaments,Algeria International Football Tournament
Invitational tournaments,Aphrodite Women Cup
Invitational tournaments,Arnold Clark Cup
Invitational tournaments,Balaton Cup
Invitational tournaments,Bangabandhu Cup
Invitational tournaments,Cyprus Women's Cup
Invitational tournaments,FIFA Series
Invitational tournaments,FFA Cup of Nations
Invitational tournaments,Flying Officers Cup
Invitational tournaments,Four Nations Tournament
Invitational tournaments,Four Nations Tournament
Invitational tournaments,Intercontinental Cup
Invitational tournaments,Istria Cup
Invitational tournaments,King's Cup
Invitational tournaments,Kirin Cup Soccer
Invitational tournaments,Kirin Challenge Cup
Invitational tournaments,Lunar New Year Cup
Invitational tournaments,Pestabola Merdeka
Invitational tournaments,Pinatar Cup
Invitational tournaments,SheBelieves Cup
Invitational tournaments,Sud Ladies Cup
Invitational tournaments,Torneio Internacional de Futebol Feminino
Invitational tournaments,Tournoi de France
Invitational tournaments,Turkish Women's Cup
Invitational tournaments,VFF Cup
Invitational tournaments,Women's Baltic Cup
Invitational tournaments,Yongchuan International Tournament
Invitational tournaments,Australia Bicentenary Gold Cup
Invitational tournaments,Balkan Cup
Invitational tournaments,Brazil Independence Cup
Invitational tournaments,Canada Cup
Invitational tournaments,China Cup
Invitational tournaments,Corsica Football Cup
Invitational tournaments,Coupe de l'Outre-Mer
Invitational tournaments,CTFA International Tournament
Invitational tournaments,Cyprus International Football Tournament
Invitational tournaments,FA Summer Tournament
Invitational tournaments,Four Nations Tournament
Invitational tournaments,Friendship Tournament
Invitational tournaments,Fuchs International Tournament
Invitational tournaments,Hassan II Trophy
Invitational tournaments,Indonesian Independence Cup
Invitational tournaments,England Challenge Cup
Invitational tournaments,International Friendship Championship
Invitational tournaments,Jakarta Anniversary Tournament
Invitational tournaments,Korea Cup
Invitational tournaments,Kuneitra Cup
Invitational tournaments,LG Cup
Invitational tournaments,Malta women's tournament
Invitational tournaments,Marlboro Cup
Invitational tournaments,Merlion Cup
Invitational tournaments,Mundialito
Invitational tournaments,Nehru Cup
Invitational tournaments,Nordic Football Championship
Invitational tournaments,Peace Queen Cup
Invitational tournaments,Quaid-e-Azam International Tournament
Invitational tournaments,Rous Cup
Invitational tournaments,South Vietnam Independence Cup
Invitational tournaments,Taça das Nações
Invitational tournaments,Tournament of Nations
Invitational tournaments,Umbro Cup
Invitational tournaments,Unity Cup
Invitational tournaments,U.S.A. Bicentennial Cup Tournament
Invitational tournaments,World Champions' Gold Cup
Invitational tournaments,World Cup of Masters
Invitational tournaments,Women's World Invitational Tournament
Invitational tournaments,FIFA Arab Cup
Invitational tournaments,Arab Games
Invitational tournaments,Arab Women's Cup
Invitational tournaments,Arab Cup U-20
Invitational tournaments,Palestine Cup
Invitational tournaments,Islamic Solidarity Games
Invitational tournaments,Indian Ocean Island Games
Invitational tournaments,FIFA U-20 World Cup
Invitational tournaments,FIFA U-17 World Cup
Invitational tournaments,FIFA U-20 Women's World Cup
Invitational tournaments,FIFA U-17 Women's World Cup
Invitational tournaments,Summer Universiade
Invitational tournaments,Danone Nations Cup
Invitational tournaments,Montaigu Tournament
Invitational tournaments,Panda Cup
Invitational tournaments,SBS Cup
Invitational tournaments,SuperCupNI
Invitational tournaments,Tournoi Maurice Revello
Invitational tournaments,Youth Olympic Football Tournament
Invitational tournaments,International Youth Soccer in Niigata
Invitational tournaments,Sendai Cup
Invitational tournaments,FIFA Club World Cup
Invitational tournaments,FIFA Intercontinental Cup
Invitational tournaments,UEFA–CONMEBOL Club Challenge
Invitational tournaments,International Women's Club Championship
Invitational tournaments,Intercontinental Futsal Cup
Invitational tournaments,Intercontinental Cup
Invitational tournaments,Copa Rio
Invitational tournaments,Copa Interamericana
Invitational tournaments,Afro-Asian Club Championship
Invitational tournaments,Intercontinental Champions' Supercup
Invitational tournaments,Supercopa Euroamericana
Invitational tournaments,ANFA Cup
Invitational tournaments,Audi Cup
Invitational tournaments,BTV Cup
Invitational tournaments,Coupang Play Series
Invitational tournaments,Emirates Cup
Invitational tournaments,Eusébio Cup
Invitational tournaments,Florida Cup
Invitational tournaments,Friendship Trophy
Invitational tournaments,Geoff Harvey Memorial Vase
Invitational tournaments,HKFC Soccer Sevens
Invitational tournaments,J.League Asia Challenge
Invitational tournaments,J.League World Challenge
Invitational tournaments,Lunar New Year Cup
Invitational tournaments,Maradona Cup
Invitational tournaments,MLS All-Star Game
Invitational tournaments,Orange Trophy
Invitational tournaments,Premier League Summer Series
Invitational tournaments,Ramón de Carranza Trophy
Invitational tournaments,Riyadh Season
Invitational tournaments,Saitama City Cup
Invitational tournaments,Soccer Champions Tour
Invitational tournaments,Sydney Super Cup
Invitational tournaments,Telekom Cup
Invitational tournaments,Teresa Herrera Trophy
Invitational tournaments,The Atlantic Cup
Invitational tournaments,The Women's Cup
Invitational tournaments,Torneo di Viareggio
Invitational tournaments,Trofeo Colombino
Invitational tournaments,Trofeo Costa del Sol
Invitational tournaments,Trofeo Joan Gamper
Invitational tournaments,Trofeo Santiago Bernabéu
Invitational tournaments,Uhrencup
Invitational tournaments,Women's International Champions Cup
Invitational tournaments,Amsterdam Tournament
Invitational tournaments,Copa del Sol
Invitational tournaments,Copa Euro-América
Invitational tournaments,Dubai Cup
Invitational tournaments,Edmonton Cup
Invitational tournaments,Football World Championship
Invitational tournaments,Global Tour for Peace
Invitational tournaments,International Champions Cup
Invitational tournaments,La Manga Cup
Invitational tournaments,Marbella Cup
Invitational tournaments,Mohammed V Cup
Invitational tournaments,Opel Master Cup
Invitational tournaments,Peace Cup
Invitational tournaments,Premier League Asia Trophy
Invitational tournaments,Russian Railways Cup
Invitational tournaments,Queen's Cup
Invitational tournaments,Small Club World Cup
Invitational tournaments,Tournoi de Paris
Invitational tournaments,Uli Hoeneß Cup
Invitational tournaments,Vodacom Challenge
Invitational tournaments,Wembley Cup
Invitational tournaments,Wembley International Tournament
Invitational tournaments,World Football Challenge
Invitational tournaments,Arab Club Champions Cup
Invitational tournaments,Arab Cup Winners' Cup
Invitational tournaments,Arab Super Cup
Invitational tournaments,J.League Cup / Copa Sudamericana Championship
Invitational tournaments,Lusail Super Cup
Invitational tournaments,Saudi-Egyptian Super Cup
Invitational tournaments,Alkass International Cup
Invitational tournaments,Balcom BMW CUP Prayer for Peace; Hiroshima International Youth Soccer Games
Invitational tournaments,Dallas Cup
Invitational tournaments,Gothia Cup
Invitational tournaments,J.League International Youth Cup
Invitational tournaments,K League International Youth Cup
Invitational tournaments,Manchester United Premier Cup
Invitational tournaments,Montaigu Tournament
Invitational tournaments,Otten Cup
Invitational tournaments,Torneo di Viareggio
Invitational tournaments,AFC
Invitational tournaments,AFC
Invitational tournaments,AFC Asian Cup
Invitational tournaments,AFC Nations League
Invitational tournaments,AFC U23 Asian Cup
Invitational tournaments,AFC U20 Asian Cup
Invitational tournaments,AFC U17 Asian Cup
Invitational tournaments,AFC Women's Asian Cup
Invitational tournaments,AFC Women's Olympic Qualifying Tournament
Invitational tournaments,AFC U20 Women's Asian Cup
Invitational tournaments,AFC U17 Women's Asian Cup
Invitational tournaments,Asian Games
Invitational tournaments,AFC Solidarity Cup
Invitational tournaments,AFC Challenge Cup
Invitational tournaments,ASEAN Championship
Invitational tournaments,CAFA Nations Cup
Invitational tournaments,EAFF E-1 Football Championship
Invitational tournaments,women
Invitational tournaments,SAFF Championship
Invitational tournaments,WAFF Championship
Invitational tournaments,AFF–EAFF Champions Trophy
Invitational tournaments,Arabian Gulf Cup
Invitational tournaments,Gulf Cup for Veteran Players
Invitational tournaments,East Asian Youth Games
Invitational tournaments,South Asian Games
Invitational tournaments,Southeast Asian Games
Invitational tournaments,West Asian Games
Invitational tournaments,East Asian Games
Invitational tournaments,Three Nations Cup
Invitational tournaments,Three Nations Cup
Invitational tournaments,AFC Champions League Elite
Invitational tournaments,AFC Champions League Two
Invitational tournaments,AFC Challenge League
Invitational tournaments,AFC Women's Champions League
Invitational tournaments,Asian Cup Winners' Cup
Invitational tournaments,Asian Super Cup
Invitational tournaments,Afro-Asian Club Championship
Invitational tournaments,AFC Women's Club Championship
Invitational tournaments,ASEAN Club Championship
Invitational tournaments,AGCFF Gulf Club Champions League
Invitational tournaments,Sheikh Kamal International Club Cup
Invitational tournaments,Mekong Club Championship
Invitational tournaments,Marianas Club Championship
Invitational tournaments,SAFF Club Championship
Invitational tournaments,WAFF Women's Clubs Championship
Invitational tournaments,SAFF Women's Club Championship
Invitational tournaments,Afghanistan Champions League
Invitational tournaments,Afghan Premier League
Invitational tournaments,Kabul Premier League
Invitational tournaments,Kabul City League
Invitational tournaments,Afghanistan Republic Day Festival Cup
Invitational tournaments,Women Kabul League
Invitational tournaments,A-League Men
Invitational tournaments,Playoffs
Invitational tournaments,New Zealand
Invitational tournaments,Australia Cup
Invitational tournaments,A-League Women
Invitational tournaments,Women's Australia Cup
Invitational tournaments,A-League Youth
Invitational tournaments,A-League All Stars Game
Invitational tournaments,National Soccer League
Invitational tournaments,Australia Cup
Invitational tournaments,NSL Cup
Invitational tournaments,F-League
Invitational tournaments,National Premier Leagues Capital Football
Invitational tournaments,Capital Premier League
Invitational tournaments,Capital Football State League
Invitational tournaments,Capital Football Federation Cup
Invitational tournaments,A.C.T Futsal Premier League
Invitational tournaments,National Premier Leagues ACT Women's
Invitational tournaments,National Premier Leagues NSW
Invitational tournaments,NSW League One
Invitational tournaments,NSW League Two
Invitational tournaments,Regional league
Invitational tournaments,NSW League Three
Invitational tournaments,Waratah Cup
Invitational tournaments,National Premier Leagues NSW Women's
Invitational tournaments,NSW League One Women's
Invitational tournaments,National Premier Leagues Northern NSW
Invitational tournaments,Northern NSW State League Division 1
Invitational tournaments,NorZone Premier League
Invitational tournaments,National Premier Leagues Queensland
Invitational tournaments,Football Queensland Premier League
Invitational tournaments,Football Queensland Premier League 2
Invitational tournaments,National Premier Leagues Queensland Women's
Invitational tournaments,Brisbane
Invitational tournaments,Football Queensland Premier League 3 − Metro
Invitational tournaments,Football Queensland Premier League 4 − Metro
Invitational tournaments,Football Queensland Premier League 5 − Metro
Invitational tournaments,Football Queensland Premier League 6 − Metro
Invitational tournaments,Canale Cup
Invitational tournaments,Far North Queensland
Invitational tournaments,Far North Queensland Premier League
Invitational tournaments,Gold Coast
Invitational tournaments,Football Queensland Premier League 3 − South Coast
Invitational tournaments,Football Queensland Premier League 4 − South Coast
Invitational tournaments,Sunshine Coast
Invitational tournaments,Football Queensland Premier League 3 – Sunshine Coast
Invitational tournaments,National Premier Leagues South Australia
Invitational tournaments,SA State League One
Invitational tournaments,SA State League Two
Invitational tournaments,Federation Cup
Invitational tournaments,Women's National Premier Leagues South Australia
Invitational tournaments,Women's State League South Australia
Invitational tournaments,National Premier Leagues Tasmania
Invitational tournaments,Milan Lakoseljac Cup
Invitational tournaments,Northern Championship
Invitational tournaments,Southern Championship
Invitational tournaments,National Premier Leagues Victoria
Invitational tournaments,National Premier Leagues Victoria 2
Invitational tournaments,National Premier Leagues Victoria 3
Invitational tournaments,Victorian State League 1
Invitational tournaments,Dockerty Cup
Invitational tournaments,National Premier Leagues Victoria Women
Invitational tournaments,National Premier Leagues Western Australia
Invitational tournaments,Football West State League Division 1
Invitational tournaments,Football West State League Division 2
Invitational tournaments,Football West State Cup
Invitational tournaments,National Premier Leagues WA Women
Invitational tournaments,Bahraini Premier League
Invitational tournaments,Bahraini Second Division
Invitational tournaments,Bahraini King's Cup
Invitational tournaments,Bahraini FA Cup
Invitational tournaments,Bahraini Crown Prince Cup
Invitational tournaments,Bahraini Super Cup
Invitational tournaments,Bahraini Elite Cup
Invitational tournaments,ar
Invitational tournaments,Bahraini Premier League
Invitational tournaments,Bahraini King's Cup
Invitational tournaments,Bangladesh Football League
Invitational tournaments,Bangladesh Championship League
Invitational tournaments,Dhaka Senior Division Football League
Invitational tournaments,Dhaka Second Division Football League
Invitational tournaments,Dhaka Third Division Football League
Invitational tournaments,Pioneer Football League
Invitational tournaments,Independence Cup
Invitational tournaments,Federation Cup
Invitational tournaments,Super Cup
Invitational tournaments,Aga Khan Gold Cup
Invitational tournaments,President Gold Cup
Invitational tournaments,Bangabandhu Cup
Invitational tournaments,Bangladesh Women's Football League
Invitational tournaments,Bhutan Premier League
Invitational tournaments,Bhutan Super League
Invitational tournaments,Dzongkhag
Invitational tournaments,Jigme Dorji Wangchuk Memorial Gold Cup
Invitational tournaments,Brunei Super League
Invitational tournaments,Brunei Premier League
Invitational tournaments,Brunei FA Cup
Invitational tournaments,Brunei Super Cup
Invitational tournaments,Borneo Cup
Invitational tournaments,Cambodian Premier League
Invitational tournaments,Cambodian League 2
Invitational tournaments,Hun Sen Cup
Invitational tournaments,CNCC Charity Cup
Invitational tournaments,CNCC League Cup
Invitational tournaments,FFC Cup
Invitational tournaments,FFC Challenge Cup
Invitational tournaments,Chinese Super League
Invitational tournaments,China League One
Invitational tournaments,China League Two
Invitational tournaments,Chinese Champions League
Invitational tournaments,Member Football Association leagues
Invitational tournaments,CFA Cup
Invitational tournaments,CFA Super Cup
Invitational tournaments,Chinese Super League
Invitational tournaments,CFA Cup
Invitational tournaments,Chinese Super League Cup
Invitational tournaments,Guangdong–Hong Kong Cup
Invitational tournaments,Jingjinji Champions Cup
Invitational tournaments,Hong Kong–Shanghai Inter Club Championship
Invitational tournaments,Chinese Women's Super League
Invitational tournaments,Chinese Women's Football League
Invitational tournaments,zh
Invitational tournaments,Guam Soccer League
Invitational tournaments,Guam FA Cup
Invitational tournaments,Hong Kong Premier League
Invitational tournaments,First Division
Invitational tournaments,Second Division
Invitational tournaments,Third Division
Invitational tournaments,Hong Kong Community Cup
Invitational tournaments,Hong Kong FA Cup
Invitational tournaments,Hong Kong FA Cup Junior Division
Invitational tournaments,Senior Shield
Invitational tournaments,Sapling Cup
Invitational tournaments,Viceroy Cup
Invitational tournaments,Hong Kong League Cup
Invitational tournaments,Indian Super League
Invitational tournaments,I-League
Invitational tournaments,National Football League
Invitational tournaments,I-League 2
Invitational tournaments,I-League 3
Invitational tournaments,AIFF Super Cup
Invitational tournaments,Federation Cup
Invitational tournaments,Durand Cup
Invitational tournaments,IFA Shield
Invitational tournaments,Rovers Cup
Invitational tournaments,Indian Super Cup
Invitational tournaments,Elite League
Invitational tournaments,Futsal Club Championship
Invitational tournaments,Intercontinental Cup
Invitational tournaments,Nehru Cup
Invitational tournaments,Santosh Trophy
Invitational tournaments,Indian State Leagues
Invitational tournaments,Assam
Invitational tournaments,Assam State Premier League
Invitational tournaments,Arunachal Pradesh
Invitational tournaments,Indrajit Namchoom Arunachal League
Invitational tournaments,Delhi
Invitational tournaments,Delhi Football League
Invitational tournaments,Goa
Invitational tournaments,Goa Professional League
Invitational tournaments,Himachal Pradesh
Invitational tournaments,Himachal Football League
Invitational tournaments,Jammu and Kashmir
Invitational tournaments,J&K Premier Football League
Invitational tournaments,Karnataka
Invitational tournaments,Bangalore Football League
Invitational tournaments,Kerala
Invitational tournaments,Kerala Premier League
Invitational tournaments,Madhya Pradesh
Invitational tournaments,Madhya Pradesh Premier League
Invitational tournaments,Maharashtra
Invitational tournaments,Mumbai Football League
Invitational tournaments,Manipur
Invitational tournaments,Manipur State League
Invitational tournaments,Meghalaya
Invitational tournaments,Shillong Premier League
Invitational tournaments,Mizoram
Invitational tournaments,Mizoram Premier League
Invitational tournaments,Nagaland
Invitational tournaments,Nagaland Premier League
Invitational tournaments,Odisha
Invitational tournaments,FAO League
Invitational tournaments,Punjab
Invitational tournaments,Punjab State Super Football League
Invitational tournaments,Rajasthan
Invitational tournaments,R-League A Division
Invitational tournaments,Tamil Nadu
Invitational tournaments,Chennai Football League
Invitational tournaments,Uttarakhand
Invitational tournaments,Uttarakhand Super League
Invitational tournaments,West Bengal
Invitational tournaments,Calcutta Football League
Invitational tournaments,Indian Women's League
Invitational tournaments,Indian Women's League 2
Invitational tournaments,Indian Women's National Championship
Invitational tournaments,Indian State Leagues
Invitational tournaments,Delhi
Invitational tournaments,FD Women's League
Invitational tournaments,Goa
Invitational tournaments,Goa Women's League
Invitational tournaments,Karnataka
Invitational tournaments,Karnataka Women's League
Invitational tournaments,Kerala
Invitational tournaments,Kerala Women's League
Invitational tournaments,Maharashtra
Invitational tournaments,WIFA Women's Football League
Invitational tournaments,Manipur
Invitational tournaments,Manipur Women's League
Invitational tournaments,Meghalaya
Invitational tournaments,SSA Women's Football League
Invitational tournaments,Odisha
Invitational tournaments,Odisha Women's League
Invitational tournaments,Punjab
Invitational tournaments,Punjab Women's League
Invitational tournaments,Tamil Nadu
Invitational tournaments,Tamil Nadu Women's League
Invitational tournaments,West Bengal
Invitational tournaments,Calcutta Women's Football League
Invitational tournaments,Super League
Invitational tournaments,Championship
Invitational tournaments,Liga Nusantara
Invitational tournaments,Liga 4
Invitational tournaments,Elite Pro Academy
Invitational tournaments,Piala Indonesia
Invitational tournaments,Piala Presiden
Invitational tournaments,Soeratin Cup
Invitational tournaments,Liga 1 Putri
Invitational tournaments,Pertiwi Cup
Invitational tournaments,Persian Gulf Pro League
Invitational tournaments,Azadegan League
Invitational tournaments,League 2
Invitational tournaments,League 3
Invitational tournaments,Provincial Leagues
Invitational tournaments,Hazfi Cup
Invitational tournaments,Iranian Super Cup
Invitational tournaments,Persian Gulf Pro League
Invitational tournaments,Hazfi Cup
Invitational tournaments,Takht Jamshid Cup
Invitational tournaments,Kowsar Women Football League
Invitational tournaments,Iraq Stars League
Invitational tournaments,Iraqi Premier Division League
Invitational tournaments,Iraqi First Division League
Invitational tournaments,Iraqi Second Division League
Invitational tournaments,Iraqi Third Division League
Invitational tournaments,Iraq FA Cup
Invitational tournaments,Iraqi Super Cup
Invitational tournaments,Baghdad Championship
Invitational tournaments,Iraqi National First Division
Invitational tournaments,Iraq FA Baghdad Cup
Invitational tournaments,Iraq Central FA Premier League
Invitational tournaments,Iraq Central FA Perseverance Cup
Invitational tournaments,Independent Baghdad Tournament
Invitational tournaments,Iraq FA Basra Premier League
Invitational tournaments,Iraq FA Kirkuk Premier League
Invitational tournaments,J1 League
Invitational tournaments,J.League
Invitational tournaments,J2 League
Invitational tournaments,J3 League
Invitational tournaments,J.League 100 Year Vision League
Invitational tournaments,ja
Invitational tournaments,J1 100 Year Vision League
Invitational tournaments,J2/J3 100 Year Vision League
Invitational tournaments,Japan Football League
Invitational tournaments,J3 League
Invitational tournaments,JFL CUP
Invitational tournaments,ja
Invitational tournaments,Japan Regional Football Champions League
Invitational tournaments,Japanese Regional Leagues
Invitational tournaments,Prefectural Leagues
Invitational tournaments,ja
Invitational tournaments,Emperor's Cup
Invitational tournaments,J.League Cup
Invitational tournaments,J1 League
Invitational tournaments,J2 League
Invitational tournaments,J3 League
Invitational tournaments,Japanese Super Cup
Invitational tournaments,J1 League
Invitational tournaments,Emperor's Cup
Invitational tournaments,J.League All-Star Soccer
Invitational tournaments,All Japan Adults Football Tournament
Invitational tournaments,5th-tier league
Invitational tournaments,All Japan Club Teams Football Tournament
Invitational tournaments,National Sports Festival (Football)
Invitational tournaments,ja
Invitational tournaments,All Japan University Football Championship
Invitational tournaments,Prime Minister's Cup All Japan University Football Tournament
Invitational tournaments,Prince Takamado Trophy
Invitational tournaments,All Japan High School Soccer Tournament
Invitational tournaments,Inter High School Sports Festival
Invitational tournaments,Japan Club Youth U-18 Championship
Invitational tournaments,J.Youth Cup
Invitational tournaments,WE League
Invitational tournaments,Nadeshiko League
Invitational tournaments,Empress's Cup
Invitational tournaments,WE League Cup
Invitational tournaments,WE League
Invitational tournaments,Nadeshiko League Cup
Invitational tournaments,Nadeshiko League
Invitational tournaments,Japan Soccer League
Invitational tournaments,Japan Football League (former)
Invitational tournaments,Japan Soccer League Cup
Invitational tournaments,Japan Soccer League
Invitational tournaments,Japanese Super Cup
Invitational tournaments,Japan Soccer League
Invitational tournaments,Emperor's Cup
Invitational tournaments,F.League
Invitational tournaments,All Japan Futsal Championship
Invitational tournaments,F.League Ocean Cup
Invitational tournaments,Jordanian Pro League
Invitational tournaments,Jordan League Division 1
Invitational tournaments,FA Cup
Invitational tournaments,Super Cup
Invitational tournaments,FA Shield
Invitational tournaments,Kuwait Premier League
Invitational tournaments,Kuwaiti Division One
Invitational tournaments,Kuwait Emir Cup
Invitational tournaments,Kuwait Crown Prince Cup
Invitational tournaments,Kuwait Federation Cup
Invitational tournaments,Kuwait Super Cup
Invitational tournaments,Al Kurafi Cup
Invitational tournaments,Kyrgyz Premier League
Invitational tournaments,Kyrgyz First League
Invitational tournaments,Qyrğyz Ekinçi Ligasy
Invitational tournaments,Kyrgyzstan Cup
Invitational tournaments,Kyrgyzstan Super Cup
Invitational tournaments,Lao League 1
Invitational tournaments,Lao League 2
Invitational tournaments,Laotian Prime Minister's Cup
Invitational tournaments,Lao FF Cup
Invitational tournaments,Lebanese Premier League
Invitational tournaments,Lebanese Second Division
Invitational tournaments,Lebanese Third Division
Invitational tournaments,Lebanese Fourth Division
Invitational tournaments,Lebanese Fifth Division
Invitational tournaments,Lebanese FA Cup
Invitational tournaments,Lebanese Federation Cup
Invitational tournaments,Lebanese Super Cup
Invitational tournaments,Lebanese Elite Cup
Invitational tournaments,Lebanese Challenge Cup
Invitational tournaments,Liga de Elite
Invitational tournaments,Campeonato da 2ª Divisão do Futebol
Invitational tournaments,Taça de Macau em futebol
Invitational tournaments,Malaysia Super League
Invitational tournaments,Malaysia A1 Semi-Pro League
Invitational tournaments,Malaysia A2 Amateur League
Invitational tournaments,Malaysia A3 Community League
Invitational tournaments,Malaysia FA Cup
Invitational tournaments,Piala Sumbangsih
Invitational tournaments,Malaysia Cup
Invitational tournaments,MFL Challenge Cup
Invitational tournaments,Malaysia FAM Cup
Invitational tournaments,Airmarine Cup
Invitational tournaments,Merdeka Cup
Invitational tournaments,Dhivehi Premier League
Invitational tournaments,Second Division
Invitational tournaments,Third Division
Invitational tournaments,FA Cup
Invitational tournaments,President's Cup
Invitational tournaments,FA Charity Shield
Invitational tournaments,Mongolian Premier League
Invitational tournaments,Mongolian First League
Invitational tournaments,Mongolia Second League
Invitational tournaments,National Amateur Cup
Invitational tournaments,MFF Cup
Invitational tournaments,MFF Super Cup
Invitational tournaments,Myanmar National League
Invitational tournaments,MNL II
Invitational tournaments,FIFA-MFF U15 Youth League
Invitational tournaments,General Aung San Shield
Invitational tournaments,MFF Charity Cup
Invitational tournaments,Myanmar National League
Invitational tournaments,General Aung San Shield
Invitational tournaments,MNL League Cup
Invitational tournaments,Myanmar Women League
Invitational tournaments,Myanmar Futsal League
Invitational tournaments,Martyr's Memorial A-Division League
Invitational tournaments,Martyr's Memorial B-Division League
Invitational tournaments,Martyr's Memorial C-Division League
Invitational tournaments,Aaha Gold Cup
Invitational tournaments,Budda Subba Gold Cup
Invitational tournaments,Pokhara Cup
Invitational tournaments,Simara Gold Cup
Invitational tournaments,Ncell Cup
Invitational tournaments,Birat Gold Cup
Invitational tournaments,M★League
Invitational tournaments,M*League Division 2
Invitational tournaments,DPR Korea Premier Football League
Invitational tournaments,DPR Korea Football League 2
Invitational tournaments,de
Invitational tournaments,DPR Korea Football League 3
Invitational tournaments,ko
Invitational tournaments,Technical Innovation Contests
Invitational tournaments,Hwaebul Cup
Invitational tournaments,Man'gyŏngdae Prize
Invitational tournaments,Osandŏk Prize
Invitational tournaments,Paektusan Prize
Invitational tournaments,Poch'ŏnbo Torch Prize
Invitational tournaments,Republican Championship
Invitational tournaments,Oman Professional League
Invitational tournaments,Oman First Division League
Invitational tournaments,Sultan Qaboos Cup
Invitational tournaments,Super Cup
Invitational tournaments,Oman Professional League Cup
Invitational tournaments,Omani Prince Cup
Invitational tournaments,Gaza Strip Premier League
Invitational tournaments,Gaza Strip First League
Invitational tournaments,Gaza Strip Second League
Invitational tournaments,West Bank Second League
Invitational tournaments,Palestine Cup
Invitational tournaments,Gaza Strip Super Cup
Invitational tournaments,West Bank Super Cup
Invitational tournaments,Yasser Arafat Cup
Invitational tournaments,Pakistan Premier League
Invitational tournaments,PFF League
Invitational tournaments,National Football Championship
Invitational tournaments,Karachi Football League
Invitational tournaments,Super Football League
Invitational tournaments,PFF National Challenge Cup
Invitational tournaments,National Women Football Championship
Invitational tournaments,Quaid-e-Azam International Tournament
Invitational tournaments,Philippines Football League
Invitational tournaments,Copa Paulino Alcantara
Invitational tournaments,PFF Women's League
Invitational tournaments,PFF Women's Cup
Invitational tournaments,PFF National Men's Club Championship
Invitational tournaments,United Football League Cup
Invitational tournaments,PFF National Men's Under-19 Championship
Invitational tournaments,Philippine Football League
Invitational tournaments,Filipino Premier League
Invitational tournaments,United Football League
Invitational tournaments,Philippine Premier League
Invitational tournaments,University Athletic Association of the Philippines
Invitational tournaments,Aboitiz Football Cup
Invitational tournaments,Qatar Stars League
Invitational tournaments,Second Division League
Invitational tournaments,Reserve League
Invitational tournaments,Amir Cup
Invitational tournaments,Qatari Stars Cup
Invitational tournaments,Stars League
Invitational tournaments,Qatar Cup
Invitational tournaments,Stars League
Invitational tournaments,Sheikh Jassim Cup
Invitational tournaments,Stars League
Invitational tournaments,Amir Cup
Invitational tournaments,Saudi Pro League
Invitational tournaments,First Division League
Invitational tournaments,Second Division League
Invitational tournaments,Saudi League 3rd Division
Invitational tournaments,Saudi League 4th Division
Invitational tournaments,King's Cup
Invitational tournaments,Saudi Crown Prince Cup
Invitational tournaments,Saudi Pro League
Invitational tournaments,First Division League
Invitational tournaments,Saudi Super Cup
Invitational tournaments,Saudi Pro League
Invitational tournaments,King's Cup
Invitational tournaments,Saudi Federation Cup
Invitational tournaments,Saudi Women's Premier League
Invitational tournaments,Singapore Premier League
Invitational tournaments,Singapore Football League Division 1
Invitational tournaments,Singapore Football League Division 2
Invitational tournaments,Singapore Island Wide League
Invitational tournaments,Cosmopolitan Football League
Invitational tournaments,Cosmopolitan League Cup
Invitational tournaments,Equatorial Football League
Invitational tournaments,Singapore Cup
Invitational tournaments,Singapore FA Cup
Invitational tournaments,Singapore Community Shield
Invitational tournaments,FAS Centre of Excellence Developmental Leagues
Invitational tournaments,Football Association of Singapore
Invitational tournaments,FAS Women's Premier League
Invitational tournaments,Football Association of Singapore
Invitational tournaments,FAS Women's National League
Invitational tournaments,Football Association of Singapore
Invitational tournaments,ESPZEN
Invitational tournaments,Football Association of Singapore
Invitational tournaments,D2D International Futsal League
Invitational tournaments,D2D Arena Futsal League
Invitational tournaments,D2D Futsal Cup
Invitational tournaments,K League 1
Invitational tournaments,K League 2
Invitational tournaments,K3 League
Invitational tournaments,K4 League
Invitational tournaments,ko
Invitational tournaments,K6 League
Invitational tournaments,ko
Invitational tournaments,K7 League
Invitational tournaments,ko
Invitational tournaments,Korea National League
Invitational tournaments,Korea Cup
Invitational tournaments,K League Super Cup
Invitational tournaments,K3-K4 Championship
Invitational tournaments,ko
Invitational tournaments,K League All-Star Game
Invitational tournaments,Korean League Cup
Invitational tournaments,Challengers Cup
Invitational tournaments,Korea National League Championship
Invitational tournaments,Adidas Cup
Invitational tournaments,Daehan Fire Insurance Cup
Invitational tournaments,Phillip Morriss Cup
Invitational tournaments,Prospecs Cup
Invitational tournaments,Hauzen Cup
Invitational tournaments,WK League
Invitational tournaments,S1 League
Invitational tournaments,Kit Premier League Division I
Invitational tournaments,Kit Premier League Division II
Invitational tournaments,Sri Lanka FA Cup
Invitational tournaments,Syrian Premier League
Invitational tournaments,Syrian League 1st Division
Invitational tournaments,Syrian League 2nd Division
Invitational tournaments,Syrian Cup
Invitational tournaments,Syrian Super Cup
Invitational tournaments,Taiwan Football Premier League
Invitational tournaments,Taiwan Football Challenge League
Invitational tournaments,Intercity Football League
Invitational tournaments,Taiwan Football Premier League
Invitational tournaments,Enterprise Football League
Invitational tournaments,Intercity Football League
Invitational tournaments,Highschool Football League
Invitational tournaments,National Youth Cup
Invitational tournaments,National High School Games
Invitational tournaments,Chinese Taipei FA Cup
Invitational tournaments,Taiwan Mulan Football League
Invitational tournaments,Vysshaya Liga
Invitational tournaments,Tajikistan First League
Invitational tournaments,Tajikistan Second League
Invitational tournaments,Tajikistan Cup
Invitational tournaments,Tajikistan Super Cup
Invitational tournaments,TFF Cup
Invitational tournaments,Thai League 1
Invitational tournaments,Thai League 2
Invitational tournaments,Thai League 3
Invitational tournaments,Thailand Semi-Pro League
Invitational tournaments,Thailand Amateur League
Invitational tournaments,Thai League 4
Invitational tournaments,Thai FA Cup
Invitational tournaments,Thai League Cup
Invitational tournaments,Thailand Champions Cup
Invitational tournaments,Thai League 1
Invitational tournaments,Thai FA Cup
Invitational tournaments,Thai League All-Star Football
Invitational tournaments,Provincial League
Invitational tournaments,Kor Royal Cup
Invitational tournaments,Khǒr Royal Cup
Invitational tournaments,Khor Royal Cup
Invitational tournaments,Ngor Royal Cup
Invitational tournaments,Liga Futebol Timor-Leste
Invitational tournaments,Liga Futebol Amadora Primeira Divisão
Invitational tournaments,Liga Futebol Amadora Segunda Divisão
Invitational tournaments,Liga Futebol Amadora Terceira Divisão
Invitational tournaments,Taça 12 de Novembro
Invitational tournaments,LFA Super Taça
Invitational tournaments,Ýokary Liga
Invitational tournaments,Birinji Liga
Invitational tournaments,Turkmenistan Cup
Invitational tournaments,Turkmenistan Super Cup
Invitational tournaments,UAE Pro League
Invitational tournaments,UAE First Division League
Invitational tournaments,UAE Second Division League
Invitational tournaments,UAE Third Division League
Invitational tournaments,UAE President's Cup
Invitational tournaments,UAE League Cup
Invitational tournaments,UAE FA cup
Invitational tournaments,UAE Super Cup
Invitational tournaments,Uzbekistan Super League
Invitational tournaments,Uzbekistan Pro League
Invitational tournaments,Uzbekistan Pro-B League
Invitational tournaments,Uzbekistan Second League
Invitational tournaments,Uzbekistan Cup
Invitational tournaments,Uzbekistan League Cup
Invitational tournaments,Uzbekistan Super Cup
Invitational tournaments,Uzbekistan PFL Cup
Invitational tournaments,V.League 1
Invitational tournaments,V.League 2
Invitational tournaments,Vietnamese League Two
Invitational tournaments,Vietnamese League Three
Invitational tournaments,Vietnamese Women's Football Championship
Invitational tournaments,Vietnamese National Football Cup
Invitational tournaments,Vietnamese Super Cup
Invitational tournaments,Yemeni League
Invitational tournaments,Yemeni Second Division
Invitational tournaments,Yemeni President Cup
Invitational tournaments,Yemeni Super Cup
Invitational tournaments,Confederation of African Football
Invitational tournaments,Africa Cup of Nations
Invitational tournaments,African Nations League
Invitational tournaments,U-23 Africa Cup of Nations
Invitational tournaments,U-20 Africa Cup of Nations
Invitational tournaments,U-17 Africa Cup of Nations
Invitational tournaments,Women's Africa Cup of Nations
Invitational tournaments,CAF Women's Olympic Qualifying Tournament
Invitational tournaments,African U-20 Women's World Cup qualification
Invitational tournaments,African U-17 Women's World Cup qualification
Invitational tournaments,African Games
Invitational tournaments,African Nations Championship
Invitational tournaments,Afro-Asian Cup of Nations
Invitational tournaments,CECAFA Cup
Invitational tournaments,COSAFA Cup
Invitational tournaments,COSAFA Women's Championship
Invitational tournaments,WAFU Nations Cup
Invitational tournaments,U-17 UNIFFAC Cup
Invitational tournaments,UNAF U-23 Tournament
Invitational tournaments,CEMAC Cup
Invitational tournaments,Amílcar Cabral Cup
Invitational tournaments,CAF Champions League
Invitational tournaments,CAF Confederation Cup
Invitational tournaments,CAF Super Cup
Invitational tournaments,CAF Women's Champions League
Invitational tournaments,CAF Cup
Invitational tournaments,African Football League
Invitational tournaments,African Cup Winners' Cup
Invitational tournaments,Afro-Asian Club Championship
Invitational tournaments,UNAF Nessma Cup
Invitational tournaments,West African Club Championship
Invitational tournaments,CECAFA Club Cup
Invitational tournaments,Algerian Ligue Professionnelle 1
Invitational tournaments,Algerian Ligue Professionnelle 2
Invitational tournaments,Ligue Nationale
Invitational tournaments,Ligue Inter-Régions
Invitational tournaments,Ligue Régional I
Invitational tournaments,II
Invitational tournaments,Algerian Cup
Invitational tournaments,Algerian Super Cup
Invitational tournaments,Algerian Championnat National
Invitational tournaments,Algerian Cup
Invitational tournaments,Algerian League Cup
Invitational tournaments,Algerian Women's Championship
Invitational tournaments,Algerian Women's Cup
Invitational tournaments,Girabola
Invitational tournaments,Segundona
Invitational tournaments,Angolan Provincial Football Stage
Invitational tournaments,Angolan SuperCup
Invitational tournaments,Girabola
Invitational tournaments,Angolan Cup
Invitational tournaments,Angolan Cup
Invitational tournaments,Angolan Women's Football League
Invitational tournaments,Campeonato Provincial de Futebol Feminino de Angola
Invitational tournaments,Benin Premier League
Invitational tournaments,Benin Second Division
Invitational tournaments,Benin Cup
Invitational tournaments,Benin Super Cup
Invitational tournaments,Botswana Premier League
Invitational tournaments,Botswana First Division North
Invitational tournaments,Botswana First Division South
Invitational tournaments,Botswana Division One
Invitational tournaments,FA Challenge Cup (Botswana)
Invitational tournaments,Botswana Independence Cup
Invitational tournaments,Orange Kabelano Charity Cup
Invitational tournaments,Mascom Top 8 Cup
Invitational tournaments,Burkinabé Premier League
Invitational tournaments,Coupe du Faso
Invitational tournaments,Burkinabé SuperCup
Invitational tournaments,Burundi Premier League
Invitational tournaments,Burundian Cup
Invitational tournaments,Burundi Super Cup
Invitational tournaments,Championnat du Cameroun de football
Invitational tournaments,Cameroon Deuxième Division
Invitational tournaments,Cameroon Cup
Invitational tournaments,Super Coupe Roger Milla
Invitational tournaments,Cape Verdean Football Championship
Invitational tournaments,Santiago South Premier Division
Invitational tournaments,Cape Verdean Cup
Invitational tournaments,Cape Verdean Super Cup
Invitational tournaments,Cape Verde Independence Cup
Invitational tournaments,Central African Republic League
Invitational tournaments,Central African Republic League D2
Invitational tournaments,Coupe Nationale
Invitational tournaments,Central African Republic Supercoupe
Invitational tournaments,Chad Premier League
Invitational tournaments,Chad Division 2
Invitational tournaments,Chad Cup
Invitational tournaments,Chad Super Cup
Invitational tournaments,Coupe de Ligue de N'Djaména
Invitational tournaments,Comoros Premier League
Invitational tournaments,Comoros Cup
Invitational tournaments,Comoros Super Cup
Invitational tournaments,Congo Premier League
Invitational tournaments,Coupe du Congo
Invitational tournaments,Super Coupe du Congo
Invitational tournaments,Linafoot
Invitational tournaments,Linafoot Ligue 2
Invitational tournaments,Coupe du Congo
Invitational tournaments,Super Coupe du Congo
Invitational tournaments,Djibouti Premier League
Invitational tournaments,Djibouti Cup
Invitational tournaments,Djibouti Super Cup
Invitational tournaments,Egyptian Premier League
Invitational tournaments,Egyptian Second Division A
Invitational tournaments,Egyptian Second Division B
Invitational tournaments,Egyptian Third Division
Invitational tournaments,Egypt Development League
Invitational tournaments,Egypt Cup
Invitational tournaments,Egyptian Super Cup
Invitational tournaments,Egyptian League Cup
Invitational tournaments,Egypt's Love Cup
Invitational tournaments,EFA League Cup
Invitational tournaments,Sultan Hussein Cup
Invitational tournaments,Equatoguinean Primera División
Invitational tournaments,Equatorial Guinea Segunda División
Invitational tournaments,Equatoguinean Cup
Invitational tournaments,Equatoguinean SuperCup
Invitational tournaments,Eritrean Premier League
Invitational tournaments,Eritrean Cup
Invitational tournaments,Premier League of Eswatini
Invitational tournaments,Swazi Cup
Invitational tournaments,Swazi Charity Cup
Invitational tournaments,Ethiopian Premier League
Invitational tournaments,Ethiopian Higher League
Invitational tournaments,Ethiopian First League
Invitational tournaments,Ethiopian Cup
Invitational tournaments,Addis Ababa City Cup
Invitational tournaments,Ethiopian Super Cup
Invitational tournaments,Gabon Championnat National D1
Invitational tournaments,Gabon Championnat National D2
Invitational tournaments,Coupe du Gabon Interclubs
Invitational tournaments,Supercoupe du Gabon
Invitational tournaments,GFA League First Division
Invitational tournaments,GFA League Second Division
Invitational tournaments,GFA League Third Division
Invitational tournaments,Gambian Cup
Invitational tournaments,Gambian Super Cup
Invitational tournaments,Ghana Premier League
Invitational tournaments,Ghana Football Leagues
Invitational tournaments,Ghanaian FA Cup
Invitational tournaments,Ghana Super Cup
Invitational tournaments,Guinée Championnat National
Invitational tournaments,Guinée Coupe Nationale
Invitational tournaments,Supercoupe de Guinée
Invitational tournaments,Campeonato Nacional da Guiné-Bissau
Invitational tournaments,Taça Nacional da Guiné Bissau
Invitational tournaments,SuperTaça Nacional da Guiné-Bissau
Invitational tournaments,Ligue 1
Invitational tournaments,Ligue 2
Invitational tournaments,Championnat Division 3
Invitational tournaments,Coupe de Côte d'Ivoire de football
Invitational tournaments,Coupe Houphouët-Boigny
Invitational tournaments,Kenyan Premier League
Invitational tournaments,Kenyan National Super League
Invitational tournaments,FKF Division One
Invitational tournaments,Kenyan Regional Leagues
Invitational tournaments,Kenyan County Champions League
Invitational tournaments,Kenyan Sub-County Leagues
Invitational tournaments,FKF President's Cup
Invitational tournaments,Kenyan Super Cup
Invitational tournaments,KPL Top 8 Cup
Invitational tournaments,Lesotho Premier League
Invitational tournaments,Lesotho A Division
Invitational tournaments,Lesotho Independence Cup
Invitational tournaments,MGC Supa 8
Invitational tournaments,Liberian First Division
Invitational tournaments,Liberian Second Division League
Invitational tournaments,LFA Sub-Committee League
Invitational tournaments,Liberian Cup
Invitational tournaments,Liberian National County Meet
Invitational tournaments,Liberian Super Cup
Invitational tournaments,Libyan Premier League
Invitational tournaments,Libyan Second Division
Invitational tournaments,Libyan Third Division
Invitational tournaments,Libyan Fourth Division
Invitational tournaments,Libyan Cup
Invitational tournaments,Libyan League Cup
Invitational tournaments,Libyan Super Cup
Invitational tournaments,Malagasy Pro League
Invitational tournaments,Coupe de Madagascar
Invitational tournaments,Super Coupe de Madagascar
Invitational tournaments,Malawi Premier Division
Invitational tournaments,SRF League
Invitational tournaments,FMB Under 20 Youth League
Invitational tournaments,Malawi Carlsberg Cup
Invitational tournaments,FISD Challenge Cup
Invitational tournaments,Malawi Presidential Cup
Invitational tournaments,Malawi Charity Shield
Invitational tournaments,Malian Première Division
Invitational tournaments,Malian Division 1
Invitational tournaments,Malian Cup
Invitational tournaments,Super Coupe National du Mali
Invitational tournaments,Ligue 1 Mauritania
Invitational tournaments,Ligue 2 Mauritania
Invitational tournaments,Coupe du Président de la République
Invitational tournaments,Mauritanian Super Cup
Invitational tournaments,Mauritian League
Invitational tournaments,Mauritian First Division
Invitational tournaments,Mauritian Cup
Invitational tournaments,Mauritian Republic Cup
Invitational tournaments,Millenium Cup
Invitational tournaments,Ram Ruhee Memorial Cup
Invitational tournaments,MFA Super Cup
Invitational tournaments,Botola Pro
Invitational tournaments,Botola Pro 2
Invitational tournaments,Amateur National Championship
Invitational tournaments,Moroccan Throne Cup
Invitational tournaments,Moroccan Super Cup
Invitational tournaments,Botola
Invitational tournaments,Moroccan Throne Cup
Invitational tournaments,Moçambola
Invitational tournaments,Taça de Moçambique
Invitational tournaments,Supertaça de Moçambique
Invitational tournaments,Namibia Premier League
Invitational tournaments,Namibia First Division
Invitational tournaments,Namibia Women's Super League
Invitational tournaments,Namibia FA Cup
Invitational tournaments,Namibian Newspaper Cup
Invitational tournaments,Namibia Super Cup
Invitational tournaments,Niger Premier League
Invitational tournaments,Niger Cup
Invitational tournaments,Niger Super Cup
Invitational tournaments,Nigeria Premier Football League
Invitational tournaments,Nigeria National League
Invitational tournaments,Nigeria Nationwide League One
Invitational tournaments,Nigeria Nationwide League Division Two
Invitational tournaments,Nigeria Nationwide League Division Three
Invitational tournaments,Non-League
Invitational tournaments,Nigerian FA Cup
Invitational tournaments,Nigerian Super Cup
Invitational tournaments,Super 4 (Nigeria)
Invitational tournaments,Réunion Premier League
Invitational tournaments,Coupe de la Réunion
Invitational tournaments,Coupe de France
Invitational tournaments,Rwanda Premier League
Invitational tournaments,Rwandan Second Division
Invitational tournaments,Rwandan Third Division
Invitational tournaments,Rwanda Women's Football League
Invitational tournaments,Rwandan Cup
Invitational tournaments,Rwandan Super Cup
Invitational tournaments,São Tomé and Príncipe Championship
Invitational tournaments,São Tomé Island League
Invitational tournaments,Príncipe Island League
Invitational tournaments,Taça Nacional de São Tomé e Principe
Invitational tournaments,São Tomé Island Cup
Invitational tournaments,Príncipe Island Cup
Invitational tournaments,São Tomé and Príncipe Super Cup
Invitational tournaments,Senegal Premier League
Invitational tournaments,Senegal Ligue 1
Invitational tournaments,Senegal Ligue 2
Invitational tournaments,Senegal Nationale 1
Invitational tournaments,Senegal Nationale 2
Invitational tournaments,Senegal FA Cup
Invitational tournaments,Senegalese Super Cup
Invitational tournaments,Senegalese League Cup
Invitational tournaments,Seychelles First Division
Invitational tournaments,Seychelles Division Two
Invitational tournaments,Seychelles Division Three
Invitational tournaments,Airtel Cup
Invitational tournaments,Seychelles FA Cup
Invitational tournaments,Sierra Leone National Premier League
Invitational tournaments,Sierra Leone FA Division One
Invitational tournaments,Sierra Leone FA Division Two
Invitational tournaments,Sierra Leonean FA Cup
Invitational tournaments,Sierra Leonean Charity Shield
Invitational tournaments,Somali First Division
Invitational tournaments,Somali Second Division
Invitational tournaments,Somali Third Division
Invitational tournaments,Somalia Fourth League
Invitational tournaments,Somalia Cup
Invitational tournaments,Somalia Super Cup
Invitational tournaments,Premier Soccer League
Invitational tournaments,South African Premiership
Invitational tournaments,South African Championship
Invitational tournaments,SAFA Second Division
Invitational tournaments,SAFA Regional League
Invitational tournaments,LFA Super League
Invitational tournaments,PSL Reserve League
Invitational tournaments,Knockout Cup
Invitational tournaments,Nedbank Cup
Invitational tournaments,MTN 8
Invitational tournaments,South Sudan Football Championship
Invitational tournaments,South Sudan Premier League
Invitational tournaments,South Sudan National Cup
Invitational tournaments,Sudan Premier League
Invitational tournaments,Khartoum League
Invitational tournaments,Sudan Cup
Invitational tournaments,Sudan Super Cup
Invitational tournaments,Tanzanian Premier League
Invitational tournaments,Tanzanian First Division League
Invitational tournaments,Tanzanian Second Division League
Invitational tournaments,Tanzania FA Cup
Invitational tournaments,Tanzania Community Shield
Invitational tournaments,Championnat National de Premiere Division
Invitational tournaments,Coupe du Togo
Invitational tournaments,Supercoupe du Togo
Invitational tournaments,Tunisian Ligue Professionnelle 1
Invitational tournaments,Tunisian Ligue Professionnelle 2
Invitational tournaments,Tunisian Ligue 3
Invitational tournaments,Tunisian Ligue Amateur 4
Invitational tournaments,Tunisian Ligue Amateur 5
Invitational tournaments,Tunisian Cup
Invitational tournaments,Tunisian Super Cup
Invitational tournaments,Uganda Premier League
Invitational tournaments,FUFA Big League
Invitational tournaments,FUFA Women Super League
Invitational tournaments,FUFA Women Elite League
Invitational tournaments,Ugandan Cup
Invitational tournaments,Uganda Super 8 Cup
Invitational tournaments,Zambia Super League
Invitational tournaments,Zambia National Division One
Invitational tournaments,Zambian Cup
Invitational tournaments,Zambian Independence Cup
Invitational tournaments,Northern Rhodesia Castle Cup
Invitational tournaments,ABSA Cup
Invitational tournaments,Zambian Challenge Cup
Invitational tournaments,Zambian Coca-Cola Cup
Invitational tournaments,Zambian Charity Shield
Invitational tournaments,Zanzibar Premier League
Invitational tournaments,Zanzibar Cup
Invitational tournaments,Zanzibari Charity Shield
Invitational tournaments,Zimbabwe Premier Soccer League
Invitational tournaments,Zimbabwe Division 1
Invitational tournaments,Zimbabwe Third Division
Invitational tournaments,Zimbabwean Independence Trophy
Invitational tournaments,Cup of Zimbabwe
Invitational tournaments,BancABC Super8 Cup
Invitational tournaments,NetOne Charity Shield
Invitational tournaments,Bob 91 Super Cup
Invitational tournaments,Uhuru Cup
Invitational tournaments,Zimbabwe National Army Charity Shield
Invitational tournaments,CONCACAF
Invitational tournaments,CONCACAF Gold Cup
Invitational tournaments,CONCACAF Nations League
Invitational tournaments,CONCACAF Men's Olympic Qualifying
Invitational tournaments,CONCACAF Under-20 Championship
Invitational tournaments,Pan American Games
Invitational tournaments,CONCACAF Under-17 Championship
Invitational tournaments,CONCACAF Boys' Under-15 Championship
Invitational tournaments,CONCACAF W Championship
Invitational tournaments,CONCACAF W Gold Cup
Invitational tournaments,CONCACAF Women's Olympic Qualifying
Invitational tournaments,CONCACAF Women's Under-20 Championship
Invitational tournaments,CONCACAF Women's Under-17 Championship
Invitational tournaments,CONCACAF Girls' Under-15 Championship
Invitational tournaments,CONCACAF Championship
Invitational tournaments,CONCACAF Cup
Invitational tournaments,ABCS Tournament
Invitational tournaments,CFU
Invitational tournaments,North American Nations Cup
Invitational tournaments,Copa Centroamericana
Invitational tournaments,Caribbean Cup
Invitational tournaments,CONCACAF Champions Cup
Invitational tournaments,CONCACAF Under-13 Champions League
Invitational tournaments,CONCACAF League
Invitational tournaments,CONCACAF Cup Winners Cup
Invitational tournaments,CONCACAF Giants Cup
Invitational tournaments,SuperLiga
Invitational tournaments,Copa Interamericana
Invitational tournaments,UNCAF Interclub Cup
Invitational tournaments,Leagues Cup
Invitational tournaments,Campeones Cup
Invitational tournaments,CONCACAF Central American Cup
Invitational tournaments,UNCAF
Invitational tournaments,CONCACAF Caribbean Cup
Invitational tournaments,CFU
Invitational tournaments,CFU Club Shield
Invitational tournaments,UNCAF Interclub Cup
Invitational tournaments,UNCAF
Invitational tournaments,CONCACAF Caribbean Club Championship
Invitational tournaments,CFU
Invitational tournaments,AFA Senior Male League
Invitational tournaments,AFA Senior Female League
Invitational tournaments,AFA Knockout Cup
Invitational tournaments,Antigua and Barbuda Premier Division
Invitational tournaments,Antigua and Barbuda First Division
Invitational tournaments,Antigua and Barbuda FA Cup
Invitational tournaments,Aruban Division di Honor
Invitational tournaments,Aruban Division Uno
Invitational tournaments,Aruban Division Dos
Invitational tournaments,Aruban Liga Hubenil
Invitational tournaments,Torneo Copa Betico Croes
Invitational tournaments,BFA Senior League
Invitational tournaments,Grand Bahama Football League
Invitational tournaments,New Providence Football League
Invitational tournaments,Bahamas President's Cup
Invitational tournaments,Grand Bahama FA Cup
Invitational tournaments,New Providence FA Cup
Invitational tournaments,Barbados Premier League
Invitational tournaments,Barbados Division One
Invitational tournaments,Barbados Division Two
Invitational tournaments,Barbados FA Cup
Invitational tournaments,Premier League of Belize
Invitational tournaments,Belize Premier Football League
Invitational tournaments,Super League of Belize
Invitational tournaments,Bermudian Premier Division
Invitational tournaments,Bermuda First Division
Invitational tournaments,Bermuda FA Cup
Invitational tournaments,Bonaire League
Invitational tournaments,Kopa MCB
Invitational tournaments,BVIFA National Football League
Invitational tournaments,Tortola League
Invitational tournaments,Virgin Gorda League
Invitational tournaments,Terry Evans Knockout Cup
Invitational tournaments,Wendol Williams Cup
Invitational tournaments,Canadian Premier League
Invitational tournaments,Canadian Premier League Finals
Invitational tournaments,CPL champion
Invitational tournaments,CONCACAF Champions League
Invitational tournaments,Major League Soccer
Invitational tournaments,Vancouver Whitecaps
Invitational tournaments,Toronto FC
Invitational tournaments,CF Montréal
Invitational tournaments,League1 Ontario
Invitational tournaments,Canadian Championship
Invitational tournaments,Premiere Ligue de soccer du Quebec
Invitational tournaments,League1 British Columbia
Invitational tournaments,Canadian Championship
Invitational tournaments,CONCACAF Champions League
Invitational tournaments,Challenge Trophy
Invitational tournaments,Cayman Islands Premier League
Invitational tournaments,Cayman Islands First Division
Invitational tournaments,Cayman Islands FA Cup
Invitational tournaments,Cayman Islands Digicel Cup
Invitational tournaments,Liga FPD
Invitational tournaments,Liga de Ascenso
Invitational tournaments,Linafa
Invitational tournaments,Costa Rican women's football championship
Invitational tournaments,Costa Rican Cup
Invitational tournaments,Supercopa de Costa Rica
Invitational tournaments,Campeonato Nacional de Fútbol de Cuba
Invitational tournaments,Torneo de Ascenso
Invitational tournaments,Curaçao Promé Divishon
Invitational tournaments,Sekshon Amatùr
Invitational tournaments,Dominica Premiere League
Invitational tournaments,Dominica First Division
Invitational tournaments,CFU Club Championship
Invitational tournaments,Liga Dominicana de Fútbol
Invitational tournaments,Primera División de Republica Dominicana
Invitational tournaments,Copa Dominicana de Fútbol
Invitational tournaments,Salvadoran Primera División
Invitational tournaments,Segunda División de Fútbol Salvadoreño
Invitational tournaments,Tercera Division de Fútbol Salvadoreño
Invitational tournaments,Salvadoran women's football championship
Invitational tournaments,Copa Presidente
Invitational tournaments,French Guiana Honor Division
Invitational tournaments,French Guiana Promotion of Honor
Invitational tournaments,Coupe de Guyane
Invitational tournaments,Liga Guate
Invitational tournaments,Primera División de Ascenso
Invitational tournaments,Segunda División de Ascenso
Invitational tournaments,Tercera División de Guatemala
Invitational tournaments,Copa de Guatemala
Invitational tournaments,Liga Guate
Invitational tournaments,Primera División de Ascenso
Invitational tournaments,National Women's Football League of Guatemala
Invitational tournaments,GFA Premier Division
Invitational tournaments,GFA First Division
Invitational tournaments,GFA Second Division
Invitational tournaments,GFA Super Knockout Cup
Invitational tournaments,Guadeloupe Division of Honor
Invitational tournaments,Guadalupe Honorary Promotion Championship
Invitational tournaments,Coupe de Guadeloupe
Invitational tournaments,Coupe de France
Invitational tournaments,GFF National Super League
Invitational tournaments,Guyana Mayors Cup
Invitational tournaments,GFF Super 8 Cup
Invitational tournaments,Georgetown Regional Cup
Invitational tournaments,Ligue Haitienne
Invitational tournaments,Coupe d'Haïti
Invitational tournaments,Liga Nacional de Fútbol Profesional de Honduras
Invitational tournaments,Liga Nacional de Ascenso de Honduras
Invitational tournaments,Liga Mayor de Futbol de Honduras
Invitational tournaments,Honduran Cup
Invitational tournaments,Honduran Supercup
Invitational tournaments,Jamaica National Premier League
Invitational tournaments,KSAFA Super League
Invitational tournaments,South Central Confederation Super League
Invitational tournaments,Eastern Confederation Super League
Invitational tournaments,Western Confederation Super League
Invitational tournaments,JFF Champions Cup
Invitational tournaments,Martinique Championnat National
Invitational tournaments,Martinique Promotion d'Honneur
Invitational tournaments,Coupe de la Martinique
Invitational tournaments,Coupe de France
Invitational tournaments,Liga MX
Invitational tournaments,Liga de Expansión MX
Invitational tournaments,Liga MX
Invitational tournaments,Liga Premier de México
Invitational tournaments,Serie A de México
Invitational tournaments,Liga de Expansión MX
Invitational tournaments,Serie B de México
Invitational tournaments,Serie A de México
Invitational tournaments,Liga TDP
Invitational tournaments,Ascenso MX
Invitational tournaments,Copa MX
Invitational tournaments,Liga MX
Invitational tournaments,Liga de Expansión MX
Invitational tournaments,Campeón de Campeones
Invitational tournaments,Liga MX
Invitational tournaments,Supercopa MX
Invitational tournaments,Copa MX
Invitational tournaments,Liga MX Femenil
Invitational tournaments,Super Liga Femenil de Fútbol
Invitational tournaments,Montserrat Championship
Invitational tournaments,Nicaraguan Primera División
Invitational tournaments,Segunda División de Nicaragua
Invitational tournaments,Tercera Division de Nicaragua
Invitational tournaments,Nicaraguan women's football championship
Invitational tournaments,Copa de Nicaragua
Invitational tournaments,Liga Panameña de Fútbol
Invitational tournaments,Liga Nacional de Ascenso
Invitational tournaments,Copa Rommel Fernández
Invitational tournaments,Copa Panamá
Invitational tournaments,Liga Puerto Rico
Invitational tournaments,Puerto Rico Soccer League
Invitational tournaments,Liga Mayor de Fútbol Nacional
Invitational tournaments,Campeonato Nacional de Fútbol de Puerto Rico
Invitational tournaments,Liga Nacional de Fútbol de Puerto Rico
Invitational tournaments,Torneo de Copa de Puerto Rico
Invitational tournaments,Copa Luis Villarejo
Invitational tournaments,Puerto Rico Soccer League Regular Season Cup
Invitational tournaments,Puerto Rico Soccer League PlayOff Cup
Invitational tournaments,Puerto Rico Cup of Excellence
Invitational tournaments,SKNFA Super League
Invitational tournaments,SKNFA Division 1
Invitational tournaments,Saint Kitts and Nevis National Cup
Invitational tournaments,SLFA First Division
Invitational tournaments,SLFA Second Division
Invitational tournaments,Saint Lucia FA Cup
Invitational tournaments,SLFA President's Cup
Invitational tournaments,Saint-Martin Senior League
Invitational tournaments,Coupe des Îles du Nord
Invitational tournaments,Coupe de Saint-Martin
Invitational tournaments,Saint Vincent and the Grenadines Football Federation
Invitational tournaments,Sint Maarten Senior League
Invitational tournaments,Suriname Major League
Invitational tournaments,SVB Tweede Divisie
Invitational tournaments,SVB Derde Divisie
Invitational tournaments,Beker van Suriname
Invitational tournaments,Suriname President's Cup
Invitational tournaments,Provo Premier League
Invitational tournaments,Turks and Caicos FA Cup
Invitational tournaments,TT Premier Football League
Invitational tournaments,TT Super League
Invitational tournaments,Tobago Premier Division
Invitational tournaments,Trinidad and Tobago FA Trophy
Invitational tournaments,Trinidad and Tobago Charity Shield
Invitational tournaments,Trinidad and Tobago League Cup
Invitational tournaments,Trinidad and Tobago Classic
Invitational tournaments,Trinidad and Tobago Goal Shield
Invitational tournaments,Trinidad and Tobago Pro Bowl
Invitational tournaments,Trinidad and Tobago Super League Cup
Invitational tournaments,U.S. Virgin Islands Championship
Invitational tournaments,St Croix Soccer League
Invitational tournaments,St Thomas League
Invitational tournaments,Major League Soccer
Invitational tournaments,MLS Cup Playoffs
Invitational tournaments,MLS Cup
Invitational tournaments,Canada
Invitational tournaments,USL Championship
Invitational tournaments,United Soccer League
Invitational tournaments,USL Championship Final
Invitational tournaments,MLS Next Pro
Invitational tournaments,National Independent Soccer Association
Invitational tournaments,USL League One
Invitational tournaments,United Soccer League
Invitational tournaments,National Premier Soccer League
Invitational tournaments,NISA Nation
Invitational tournaments,USL League Two
Invitational tournaments,United Soccer League
Invitational tournaments,Canada
Invitational tournaments,United Premier Soccer League
Invitational tournaments,USASA
Invitational tournaments,Regional Elite Amateur and State Premier Leagues
Invitational tournaments,State Leagues
Invitational tournaments,United Premier Soccer League
Invitational tournaments,U.S. Open Cup
Invitational tournaments,MLS All-Star Game
Invitational tournaments,George F. Donnelly Cup
Invitational tournaments,Hank Steinbrecher Cup
Invitational tournaments,National Amateur Cup
Invitational tournaments,MLS Next
Invitational tournaments,United States Club Soccer
Invitational tournaments,Super-20 League
Invitational tournaments,United Soccer League
Invitational tournaments,Super Y-League
Invitational tournaments,United Soccer League
Invitational tournaments,National Women's Soccer League
Invitational tournaments,United Women's Soccer
Invitational tournaments,one team
Invitational tournaments,Canada
Invitational tournaments,Women's Premier Soccer League
Invitational tournaments,Canada
Invitational tournaments,Puerto Rico
Invitational tournaments,United States Adult Soccer Association
Invitational tournaments,NWSL Challenge Cup
Invitational tournaments,USASA National Women's Cup
Invitational tournaments,USASA National Women's Amateur
Invitational tournaments,US Soccer National Amateur Championships
Invitational tournaments,United Soccer Association
Invitational tournaments,National Professional Soccer League
Invitational tournaments,North American Soccer League (former)
Invitational tournaments,American Soccer League (1933–83)
Invitational tournaments,United Soccer League (former)
Invitational tournaments,Western Soccer Alliance
Invitational tournaments,American Soccer League (1988–89)
Invitational tournaments,American Professional Soccer League
Invitational tournaments,A-League
Invitational tournaments,United Soccer Leagues
Invitational tournaments,USL First Division
Invitational tournaments,United Soccer Leagues
Invitational tournaments,USSF Division 2 Professional League
Invitational tournaments,USL Second Division
Invitational tournaments,United Soccer Leagues
Invitational tournaments,Women's United Soccer Association
Invitational tournaments,Women's Professional Soccer
Invitational tournaments,Women's Premier Soccer League Elite
Invitational tournaments,USL W-League
Invitational tournaments,United Soccer Leagues
Invitational tournaments,Major Arena Soccer League
Invitational tournaments,Canada
Invitational tournaments,Mexico
Invitational tournaments,Major Arena Soccer League 2
Invitational tournaments,Premier Arena Soccer League
Invitational tournaments,Mexico
Invitational tournaments,United States Open Cup for Arena Soccer
Invitational tournaments,North American Soccer League (1968–1984)
Invitational tournaments,Major Indoor Soccer League (1978–92)
Invitational tournaments,Continental Indoor Soccer League
Invitational tournaments,National Professional Soccer League (1984–2001)
Invitational tournaments,Major Indoor Soccer League (2001–08)
Invitational tournaments,Major Indoor Soccer League (2008–14)
Invitational tournaments,American Indoor Soccer League
Invitational tournaments,Xtreme Soccer League
Invitational tournaments,CONMEBOL
Invitational tournaments,CONMEBOL
Invitational tournaments,CONMEBOL Copa América
Invitational tournaments,CONMEBOL Preolímpico
Invitational tournaments,CONMEBOL Sudamericano Sub20
Invitational tournaments,CONMEBOL Sudamericano Sub17
Invitational tournaments,CONMEBOL Sudamericano Sub15
Invitational tournaments,CONMEBOL Copa América Femenina
Invitational tournaments,CONMEBOL Sudamericano Sub20 Femenino
Invitational tournaments,CONMEBOL Sudamericano Sub17 Femenino
Invitational tournaments,Pan American Games
Invitational tournaments,Copa del Pacífico
Invitational tournaments,Panamerican Championship
Invitational tournaments,Superclásico de las Américas
Invitational tournaments,CONMEBOL Libertadores
Invitational tournaments,CONMEBOL Sudamericana
Invitational tournaments,CONMEBOL Recopa
Invitational tournaments,CONMEBOL Libertadores Femenina
Invitational tournaments,Supercopa Libertadores
Invitational tournaments,Copa Conmebol
Invitational tournaments,Copa Mercosur
Invitational tournaments,Copa Merconorte
Invitational tournaments,Copa Simón Bolívar
Invitational tournaments,Copa Ganadores de Copa
Invitational tournaments,Copa Interamericana
Invitational tournaments,Copa de Oro
Invitational tournaments,Copa Master de CONMEBOL
Invitational tournaments,Copa Master de Supercopa
Invitational tournaments,Copa Iberoamericana
Invitational tournaments,Intercontinental Champions' Supercup
Invitational tournaments,South American Championship of Champions
Invitational tournaments,J.League Cup / Copa Sudamericana Championship
Invitational tournaments,Intercontinental Cup
Invitational tournaments,Liga Profesional de Fútbol
Invitational tournaments,Primera Nacional
Invitational tournaments,Copa Argentina
Invitational tournaments,Trofeo de Campeones de la Liga Profesional
Invitational tournaments,Supercopa Argentina
Invitational tournaments,Supercopa Internacional
Invitational tournaments,Campeonato de Fútbol Femenino de Primera División A
Invitational tournaments,Campeonato de Fútbol Femenino de Primera División B
Invitational tournaments,Campeonato de Fútbol Femenino de Primera División C
Invitational tournaments,es
Invitational tournaments,Primera B
Invitational tournaments,Primera C
Invitational tournaments,Torneo Promocional Amateur
Invitational tournaments,Torneo Federal A
Invitational tournaments,Torneo Regional Federal
Invitational tournaments,Torneo Federal A
Invitational tournaments,Regional Leagues
Invitational tournaments,División de Fútbol Profesional
Invitational tournaments,Copa Simón Bolívar
Invitational tournaments,Bolivian Football Regional Leagues
Invitational tournaments,Liga Nacional B
Invitational tournaments,Copa Bolivia
Invitational tournaments,Campeonato Brasileiro Série A
Invitational tournaments,Campeonato Brasileiro Série B
Invitational tournaments,Campeonato Brasileiro Série C
Invitational tournaments,Campeonato Brasileiro Série D
Invitational tournaments,Copa do Brasil
Invitational tournaments,Copa Verde
Invitational tournaments,Copa do Nordeste
Invitational tournaments,Supercopa do Brasil
Invitational tournaments,Copa Verde
Invitational tournaments,Copa do Nordeste
Invitational tournaments,Copa Paulista
Invitational tournaments,Copa Centro-Oeste
Invitational tournaments,Copa Norte
Invitational tournaments,Campeonato Brasileiro Sub-23
Invitational tournaments,Campeonato Brasileiro Sub-20
Invitational tournaments,Copa do Brasil Sub-20
Invitational tournaments,Supercopa do Brasil Sub-20
Invitational tournaments,Campeonato Brasileiro Sub-17
Invitational tournaments,Copa do Brasil Sub-17
Invitational tournaments,Supercopa do Brasil Sub-17
Invitational tournaments,Campeonato Brasileiro de Futebol Feminino Série A1
Invitational tournaments,Campeonato Brasileiro de Futebol Feminino Série A2
Invitational tournaments,Campeonato Brasileiro de Futebol Feminino Série A3
Invitational tournaments,Copa do Brasil de Futebol Feminino
Invitational tournaments,Copa Sul-Minas
Invitational tournaments,Torneio Rio-São Paulo
Invitational tournaments,Primeira Liga
Invitational tournaments,Copa dos Campeões
Invitational tournaments,Brazilian states football championships
Invitational tournaments,Campeonato Acreano
Invitational tournaments,Campeonato Amazonense
Invitational tournaments,Campeonato Roraimense
Invitational tournaments,Campeonato Paraense
Invitational tournaments,Campeonato Rondoniense
Invitational tournaments,Campeonato Tocantinense
Invitational tournaments,Campeonato Amapaense
Invitational tournaments,Campeonato Baiano
Invitational tournaments,Campeonato Pernambucano
Invitational tournaments,Campeonato Alagoano
Invitational tournaments,Campeonato Sergipano
Invitational tournaments,Campeonato Potiguar
Invitational tournaments,Campeonato Maranhense
Invitational tournaments,Campeonato Piauiense
Invitational tournaments,Campeonato Cearense
Invitational tournaments,Campeonato Paraibano
Invitational tournaments,Campeonato Matogrossense
Invitational tournaments,Campeonato Sul-Matogrossense
Invitational tournaments,Campeonato Goiano
Invitational tournaments,Campeonato Brasiliense
Invitational tournaments,Campeonato Paulista
Invitational tournaments,Campeonato Carioca
Invitational tournaments,Campeonato Mineiro
Invitational tournaments,Campeonato Capixaba
Invitational tournaments,Campeonato Gaúcho
Invitational tournaments,Campeonato Catarinense
Invitational tournaments,Campeonato Paranaense
Invitational tournaments,Primera División
Invitational tournaments,Primera División B
Invitational tournaments,Segunda División Profesional
Invitational tournaments,Tercera División A
Invitational tournaments,Tercera División B
Invitational tournaments,Copa Chile
Invitational tournaments,Supercopa de Chile
Invitational tournaments,Primera División Femenina
Invitational tournaments,Primera División B Femenina
Invitational tournaments,Primera A
Invitational tournaments,Primera B
Invitational tournaments,Copa Colombia
Invitational tournaments,Superliga Colombiana
Invitational tournaments,Serie A
Invitational tournaments,Serie B
Invitational tournaments,Segunda Categoría
Invitational tournaments,Copa Ecuador
Invitational tournaments,Supercopa Ecuador
Invitational tournaments,Primera División
Invitational tournaments,Segunda División
Invitational tournaments,Tercera División
Invitational tournaments,Primera División B Metropolitana
Invitational tournaments,Paraguayan Primera División B Nacional
Invitational tournaments,Campeonato Nacional de Interligas
Invitational tournaments,Cuarta División
Invitational tournaments,Primera División C
Invitational tournaments,Paraguay's regional leagues
Invitational tournaments,Copa Paraguay
Invitational tournaments,Supercopa Paraguay
Invitational tournaments,Liga 1
Invitational tournaments,Liga 2
Invitational tournaments,Liga 3
Invitational tournaments,Copa Perú
Invitational tournaments,Ligas Departamentales del Perú
Invitational tournaments,Ligas Provinciales del Peru
Invitational tournaments,Ligas Distritales del Peru
Invitational tournaments,Copa LFP - FPF
Invitational tournaments,Copa Bicentenario
Invitational tournaments,Torneo del Inca
Invitational tournaments,Supercopa Peruana
Invitational tournaments,Copa Federación
Invitational tournaments,Copa de Campeones del Perú
Invitational tournaments,Primera División
Invitational tournaments,Segunda División
Invitational tournaments,Primera División Amateur
Invitational tournaments,Uruguayan Liga Metropolitana Amateur
Invitational tournaments,Supercopa Uruguaya
Invitational tournaments,Copa Uruguay
Invitational tournaments,Torneo Intermedio(Uruguay)
Invitational tournaments,es
Invitational tournaments,Primera División
Invitational tournaments,Segunda División
Invitational tournaments,Tercera Division
Invitational tournaments,Copa Venezuela
Invitational tournaments,OFC
Invitational tournaments,OFC
Invitational tournaments,Tahiti
Invitational tournaments,OFC Men's Nations Cup
Invitational tournaments,Pacific Games
Invitational tournaments,OFC Men's Olympic Qualifier
Invitational tournaments,OFC U-19 Championship
Invitational tournaments,OFC U-16 Championship
Invitational tournaments,OFC Women's Nations Cup
Invitational tournaments,OFC U-19 Women's Championship
Invitational tournaments,OFC U-16 Women's Championship
Invitational tournaments,MSG Prime Minister's Cup
Invitational tournaments,Wantok Cup
Invitational tournaments,Polynesia Cup
Invitational tournaments,OFC Men's Champions League
Invitational tournaments,OFC Pro League
Invitational tournaments,OFC Women's Champions League
Invitational tournaments,Oceania Cup Winners' Cup
Invitational tournaments,OFC President's Cup
Invitational tournaments,Melanesian Super Cup
Invitational tournaments,ASFA Soccer League
Invitational tournaments,1
Invitational tournaments,2
Invitational tournaments,FFAS President's Cup
Invitational tournaments,Cook Islands Round Cup
Invitational tournaments,Cook Islands Cup
Invitational tournaments,Fiji Premier League
Invitational tournaments,Fiji Senior League
Invitational tournaments,Inter-District Championship
Invitational tournaments,Club Franchise League
Invitational tournaments,FF Cup
Invitational tournaments,Fiji Battle of the Giants
Invitational tournaments,Fiji Champion versus Champion
Invitational tournaments,Girmit Soccer Tournament
Invitational tournaments,Kiribati National Championship
Invitational tournaments,New Caledonia Super Ligue
Invitational tournaments,New Caledonia Second Level
Invitational tournaments,Coupe de Calédonie
Invitational tournaments,National League
Invitational tournaments,Northern League
Invitational tournaments,National League
Invitational tournaments,Central League
Invitational tournaments,National League
Invitational tournaments,Southern League
Invitational tournaments,National League
Invitational tournaments,Chatham Cup
Invitational tournaments,Charity Cup
Invitational tournaments,New Zealand National League
Invitational tournaments,Chatham Cup
Invitational tournaments,Women's National League
Invitational tournaments,Kate Sheppard Cup
Invitational tournaments,NRFL Championship
Invitational tournaments,NRFL Conference
Invitational tournaments,NRF League One
Invitational tournaments,Central League 2
Invitational tournaments,Central Federation League
Invitational tournaments,Capital Premier
Invitational tournaments,Central Federation Cup
Invitational tournaments,Central Football
Invitational tournaments,Canterbury Premiership League
Invitational tournaments,Nelson Bays Premiership League
Invitational tournaments,Southern Premiership League
Invitational tournaments,Canterbury Championship League
Invitational tournaments,South Canterbury Division 1
Invitational tournaments,Fletcher Cup
Invitational tournaments,Donald Gray Memorial Cup
Invitational tournaments,English Cup
Invitational tournaments,Mainland Football
Invitational tournaments,Reta Fitzpatrick Cup
Invitational tournaments,Mainland Football
Invitational tournaments,Papua New Guinea National Soccer League
Invitational tournaments,Papua New Guinea National Club Championship
Invitational tournaments,Papua New Guinea FA Cup
Invitational tournaments,Samoa National League
Invitational tournaments,Samoa Cup
Invitational tournaments,Solomon Islands S-League
Invitational tournaments,Honiara FA League
Invitational tournaments,The Solomon Islands Knockout Championship
Invitational tournaments,Solomon Islands National Club Championship (2000–10)
Invitational tournaments,Interprovincial Tournament 1977–1985
Invitational tournaments,Solomon Cup
Invitational tournaments,Malaita Cup
Invitational tournaments,Tahitian Ligue 1
Invitational tournaments,Tahitian Ligue 2
Invitational tournaments,Tahiti Cup
Invitational tournaments,Tahiti Coupe des Champions
Invitational tournaments,Tonga Major League
Invitational tournaments,Tonga Division II
Invitational tournaments,Tonga Cup
Invitational tournaments,Tuvalu A-Division
Invitational tournaments,Tuvalu B-Division
Invitational tournaments,Tuvalu A-Division League (women's)
Invitational tournaments,Taganoa Cup
Invitational tournaments,Independence Cup
Invitational tournaments,Christmas Cup
Invitational tournaments,Tuvalu Games
Invitational tournaments,Port Vila Football League
Invitational tournaments,VFF National Super League
Invitational tournaments,Port Vila Shield
Invitational tournaments,Port Vila FA Cup
Invitational tournaments,UEFA
Invitational tournaments,UEFA
Invitational tournaments,UEFA European Championship
Invitational tournaments,UEFA Nations League
Invitational tournaments,UEFA Euro
Invitational tournaments,European Qualifiers
Invitational tournaments,FIFA World Cup
Invitational tournaments,UEFA Nations League Finals
Invitational tournaments,Baltic Cup
Invitational tournaments,Estonian
Invitational tournaments,Latvian
Invitational tournaments,Lithuanian
Invitational tournaments,UEFA Under-21 Championship
Invitational tournaments,Men's Olympic Football Tournament
Invitational tournaments,UEFA Under-19 Championship
Invitational tournaments,UEFA Under-17 Championship
Invitational tournaments,UEFA Women's Championship
Invitational tournaments,UEFA Women's Nations League
Invitational tournaments,UEFA Women's Championship
Invitational tournaments,FIFA Women's World Cup
Invitational tournaments,Women's Olympic Football Tournament
Invitational tournaments,Baltic Women's Cup
Invitational tournaments,Estonian
Invitational tournaments,Latvian
Invitational tournaments,Lithuanian
Invitational tournaments,UEFA Women's Under-19 Championship
Invitational tournaments,UEFA Women's Under-17 Championship
Invitational tournaments,UEFA Futsal Championship
Invitational tournaments,UEFA Amateur Cup
Invitational tournaments,4 Associations' Tournament
Invitational tournaments,2011
Invitational tournaments,Northern Ireland
Invitational tournaments,Republic of Ireland
Invitational tournaments,Scotland
Invitational tournaments,Wales
Invitational tournaments,Balkan Cup
Invitational tournaments,Balkan
Invitational tournaments,British Home Championship
Invitational tournaments,United Kingdom
Invitational tournaments,Central European International Cup
Invitational tournaments,Nordic Football Championship
Invitational tournaments,Scandinavia
Invitational tournaments,UEFA Super Cup
Invitational tournaments,UEFA Champions League
Invitational tournaments,UEFA Europa League
Invitational tournaments,UEFA Champions League
Invitational tournaments,UEFA Europa League
Invitational tournaments,UEFA Conference League
Invitational tournaments,UEFA Regions' Cup
Invitational tournaments,Amateur
Invitational tournaments,FENIX Trophy
Invitational tournaments,Livonia Cup
Invitational tournaments,Estonian
Invitational tournaments,Latvian
Invitational tournaments,Champions Cup (All-Ireland)
Invitational tournaments,League of Ireland Premier Division
Invitational tournaments,NIFL Premiership
Invitational tournaments,UEFA Youth League
Invitational tournaments,UEFA Women's Champions League
Invitational tournaments,UEFA Futsal Champions League
Invitational tournaments,UEFA Intertoto Cup
Invitational tournaments,UEFA Cup Winners' Cup
Invitational tournaments,Intercontinental Cup
Invitational tournaments,UEFA
Invitational tournaments,CONMEBOL
Invitational tournaments,Baltic League
Invitational tournaments,Estonian
Invitational tournaments,Latvian
Invitational tournaments,Lithuanian
Invitational tournaments,Royal League
Invitational tournaments,Danish
Invitational tournaments,Norwegian
Invitational tournaments,Swedish
Invitational tournaments,Setanta Sports Cup
Invitational tournaments,Irish
Invitational tournaments,Northern Irish
Invitational tournaments,Blaxnit Cup
Invitational tournaments,Irish
Invitational tournaments,Northern Irish
Invitational tournaments,Inter-Cities Fairs Cup
Invitational tournaments,Balkans Cup
Invitational tournaments,Balkan
Invitational tournaments,Latin Cup
Invitational tournaments,French
Invitational tournaments,Italian
Invitational tournaments,Portuguese
Invitational tournaments,Spanish
Invitational tournaments,Mitropa Cup
Invitational tournaments,Anglo-Italian Cup
Invitational tournaments,Kategoria Superiore
Invitational tournaments,Kategoria e Parë
Invitational tournaments,Kategoria e Dytë
Invitational tournaments,A
Invitational tournaments,B
Invitational tournaments,Kategoria e Tretë
Invitational tournaments,Superkupa e Shqipërisë
Invitational tournaments,Kategoria Superiore
Invitational tournaments,Kupa e Shqipërisë
Invitational tournaments,Kupa e Shqipërisë
Invitational tournaments,Albanian U-19 Superliga
Invitational tournaments,Albanian U-19 First Division
Invitational tournaments,Albanian U-17 Superliga
Invitational tournaments,Albanian U-17 First Division
Invitational tournaments,Albanian women's football championship
Invitational tournaments,Albanian Women's Cup
Invitational tournaments,Albanian Futsal Cup
Invitational tournaments,Primera Divisió
Invitational tournaments,Segona Divisió
Invitational tournaments,Andorran Supercup
Invitational tournaments,Campionat de Lliga
Invitational tournaments,Copa Constitució
Invitational tournaments,Copa Constitució
Invitational tournaments,Armenian Premier League
Invitational tournaments,Armenian First League
Invitational tournaments,Armenian Supercup
Invitational tournaments,Armenian Premier League
Invitational tournaments,Armenian Cup
Invitational tournaments,Armenian Cup
Invitational tournaments,Bundesliga
Invitational tournaments,2. Liga
Invitational tournaments,Austrian Regionalliga
Invitational tournaments,Central
Invitational tournaments,East
Invitational tournaments,West
Invitational tournaments,Austrian Landesliga
Invitational tournaments,Vorarlberg
Invitational tournaments,Tirol
Invitational tournaments,Salzburg
Invitational tournaments,Oberösterreich
Invitational tournaments,Steiermark
Invitational tournaments,Kärnten
Invitational tournaments,Niederösterreich
Invitational tournaments,Wien
Invitational tournaments,Burgenland
Invitational tournaments,Austrian 2. Landesliga
Invitational tournaments,ÖFB-Cup
Invitational tournaments,ÖFB-Supercup
Invitational tournaments,ÖFB:Bundesliga
Invitational tournaments,ÖFB-Cup
Invitational tournaments,Niederösterreichischer Landespokal
Invitational tournaments,Azerbaijan Premier League
Invitational tournaments,Azerbaijan First Division
Invitational tournaments,A
Invitational tournaments,B
Invitational tournaments,Azerbaijan Regional League
Invitational tournaments,AFFA Amateur League
Invitational tournaments,Azerbaijan Cup
Invitational tournaments,Azerbaijan Supercup
Invitational tournaments,Azerbaijan Premier League
Invitational tournaments,Azerbaijan Cup
Invitational tournaments,Belarusian Premier League
Invitational tournaments,Belarusian First League
Invitational tournaments,Belarusian Second League
Invitational tournaments,Belarusian Cup
Invitational tournaments,Belarusian Super Cup
Invitational tournaments,Belarusian Premier League
Invitational tournaments,Belarusian Cup
Invitational tournaments,Belgian Pro League
Invitational tournaments,Challenger Pro League
Invitational tournaments,Belgian National Division 1
Invitational tournaments,Belgian Division 2
Invitational tournaments,Belgian Division 3
Invitational tournaments,Belgian Provincial Leagues
Invitational tournaments,Belgian Cup
Invitational tournaments,Belgian Super Cup
Invitational tournaments,Belgian First Division A
Invitational tournaments,Belgian Cup
Invitational tournaments,Premier League of Bosnia and Herzegovina
Invitational tournaments,Prva Liga Federacija Bosne i Hercegovine
Invitational tournaments,First League of the Republika Srpska
Invitational tournaments,Druga Liga Federacija Bosne i Hercegovine
Invitational tournaments,Sjever
Invitational tournaments,Centar
Invitational tournaments,Jug
Invitational tournaments,Zapad
Invitational tournaments,Druga Liga Republike Srpske
Invitational tournaments,Istok
Invitational tournaments,Zapad
Invitational tournaments,Prva Liga TK
Invitational tournaments,Druga Liga TK
Invitational tournaments,Zapad
Invitational tournaments,Sjever
Invitational tournaments,Jug
Invitational tournaments,Kup Bosne i Hercegovine
Invitational tournaments,Kup Federacija Bosne i Hercegovine
Invitational tournaments,Kup Federacija Republike Srpske
Invitational tournaments,Bosnian Supercup
Invitational tournaments,Premier League of Bosnia and Herzegovina
Invitational tournaments,Kup Bosne i Hercegovine
Invitational tournaments,First League of Herzeg-Bosnia
Invitational tournaments,Bulgarian First League
Invitational tournaments,Bulgarian Second League
Invitational tournaments,Bulgarian Third Amateur Football League
Invitational tournaments,North-West
Invitational tournaments,North-East
Invitational tournaments,South-West
Invitational tournaments,South-East
Invitational tournaments,Bulgarian Regional Football Groups
Invitational tournaments,Bulgarian Army Championship
Invitational tournaments,Bulgarian Student Championship
Invitational tournaments,Bulgarian Cup
Invitational tournaments,Bulgarian Supercup
Invitational tournaments,Bulgarian A Professional Football Group
Invitational tournaments,Bulgarian Cup
Invitational tournaments,Bulgarian Amateur Football League cup
Invitational tournaments,Bulgarian Village Championship
Invitational tournaments,Bulgarian Railway-man's Championship
Invitational tournaments,Bulgarian State Championship
Invitational tournaments,Bulgarian National Football Division
Invitational tournaments,Bulgarian Republican Championship
Invitational tournaments,Bulgarian Premier League
Invitational tournaments,Bulgarian Second League
Invitational tournaments,Bulgarian First League
Invitational tournaments,Bulgarian Tsar's Cup
Invitational tournaments,Soviet Army Cup
Invitational tournaments,Bulgarian Football Union Cup
Invitational tournaments,Bulgarian Profesional Football League Cup
Invitational tournaments,Bulgarian Women Championship
Invitational tournaments,HNL
Invitational tournaments,Prva NL
Invitational tournaments,Druga NL
Invitational tournaments,Treća NL
Invitational tournaments,First County Football League
Invitational tournaments,Hrvatski nogometni kup
Invitational tournaments,Croatian Football Super Cup
Invitational tournaments,HNL
Invitational tournaments,Hrvatski nogometni kup
Invitational tournaments,Eternal derby
Invitational tournaments,Hajduk Split
Invitational tournaments,Dinamo Zagreb
Invitational tournaments,Cypriot First Division
Invitational tournaments,Cypriot Second Division
Invitational tournaments,Cypriot Third Division
Invitational tournaments,Cypriot Fourth Division
Invitational tournaments,Cypriot Cup
Invitational tournaments,Cypriot Cup for lower divisions
Invitational tournaments,Cyprus FA Shield
Invitational tournaments,Cypriot First Division
Invitational tournaments,Cypriot Cup
Invitational tournaments,Czech First League
Invitational tournaments,Czech National League
Invitational tournaments,Bohemian Football League
Invitational tournaments,Moravian–Silesian Football League
Invitational tournaments,Czech Fourth Division
Invitational tournaments,Regional Championship
Invitational tournaments,Prague Championship
Invitational tournaments,Football I. A class
Invitational tournaments,Football I. B class
Invitational tournaments,Football II. class
Invitational tournaments,Prague II. class
Invitational tournaments,Football III. class
Invitational tournaments,Football IV. class
Invitational tournaments,Czech Cup
Invitational tournaments,Czech Supercup
Invitational tournaments,Czech First League
Invitational tournaments,Czech Cup
Invitational tournaments,Tipsport liga
Invitational tournaments,Czech Republic
Invitational tournaments,Women's Czech First Division
Invitational tournaments,Czech Women's Cup
Invitational tournaments,Danish Superliga
Invitational tournaments,Danish 1st Division
Invitational tournaments,Danish 2nd Division
Invitational tournaments,Danish 3rd Division
Invitational tournaments,Denmark Series
Invitational tournaments,Danish Cup
Invitational tournaments,Danish League Cup
Invitational tournaments,The Football Tournament
Invitational tournaments,Baneklubberne Tournaments
Invitational tournaments,Copenhagen football champions
Invitational tournaments,Copenhagen Cup
Invitational tournaments,Danish Supercup
Invitational tournaments,Fionia Bank Cup
Invitational tournaments,Viasat Cup
Invitational tournaments,Elitedivisionen
Invitational tournaments,Kvinde 1. division
Invitational tournaments,Danish Women's Cup
Invitational tournaments,Premier League
Invitational tournaments,EFL Championship
Invitational tournaments,English Football League
Invitational tournaments,EFL League One
Invitational tournaments,English Football League
Invitational tournaments,EFL League Two
Invitational tournaments,English Football League
Invitational tournaments,National League
Invitational tournaments,National League
Invitational tournaments,National League North
Invitational tournaments,National League South
Invitational tournaments,Northern Premier League
Invitational tournaments,Premier Division
Invitational tournaments,Division One East
Invitational tournaments,Division One West
Invitational tournaments,Southern Football League
Invitational tournaments,Premier Division
Invitational tournaments,Division One Midlands
Invitational tournaments,Division One South & West
Invitational tournaments,Isthmian League
Invitational tournaments,Premier Division
Invitational tournaments,Division One North
Invitational tournaments,Division One South
Invitational tournaments,Several interconnected sub-regional leagues
Invitational tournaments,Combined Counties League Premier Division North
Invitational tournaments,Combined Counties League Premier Division South
Invitational tournaments,Eastern Counties League Premier Division
Invitational tournaments,Essex Senior League
Invitational tournaments,Hellenic League Premier Division
Invitational tournaments,Midland League Premier Division
Invitational tournaments,North West Counties League Premier Division
Invitational tournaments,Northern Counties East League Premier Division
Invitational tournaments,Northern League Division One
Invitational tournaments,Southern Combination League Premier Division
Invitational tournaments,Southern Counties East League Premier Division
Invitational tournaments,Spartan South Midlands League Premier Division
Invitational tournaments,United Counties League Premier Division North
Invitational tournaments,United Counties League Premier Division South
Invitational tournaments,Wessex League Premier Division
Invitational tournaments,Western League Premier Division
Invitational tournaments,Combined Counties League Division One
Invitational tournaments,Eastern Counties League Division One North
Invitational tournaments,Eastern Counties League Division One South
Invitational tournaments,Hellenic League Division One
Invitational tournaments,Midland League Division One
Invitational tournaments,North West Counties League Division One North
Invitational tournaments,North West Counties League Division One South
Invitational tournaments,Northern Counties East League Division One
Invitational tournaments,Northern League Division Two
Invitational tournaments,South West Peninsula League Premier Division East
Invitational tournaments,South West Peninsula League Premier Division West
Invitational tournaments,Southern Combination Football League Division One
Invitational tournaments,Southern Counties East League Division One
Invitational tournaments,Spartan South Midlands League Division One
Invitational tournaments,United Counties League Division One
Invitational tournaments,Wessex League Division One
Invitational tournaments,Western League Division One
Invitational tournaments,Several regional/county feeder leagues
Invitational tournaments,Anglian Combination Premier Division
Invitational tournaments,Bedfordshire County League Premier Division
Invitational tournaments,Cambridgeshire County League Premier Division
Invitational tournaments,Central Midlands Alliance Premier Division North
Invitational tournaments,Central Midlands Alliance Premier Division South
Invitational tournaments,Cheshire League Premier Division
Invitational tournaments,Devon Football League
Invitational tournaments,Essex Alliance League
Invitational tournaments,Essex & Suffolk Border League Premier Division
Invitational tournaments,Essex Olympian League Premier Division
Invitational tournaments,Gloucestershire County League
Invitational tournaments,Hampshire Premier League
Invitational tournaments,Herefordshire football League Premier Division
Invitational tournaments,Hertfordshire Senior County League Premier Division
Invitational tournaments,Humber Premier League Premier Division
Invitational tournaments,Isle of Wight Saturday League Division One
Invitational tournaments,Kent County League Premier Division
Invitational tournaments,Leicestershire Senior League Premier Division
Invitational tournaments,Lincolnshire League
Invitational tournaments,Liverpool County Premier League Premier Division
Invitational tournaments,Manchester League Premier Division
Invitational tournaments,Mid-Sussex League Premier Division
Invitational tournaments,Middlesex County League Premier Division
Invitational tournaments,Midland League Division Two
Invitational tournaments,Northamptonshire Combination League Premier Division
Invitational tournaments,Northern Alliance Premier Division
Invitational tournaments,North Riding League Premier Division
Invitational tournaments,Nottinghamshire Senior League Senior Division
Invitational tournaments,Oxfordshire Senior League Premier Division
Invitational tournaments,Peterborough & District League Premier Division
Invitational tournaments,Sheffield & Hallamshire County Senior League Premier Division
Invitational tournaments,Shropshire County Football League Premier Division
Invitational tournaments,Shropshire County Football League Premier Division
Invitational tournaments,Somerset County League Premier Division
Invitational tournaments,Southern Combination League Division Two
Invitational tournaments,Spartan South Midlands League Division Two
Invitational tournaments,St Piran League Premier Division East
Invitational tournaments,St Piran League Premier Division West
Invitational tournaments,Staffordshire County Senior League Premier Division
Invitational tournaments,Suffolk & Ipswich League Senior Division
Invitational tournaments,Surrey Premier County Football League
Invitational tournaments,Thames Valley Premier League Premier Division
Invitational tournaments,Wearside League Premier Division
Invitational tournaments,West Cheshire League Division One
Invitational tournaments,West Lancashire League Premier Division
Invitational tournaments,West Midlands (Regional) League Division One
Invitational tournaments,West Yorkshire League Premier Division
Invitational tournaments,Wiltshire Senior League Premier Division
Invitational tournaments,York League Premier Division
Invitational tournaments,Yorkshire Amateur League Supreme Division
Invitational tournaments,FA Cup
Invitational tournaments,EFL Cup
Invitational tournaments,Premier League
Invitational tournaments,English Football League
Invitational tournaments,FA Community Shield
Invitational tournaments,Premier League
Invitational tournaments,FA Cup
Invitational tournaments,EFL Trophy
Invitational tournaments,EFL League One
Invitational tournaments,EFL League Two
Invitational tournaments,EFL Championship
Invitational tournaments,Premier League
Invitational tournaments,FA Trophy
Invitational tournaments,FA Vase
Invitational tournaments,FA Inter-League Cup
Invitational tournaments,county football associations
Invitational tournaments,Premier League 2
Invitational tournaments,Professional Development League
Invitational tournaments,National League Cup
Invitational tournaments,Premier League International Cup
Invitational tournaments,Premier League Cup
Invitational tournaments,U18 Premier League
Invitational tournaments,U18 Professional Development League
Invitational tournaments,FA Youth Cup
Invitational tournaments,Women's Super League
Invitational tournaments,FA Women's Championship
Invitational tournaments,FA Women's National League
Invitational tournaments,National Division
Invitational tournaments,Northern Division
Invitational tournaments,Southern Division
Invitational tournaments,Women's FA Cup
Invitational tournaments,FA Women's League Cup
Invitational tournaments,FA Women's National League Cup
Invitational tournaments,FA Women's National League
Invitational tournaments,Women's FA Community Shield
Invitational tournaments,Women's Super League
Invitational tournaments,Women's FA Cup
Invitational tournaments,Meistriliiga
Invitational tournaments,Esiliiga
Invitational tournaments,Esiliiga B
Invitational tournaments,II liiga
Invitational tournaments,III liiga
Invitational tournaments,IV liiga
Invitational tournaments,Naiste Meistriliiga
Invitational tournaments,Estonian Cup
Invitational tournaments,Estonian Supercup
Invitational tournaments,Estonian Small Cup
Invitational tournaments,Estonian Women's Cup
Invitational tournaments,Faroe Islands Premier League
Invitational tournaments,1. Deild
Invitational tournaments,2. Deild
Invitational tournaments,3. Deild
Invitational tournaments,1. delid kvinnur
Invitational tournaments,Faroe Islands Cup
Invitational tournaments,Faroe Islands Super Cup
Invitational tournaments,FSF Trophy
Invitational tournaments,Faroese Women's Cup
Invitational tournaments,Faroese Women's Super Cup
Invitational tournaments,Veikkausliiga
Invitational tournaments,Ykkönen
Invitational tournaments,Kakkonen
Invitational tournaments,Kolmonen
Invitational tournaments,Nelonen
Invitational tournaments,Finnish Cup
Invitational tournaments,Finnish League Cup
Invitational tournaments,Ligue 1
Invitational tournaments,Ligue de Football Professionnel
Invitational tournaments,Ligue 2
Invitational tournaments,Ligue de Football Professionnel
Invitational tournaments,National
Invitational tournaments,National 2
Invitational tournaments,A
Invitational tournaments,B
Invitational tournaments,C
Invitational tournaments,D
Invitational tournaments,National 3
Invitational tournaments,A
Invitational tournaments,B
Invitational tournaments,C
Invitational tournaments,D
Invitational tournaments,E
Invitational tournaments,F
Invitational tournaments,G
Invitational tournaments,H
Invitational tournaments,Régional 1
Invitational tournaments,Coupe de France
Invitational tournaments,Trophée des Champions
Invitational tournaments,Ligue 1
Invitational tournaments,Coupe de France
Invitational tournaments,Coupe de la Ligue
Invitational tournaments,Ligue de Football Professionnel
Invitational tournaments,Championnat National U19
Invitational tournaments,Coupe Gambardella
Invitational tournaments,Championnat National U17
Invitational tournaments,Division 1 Féminine
Invitational tournaments,Division 2 Féminine
Invitational tournaments,Coupe de France féminine
Invitational tournaments,Erovnuli Liga
Invitational tournaments,Erovnuli Liga 2
Invitational tournaments,Georgian Liga 3
Invitational tournaments,Liga 4
Invitational tournaments,Regionuli Liga
Invitational tournaments,Women's football championship
Invitational tournaments,Georgian Cup
Invitational tournaments,Georgian Super Cup
Invitational tournaments,Bundesliga
Invitational tournaments,2. Bundesliga
Invitational tournaments,3. Liga
Invitational tournaments,Regionalliga
Invitational tournaments,Nord
Invitational tournaments,Nordost
Invitational tournaments,West
Invitational tournaments,Südwest
Invitational tournaments,Bayern
Invitational tournaments,Oberliga
Invitational tournaments,Schleswig-Holstein
Invitational tournaments,Hamburg
Invitational tournaments,Bremen
Invitational tournaments,Niedersachsenliga
Invitational tournaments,Nordost-Nord
Invitational tournaments,Nordost-Süd
Invitational tournaments,Westfalen
Invitational tournaments,Südwest
Invitational tournaments,Hessen
Invitational tournaments,Baden-Württemberg
Invitational tournaments,Bayernliga
Invitational tournaments,Bayernliga
Invitational tournaments,Mittelrhein
Invitational tournaments,Niederrhein
Invitational tournaments,Landesliga
Invitational tournaments,Verbandsliga
Invitational tournaments,Gruppenliga
Invitational tournaments,Bezirksliga
Invitational tournaments,Kreisliga
Invitational tournaments,DFB-Pokal
Invitational tournaments,Verbandspokal
Invitational tournaments,Franz Beckenbauer Supercup
Invitational tournaments,Bundesliga
Invitational tournaments,DFB Pokal
Invitational tournaments,Under 19 Bundesliga
Invitational tournaments,Under 17 Bundesliga
Invitational tournaments,Frauen-Bundesliga
Invitational tournaments,2. Frauen-Bundesliga
Invitational tournaments,Frauen-Regionalliga
Invitational tournaments,DFB-Pokal Frauen
Invitational tournaments,Frauen Verbandspokal
Invitational tournaments,Gauliga
Invitational tournaments,Third Reich
Invitational tournaments,DDR-Oberliga
Invitational tournaments,East Germany
Invitational tournaments,FDGB-Pokal
Invitational tournaments,East Germany
Invitational tournaments,DFL-Ligapokal
Invitational tournaments,Gibraltar Football League
Invitational tournaments,Gibraltar Premier Division
Invitational tournaments,Gibraltar Second Division
Invitational tournaments,Gibraltar Intermediate League
Invitational tournaments,Gibraltar women's football championship
Invitational tournaments,Rock Cup
Invitational tournaments,Pepe Reyes Cup
Invitational tournaments,Gibraltar Division 2 Cup
Invitational tournaments,Gibraltar Intermediate Cup
Invitational tournaments,Gibraltar Premier Cup
Invitational tournaments,Women's Rock Cup
Invitational tournaments,Super League 1
Invitational tournaments,Super League 2
Invitational tournaments,Gamma Ethniki
Invitational tournaments,Hellenic Amateur Divisions (local championships)
Invitational tournaments,Football League Greece
Invitational tournaments,Delta Ethniki
Invitational tournaments,Greek Cup
Invitational tournaments,Cup of Friendship and Solidarity
Invitational tournaments,Super League 1
Invitational tournaments,Greek Cup
Invitational tournaments,Greek Football Amateur Cup
Invitational tournaments,Amateurs' Super Cup Greece
Invitational tournaments,Greek League Cup
Invitational tournaments,Gamma Ethniki Cup
Invitational tournaments,Greek A Division (women's football)
Invitational tournaments,Greek Women's Cup
Invitational tournaments,NBI
Invitational tournaments,NBII
Invitational tournaments,NBIII
Invitational tournaments,Megyei Bajnokság I
Invitational tournaments,Megyei Bajnokság II
Invitational tournaments,Női NB I
Invitational tournaments,Magyar Kupa
Invitational tournaments,Szuperkupa
Invitational tournaments,Hungarian Women's Cup
Invitational tournaments,Besta deild karla
Invitational tournaments,1. deild karla
Invitational tournaments,2. deild karla
Invitational tournaments,3. deild karla
Invitational tournaments,4. deild karla
Invitational tournaments,Besta deild kvenna
Invitational tournaments,1. deild kvenna
Invitational tournaments,2. deild kvenna
Invitational tournaments,Icelandic Men's Football Cup
Invitational tournaments,Icelandic Men's Football Super Cup
Invitational tournaments,Icelandic Men's Football League Cup
Invitational tournaments,Fótbolti.net Cup
Invitational tournaments,Reykjavik Tournament
Invitational tournaments,Icelandic Women's Football Cup
Invitational tournaments,Icelandic Women's Super Cup
Invitational tournaments,Icelandic Women's Football League Cup
Invitational tournaments,Ligat Ha`Al
Invitational tournaments,Liga Leumit
Invitational tournaments,Liga Alef
Invitational tournaments,Liga Bet
Invitational tournaments,Liga Gimel
Invitational tournaments,Ligat Nashim Rishona
Invitational tournaments,Ligat Nashim Shniya
Invitational tournaments,Noar Premier League
Invitational tournaments,Noar Leumit League
Invitational tournaments,Noar Arzit
Invitational tournaments,Israel State Cup
Invitational tournaments,Israel Super Cup
Invitational tournaments,Toto Cup
Invitational tournaments,Ligat Ha`Al
Invitational tournaments,Liga Leumit
Invitational tournaments,Israeli Women's Cup
Invitational tournaments,Israel Noar State Cup
Invitational tournaments,Serie A
Invitational tournaments,Lega Serie A
Invitational tournaments,Lega Nazionale Professionisti
Invitational tournaments,Serie B
Invitational tournaments,Lega B
Invitational tournaments,Serie C
Invitational tournaments,Lega Italiana Calcio Professionistico
Invitational tournaments,Supercoppa Serie C
Invitational tournaments,Lega Pro Prima Divisione
Invitational tournaments,Lega Pro Seconda Divisione
Invitational tournaments,Serie D
Invitational tournaments,Lega Nazionale Dilettanti
Invitational tournaments,Eccellenza
Invitational tournaments,Regional
Invitational tournaments,Promozione
Invitational tournaments,Prima Categoria
Invitational tournaments,Seconda Categoria
Invitational tournaments,Terza Categoria
Invitational tournaments,Provincial
Invitational tournaments,Trofeo delle Regioni
Invitational tournaments,Coppa Italia Primavera
Invitational tournaments,Coppa Italia
Invitational tournaments,Supercoppa Italiana
Invitational tournaments,Serie A
Invitational tournaments,Coppa Italia
Invitational tournaments,Coppa Italia Serie C
Invitational tournaments,Supercoppa Serie C
Invitational tournaments,Supercoppa di Lega di Seconda Divisione
Invitational tournaments,Coppa Italia Serie D
Invitational tournaments,Coppa Italia Dilettanti
Invitational tournaments,Campionato Primavera 1
Invitational tournaments,Campionato Nazionale Primavera
Invitational tournaments,Campionato Primavera 2
Invitational tournaments,Campionato Nazionale Dante Berretti
Invitational tournaments,Campionato Primavera 3
Invitational tournaments,Campionato Regionale Allievi
Invitational tournaments,Lega Nazionale Dilettanti
Invitational tournaments,Campionato Regionale Giovanissimi
Invitational tournaments,Campionato Provinciale Allievi
Invitational tournaments,Campionato Provinciale Giovanissimi
Invitational tournaments,Torneo Piccoli Amici
Invitational tournaments,Coppa Italia Primavera
Invitational tournaments,Supercoppa Primavera
Invitational tournaments,Campionato Primavera 1
Invitational tournaments,Coppa Italia Primavera
Invitational tournaments,Torneo di Viareggio
Invitational tournaments,Campionato Juniores Nazionali
Invitational tournaments,Serie A (women's football)
Invitational tournaments,Serie B (women's football)
Invitational tournaments,Serie C (women's football)
Invitational tournaments,Eccellenza (women's football)
Invitational tournaments,it
Invitational tournaments,Coppa Italia di calcio femminile
Invitational tournaments,Supercoppa Italiana di calcio femminile
Invitational tournaments,Serie A (women's football)
Invitational tournaments,Coppa Italia di calcio femminile
Invitational tournaments,Kazakhstan Premier League
Invitational tournaments,Kazakhstan First Division
Invitational tournaments,Kazakhstan Second League
Invitational tournaments,Kazakhstan Cup
Invitational tournaments,Kazakhstan Super Cup
Invitational tournaments,Kazakhstani women's football championship
Invitational tournaments,Kazakhstani Women's Cup
Invitational tournaments,Superliga
Invitational tournaments,Liga e Parë
Invitational tournaments,A
Invitational tournaments,B
Invitational tournaments,Liga e Dytë
Invitational tournaments,Liga e Tretë
Invitational tournaments,A
Invitational tournaments,B
Invitational tournaments,Kosovar Cup
Invitational tournaments,Kosovar Supercup
Invitational tournaments,Kosovar Cup
Invitational tournaments,Superliga
Invitational tournaments,Superliga – Juniorët
Invitational tournaments,Liga e Parë – Juniorët
Invitational tournaments,Liga e Femrave
Invitational tournaments,Superliga – Futsall
Invitational tournaments,Liga e parë – Futsall
Invitational tournaments,Virsliga
Invitational tournaments,1. līga
Invitational tournaments,2. līga
Invitational tournaments,Latvian Women's League
Invitational tournaments,Latvijas kauss
Invitational tournaments,Latvian Supercup
Invitational tournaments,Virsligas Winter Cup
Invitational tournaments,Liechtenstein Cup
Invitational tournaments,A Lyga
Invitational tournaments,I Lyga
Invitational tournaments,II Lyga
Invitational tournaments,III Lyga
Invitational tournaments,counties
Invitational tournaments,SFL
Invitational tournaments,Lithuanian Football Cup
Invitational tournaments,Lithuanian Supercup
Invitational tournaments,A Lyga
Invitational tournaments,LFF Cup
Invitational tournaments,SFL Cup
Invitational tournaments,Sunday Football League
Invitational tournaments,Lithuanian U-19 Elite League
Invitational tournaments,Lithuanian U-19 I League
Invitational tournaments,Lithuanian U-19 II League
Invitational tournaments,Lithuanian U-17 Elite League
Invitational tournaments,Lithuanian U-17 I League
Invitational tournaments,Lithuanian U-16 I League
Invitational tournaments,Lithuanian U-16 II League
Invitational tournaments,Lithuanian U-15 I League
Invitational tournaments,Lithuanian U-15 II League
Invitational tournaments,Lithuanian U-14 I League
Invitational tournaments,Lithuanian U-14 II League
Invitational tournaments,A Lyga
Invitational tournaments,I Lyga
Invitational tournaments,A Lyga
Invitational tournaments,Lithuanian Futsal Cup
Invitational tournaments,Luxembourg National Division
Invitational tournaments,Luxembourg Division of Honour
Invitational tournaments,Luxembourg 1. Division
Invitational tournaments,Luxembourg 2. Division
Invitational tournaments,Luxembourg 3. Division
Invitational tournaments,Luxembourg Cup
Invitational tournaments,Coupe FLF
Invitational tournaments,Dames Ligue 1
Invitational tournaments,Dames Ligue 2
Invitational tournaments,Dames Ligue 3
Invitational tournaments,Luxembourg Women's Cup
Invitational tournaments,Maltese Football League
Invitational tournaments,Maltese Premier League
Invitational tournaments,Maltese Challenge League
Invitational tournaments,Maltese National Amateur League
Invitational tournaments,Maltese FA Trophy
Invitational tournaments,Maltese Super Cup
Invitational tournaments,Divizia Națională
Invitational tournaments,"Moldovan ""A"" Division"
Invitational tournaments,"Moldovan ""B"" Division"
Invitational tournaments,Moldovan Cup
Invitational tournaments,Moldovan Super Cup
Invitational tournaments,Montenegrin First League
Invitational tournaments,Montenegrin Second League
Invitational tournaments,Montenegrin Third League
Invitational tournaments,Montenegrin Cup
Invitational tournaments,Montenegrin Women's League
Invitational tournaments,Eredivisie
Invitational tournaments,Eerste Divisie
Invitational tournaments,Tweede Divisie
Invitational tournaments,Derde Divisie
Invitational tournaments,Hoofdklasse
Invitational tournaments,Eerste Klasse
Invitational tournaments,Tweede Klasse
Invitational tournaments,Derde Klasse
Invitational tournaments,Vierde Klasse
Invitational tournaments,Vijfde Klasse
Invitational tournaments,KNVB Beker
Invitational tournaments,Johan Cruijff Schaal
Invitational tournaments,Eredivisie
Invitational tournaments,KNVB Beker
Invitational tournaments,KNVB Beker voor beloften
Invitational tournaments,KNVB Beker voor amateurs
Invitational tournaments,Districtsbeker
Invitational tournaments,Vrouwen Eredivisie
Invitational tournaments,Topklasse
Invitational tournaments,Hoofdklasse
Invitational tournaments,KNVB Beker voor Vrouwen
Invitational tournaments,Irish Premiership
Invitational tournaments,NIFL Championship
Invitational tournaments,NIFL Premier Intermediate League
Invitational tournaments,Irish Cup
Invitational tournaments,Northern Ireland Football League Cup
Invitational tournaments,NIFL Charity Shield
Invitational tournaments,County Antrim Shield
Invitational tournaments,Mid-Ulster Cup
Invitational tournaments,North West Senior Cup
Invitational tournaments,Irish Intermediate Cup
Invitational tournaments,Steel & Sons Cup
Invitational tournaments,Bob Radcliffe Cup
Invitational tournaments,Craig Memorial Cup
Invitational tournaments,George Wilson Cup
Invitational tournaments,1. MFL
Invitational tournaments,2. MFL
Invitational tournaments,3. MFL
Invitational tournaments,Macedonian Regional Football Leagues
Invitational tournaments,Macedonian women's football championship
Invitational tournaments,Macedonian Football Cup
Invitational tournaments,Macedonian Supercup
Invitational tournaments,Macedonian Women's Football Cup
Invitational tournaments,Eliteserien
Invitational tournaments,Norwegian First Division
Invitational tournaments,Norwegian Second Division
Invitational tournaments,Norwegian Third Division
Invitational tournaments,Norwegian Fourth Division
Invitational tournaments,NM Cupen
Invitational tournaments,Mesterfinalen
Invitational tournaments,Northern Norwegian Cup
Invitational tournaments,Norwegian Youth Cup
Invitational tournaments,Norwegian Under-16 Cup
Invitational tournaments,Toppserien
Invitational tournaments,Norwegian First Division (women)
Invitational tournaments,Norwegian Second Division (women)
Invitational tournaments,Norwegian Women's Cup
Invitational tournaments,NFF Futsal Eliteserie
Invitational tournaments,Ekstraklasa
Invitational tournaments,I liga
Invitational tournaments,II liga
Invitational tournaments,III liga
Invitational tournaments,IV liga
Invitational tournaments,V liga
Invitational tournaments,Liga okręgowa
Invitational tournaments,Klasa A
Invitational tournaments,Klasa B
Invitational tournaments,Klasa C
Invitational tournaments,Polish Cup
Invitational tournaments,Polish Super Cup
Invitational tournaments,Ekstraklasa
Invitational tournaments,Polish Cup
Invitational tournaments,Ekstraklasa Cup
Invitational tournaments,Primeira Liga
Invitational tournaments,Liga Portugal
Invitational tournaments,Liga Portugal 2
Invitational tournaments,Liga Portugal
Invitational tournaments,Liga 3
Invitational tournaments,Campeonato de Portugal
Invitational tournaments,Portuguese District Championships First Levels
Invitational tournaments,Portuguese District Championships Second Levels
Invitational tournaments,Portuguese District Championships Third Levels
Invitational tournaments,Portuguese District Championships Fourth Levels
Invitational tournaments,Taça de Portugal
Invitational tournaments,Taça da Liga
Invitational tournaments,Liga Portugal
Invitational tournaments,Supertaça Cândido de Oliveira
Invitational tournaments,Primeira Liga
Invitational tournaments,Taça de Portugal
Invitational tournaments,Revelation League
Invitational tournaments,pt
Invitational tournaments,Campeonato Nacional Feminino
Invitational tournaments,Campeonato Nacional II Divisão Feminino
Invitational tournaments,Taça de Portugal Feminina
Invitational tournaments,Taça da Liga Feminina
Invitational tournaments,Supertaça de Portugal Feminina
Invitational tournaments,League of Ireland Premier Division
Invitational tournaments,League of Ireland First Division
Invitational tournaments,Women's National League
Invitational tournaments,FAI Cup
Invitational tournaments,League of Ireland Cup
Invitational tournaments,President of Ireland's Cup
Invitational tournaments,Leinster Senior Cup
Invitational tournaments,Munster Senior Cup
Invitational tournaments,FAI Women's Cup
Invitational tournaments,Liga I
Invitational tournaments,Liga II
Invitational tournaments,Liga III
Invitational tournaments,Liga IV
Invitational tournaments,Liga V
Invitational tournaments,Liga VI
Invitational tournaments,Cupa României
Invitational tournaments,Supercupa României
Invitational tournaments,Liga I
Invitational tournaments,Cupa României
Invitational tournaments,Russian Premier League
Invitational tournaments,Russian Football National League
Invitational tournaments,Russian Football National League 2
Invitational tournaments,Russian championship among amateur football clubs (III division)
Invitational tournaments,Russian Cup
Invitational tournaments,Russian Super Cup
Invitational tournaments,Russian Premier League
Invitational tournaments,Russian Cup
Invitational tournaments,FNL Cup
Invitational tournaments,Russian Premier League Cup
Invitational tournaments,Football Cup of the Russian SFSR
Invitational tournaments,Youth football championship of Russia
Invitational tournaments,Campionato Sammarinese di Calcio
Invitational tournaments,Coppa Titano
Invitational tournaments,Super Coppa Sammarinese
Invitational tournaments,Trofeo Federale
Invitational tournaments,Scottish Premiership
Invitational tournaments,Scottish Professional Football League
Invitational tournaments,Scottish Premier League
Invitational tournaments,Scottish Championship
Invitational tournaments,Scottish Football League First Division
Invitational tournaments,Scottish League One
Invitational tournaments,Scottish Football League Second Division
Invitational tournaments,Scottish League Two
Invitational tournaments,Scottish Football League Third Division
Invitational tournaments,Highland Football League
Invitational tournaments,Lowland Football League
Invitational tournaments,Scottish Cup
Invitational tournaments,Scottish League Cup
Invitational tournaments,Scottish Challenge Cup
Invitational tournaments,Highland
Invitational tournaments,Lowland
Invitational tournaments,Republic of Ireland
Invitational tournaments,Northern Ireland
Invitational tournaments,Wales
Invitational tournaments,England
Invitational tournaments,Scottish Women's Premier League
Invitational tournaments,Scottish Women's First Division
Invitational tournaments,Scottish Women's Second Divisions
Invitational tournaments,North
Invitational tournaments,East & Central
Invitational tournaments,Southeast
Invitational tournaments,West & Southwest
Invitational tournaments,Scottish Women's Cup
Invitational tournaments,Scottish Women's Premier League Cup
Invitational tournaments,Scottish Women's First Division Cup
Invitational tournaments,Scottish Women's Second Division Cup
Invitational tournaments,SuperLiga
Invitational tournaments,Prva Liga Srbije
Invitational tournaments,Srpska Liga
Invitational tournaments,Serbian Zone League
Invitational tournaments,Kup Srbije
Invitational tournaments,Serbian Super Liga (women)
Invitational tournaments,Serbian Women's Cup
Invitational tournaments,Prva Futsal Liga
Invitational tournaments,Niké Liga
Invitational tournaments,2. liga
Invitational tournaments,3. liga
Invitational tournaments,4. liga
Invitational tournaments,5. liga
Invitational tournaments,Slovak Women's First League
Invitational tournaments,Slovak Cup
Invitational tournaments,Slovak Super Cup
Invitational tournaments,Slovak Women's Cup
Invitational tournaments,1.SNL
Invitational tournaments,2.SNL
Invitational tournaments,3.SNL
Invitational tournaments,Slovenian Regional Leagues
Invitational tournaments,Slovenian Women's League
Invitational tournaments,Hervis Pokal
Invitational tournaments,Slovenian Women's Cup
Invitational tournaments,La Liga
Invitational tournaments,Liga Nacional de Fútbol Profesional
Invitational tournaments,Segunda División
Invitational tournaments,Primera Federación
Invitational tournaments,Segunda Federación
Invitational tournaments,Tercera Federación
Invitational tournaments,Divisiones Regionales
Invitational tournaments,Segunda División B
Invitational tournaments,Tercera División
Invitational tournaments,Copa del Rey
Invitational tournaments,Supercopa de España
Invitational tournaments,La Liga
Invitational tournaments,Copa del Rey
Invitational tournaments,Copa Federación
Invitational tournaments,RFEF
Invitational tournaments,Teresa Herrera Trophy
Invitational tournaments,División de Honor Juvenil
Invitational tournaments,Divisiones Regionales
Invitational tournaments,Copa del Rey Juvenil
Invitational tournaments,Copa de Campeones Juvenil
Invitational tournaments,División de Honor Juvenil
Invitational tournaments,Liga F
Invitational tournaments,Primera Federación
Invitational tournaments,Segunda Federación
Invitational tournaments,Primera Nacional de Fútbol
Invitational tournaments,Divisiones Regionales de Fútbol Femenino
Invitational tournaments,Copa de la Reina
Invitational tournaments,Allsvenskan
Invitational tournaments,Superettan
Invitational tournaments,Division 1
Invitational tournaments,Division 2
Invitational tournaments,Division 3
Invitational tournaments,Division 4
Invitational tournaments,Division 5
Invitational tournaments,Division 6
Invitational tournaments,Division 7
Invitational tournaments,Division 8
Invitational tournaments,Damallsvenskan
Invitational tournaments,Elitettan
Invitational tournaments,Svenska Cupen
Invitational tournaments,Svenska Cupen (women)
Invitational tournaments,Swiss Super League
Invitational tournaments,Swiss Challenge League
Invitational tournaments,Promotion League
Invitational tournaments,1. Liga Classic
Invitational tournaments,2. Liga Interregional
Invitational tournaments,2. Liga
Invitational tournaments,Swiss Women's Super League
Invitational tournaments,Schweizer Cup
Invitational tournaments,Uhrencup
Invitational tournaments,Cup of the Alps
Invitational tournaments,Swiss League Cup
Invitational tournaments,Swiss Super Cup
Invitational tournaments,Swiss Women's Cup
Invitational tournaments,Süper Lig
Invitational tournaments,TFF 1. Lig
Invitational tournaments,TFF 2. Lig
Invitational tournaments,TFF 3. Lig
Invitational tournaments,Bölgesel Amatör Ligi
Invitational tournaments,Süper Amatör Ligleri
Invitational tournaments,Birinci Amatör Küme
Invitational tournaments,İkinci Amatör Küme
Invitational tournaments,Turkish Cup
Invitational tournaments,Turkish Super Cup
Invitational tournaments,Chancellor Cup
Invitational tournaments,Atatürk Cup
Invitational tournaments,Kadınlar Süper Ligi
Invitational tournaments,Kadınlar 1. Ligi
Invitational tournaments,Kadınlar 2. Ligi
Invitational tournaments,Kadınlar 3. Ligi
Invitational tournaments,Ukrainian Premier League
Invitational tournaments,Ukrainian First League
Invitational tournaments,Ukrainian Second League
Invitational tournaments,Ukrainian Amateur Football Championship
Invitational tournaments,Regional championships
Invitational tournaments,Ukrainian Cup
Invitational tournaments,Ukrainian Super Cup
Invitational tournaments,Ukrainian Premier League
Invitational tournaments,Ukrainian Cup
Invitational tournaments,Ukrainian Amateur Cup
Invitational tournaments,FFU Region's Cup
Invitational tournaments,Cymru Premier
Invitational tournaments,Cymru North
Invitational tournaments,Cymru South
Invitational tournaments,Ardal Leagues
Invitational tournaments,Area leagues
Invitational tournaments,Lower tier leagues
Invitational tournaments,Welsh Premier Women's Football League
Invitational tournaments,Welsh Cup
Invitational tournaments,FAW Premier Cup
Invitational tournaments,Welsh League Cup
Invitational tournaments,FAW Trophy
Invitational tournaments,Welsh Football League Cup
Invitational tournaments,Cymru Alliance League Cup
Invitational tournaments,FAW Women's Cup
Invitational tournaments,FAW Welsh Youth Cup
Invitational tournaments,FIFA
Invitational tournaments,Clericus Cup
Invitational tournaments,CONIFA World Football Cup
Invitational tournaments,Viva World Cup
Invitational tournaments,FIFI Wild Cup
Invitational tournaments,Island Games
Invitational tournaments,UNPO Cup
Invitational tournaments,Europeada
Invitational tournaments,ELF Cup
Invitational tournaments,Homeless World Cup
Invitational tournaments,Unofficial Football World Championships
Invitational tournaments,Women's Unofficial Football World Championships
Invitational tournaments,Abkhazian Premier League
Invitational tournaments,Abkhazian Cup
Invitational tournaments,Abkhazia Super Cup
Invitational tournaments,Ascension Island Football League
Invitational tournaments,Ascension Island League Cup
Invitational tournaments,Ascension Island District Cup
Invitational tournaments,J. Lawrence Knock-out Cup
Invitational tournaments,Flipper Cup
Invitational tournaments,Christmas Island Soccer League
Invitational tournaments,Crimean Premier League
Invitational tournaments,Master-Torg DPR Premier League
Invitational tournaments,Falkland Islands Football League
Invitational tournaments,Pohnpei Premier League
Invitational tournaments,Micronesian Games
Invitational tournaments,Gozo Football League First Division
Invitational tournaments,Gozo Football League Second Division
Invitational tournaments,Gozo Football Female League
Invitational tournaments,G.F.A. Cup
Invitational tournaments,Independence Cup
Invitational tournaments,Freedom Day Cup
Invitational tournaments,Second Division Knock-Out
Invitational tournaments,Greenlandic Men's Football Championship
Invitational tournaments,Greenland Cup
Invitational tournaments,Priaulx League
Invitational tournaments,FNB Jackson League
Invitational tournaments,Railway League 1
Invitational tournaments,Railway League 2
Invitational tournaments,Guernsey Veterans League
Invitational tournaments,Guernsey Women's League
Invitational tournaments,Guernsey FA Cup
Invitational tournaments,Frederick Martinez Cup
Invitational tournaments,Stranger Charity Cup
Invitational tournaments,Mauger Cup
Invitational tournaments,Rouget Cup
Invitational tournaments,Rawlinson Cup
Invitational tournaments,Le Vallee Cup
Invitational tournaments,Upton Park Trophy
Invitational tournaments,Guernsey Women's Knock-out Cup
Invitational tournaments,Guernsey Women's Secondary Cup
Invitational tournaments,Kurdistan Premier League
Invitational tournaments,Kurdistan Cup
Invitational tournaments,Kurdistan Super Cup
Invitational tournaments,Isle of Man Football League
Invitational tournaments,Isle of Man Premier League
Invitational tournaments,Isle of Man Division 2
Invitational tournaments,Isle of Man Football Combination
Invitational tournaments,Isle of Man FA Cup
Invitational tournaments,Isle of Man Hospital Cup
Invitational tournaments,Isle of Man Railway Cup
Invitational tournaments,Isle of Man Gold Cup
Invitational tournaments,Isle of Man Woods Memorial Cup
Invitational tournaments,Isle of Man Charity Shield
Invitational tournaments,Isles of Scilly Football League
Invitational tournaments,Wholesalers Cup
Invitational tournaments,Foredeck Cup
Invitational tournaments,Jersey Football Combination
Invitational tournaments,Jersey Championship
Invitational tournaments,Le Riche Cup
Invitational tournaments,Wheway Trophy
Invitational tournaments,Jersey Charity Cup
Invitational tournaments,Upton Park Trophy
Invitational tournaments,Luhansk Football League
Invitational tournaments,Marshallese Soccer League
Invitational tournaments,Mayotte Division Honneur
Invitational tournaments,Coupe de Mayotte
Invitational tournaments,Liga de Balompié Mexicano
Invitational tournaments,Challenge Prince Rainier III
Invitational tournaments,Trophée Ville de Monaco
Invitational tournaments,Challenge Monégasque
Invitational tournaments,Nauru Soccer League
Invitational tournaments,Niue Soccer Tournament
Invitational tournaments,KTFF Süper Lig
Invitational tournaments,CTFA
Invitational tournaments,KTFF 1. Lig
Invitational tournaments,KTFF 2. Lig
Invitational tournaments,KTFF Women's League
Invitational tournaments,Cypriot Cup
Invitational tournaments,KTFF Super Cup
Invitational tournaments,Palau Soccer League
Invitational tournaments,Palau Youth Soccer League
Invitational tournaments,Sahrawi Republic Cup
Invitational tournaments,Saint-Barthelemy Championships
Invitational tournaments,Coupe de Saint-Barth
Invitational tournaments,Trophée José da Silva
Invitational tournaments,St. Helena Island Football League
Invitational tournaments,Ligue de Football de Saint Pierre et Miquelon
Invitational tournaments,Cosmopolitan Football League
Invitational tournaments,Somaliland Football League
Invitational tournaments,Telesom Cup
Invitational tournaments,Somaliland Regional Games
Invitational tournaments,South Ossetian Football League
Invitational tournaments,South Ossetia Youth League
Invitational tournaments,Soccer in Tokelau
Invitational tournaments,Tuvalu A-Division
Invitational tournaments,Tuvalu B-Division
Invitational tournaments,Tuvalu A-Division League (women's)
Invitational tournaments,Taganoa Cup
Invitational tournaments,Independence Cup
Invitational tournaments,Christmas Cup
Invitational tournaments,Tuvalu Games
Invitational tournaments,Vatican City Championship
Invitational tournaments,Coppa Sergio Valci
Invitational tournaments,Supercoppa
Invitational tournaments,Clericus Cup
Invitational tournaments,Wallis Première Division
Invitational tournaments,Wallis Deuxième Division
Invitational tournaments,Futuna Première Division
Invitational tournaments,Futuna Deuxième Division
Invitational tournaments,Coupe de l'Outre-Mer
Invitational tournaments,Outremer Champions Cup
Invitational tournaments,Austria-Hungary
Invitational tournaments,Tagblatt Pokal
Invitational tournaments,Austria-Hungary Challenge Cup
Invitational tournaments,Commonwealth of Independent States
Invitational tournaments,CIS Super League
Invitational tournaments,United Tournament
Invitational tournaments,United Supercup
Invitational tournaments,Czechoslovakia
Invitational tournaments,Czechoslovak First League
Invitational tournaments,Czechoslovak Second League
Invitational tournaments,Czechoslovak Third League
Invitational tournaments,Czechoslovak Cup
Invitational tournaments,German Democratic Republic
Invitational tournaments,DDR-Oberliga
Invitational tournaments,DDR-Liga
Invitational tournaments,DDR-Liga
Invitational tournaments,II. DDR-Liga
Invitational tournaments,FDGB-Pokal
Invitational tournaments,DFV-Supercup
Invitational tournaments,Mandatory Palestine
Invitational tournaments,Mandatory Palestine League
Invitational tournaments,Palestine Premier League (1945–1947)
Invitational tournaments,Mis'chakei HaBechora
Invitational tournaments,Haifa League
Invitational tournaments,Jerusalem Services and Police League
Invitational tournaments,Jerusalem League
Invitational tournaments,Liga Bet (Division 2)
Invitational tournaments,Samaria Division
Invitational tournaments,Sharon Division
Invitational tournaments,Liga Gimel (Division 3)
Invitational tournaments,Palestine Youth League
Invitational tournaments,Palestine Cup (1922–1947)
Invitational tournaments,Hebrew Cup
Invitational tournaments,People's Cup (1928)
Invitational tournaments,Tel Aviv District Cup
Invitational tournaments,Palestine Mond Cup
Invitational tournaments,Jerusalem Cup
Invitational tournaments,Nashashibi Cup
Invitational tournaments,Jaffa Mayor Cup
Invitational tournaments,Mr. Guth Cup
Invitational tournaments,Melchett Cup
Invitational tournaments,Palestine Autumn Cup
Invitational tournaments,Palestine National Shield
Invitational tournaments,Nesher Cup
Invitational tournaments,Haifa Cup
Invitational tournaments,Palestine North Cup
Invitational tournaments,Jezreel Valley Cup
Invitational tournaments,Jordan Valley Cup
Invitational tournaments,The Wartime Cup
Invitational tournaments,Netherlands Antilles
Invitational tournaments,Netherlands Antilles Championship
Invitational tournaments,North Vietnam
Invitational tournaments,North Vietnam V-League
Invitational tournaments,Ottoman Empire
Invitational tournaments,Constantinople Football League
Invitational tournaments,People's Democratic Republic of Yemen
Invitational tournaments,South Yemeni League
Invitational tournaments,South Yemen Cup
Invitational tournaments,Republic of Artsakh
Invitational tournaments,Artsakh Football League
Invitational tournaments,Artsakh Cup
Invitational tournaments,Saar Protectorate
Invitational tournaments,Amateurliga Saarland
Invitational tournaments,Saarland
Invitational tournaments,Germany
Invitational tournaments,Serbia and Montenegro
Invitational tournaments,First League of Serbia and Montenegro
Invitational tournaments,Second League of Serbia and Montenegro
Invitational tournaments,Serbian First League (2004–2006)
Invitational tournaments,Montenegrin First League (2004–2006)
Invitational tournaments,Serbia and Montenegro Cup
Invitational tournaments,South Vietnam
Invitational tournaments,South Vietnam V-League
Invitational tournaments,South Vietnam V-League Division 2
Invitational tournaments,South Vietnam League Cup
Invitational tournaments,Soviet Union
Invitational tournaments,Soviet Union football league system
Invitational tournaments,Soviet Top League
Invitational tournaments,Soviet First League
Invitational tournaments,Soviet Second League
Invitational tournaments,Soviet Second League B
Invitational tournaments,Soviet Cup
Invitational tournaments,Soviet Super Cup
Invitational tournaments,USSR Federation Cup
Invitational tournaments,All-Union Committee of Physical Culture and Sports Tournament
Invitational tournaments,Soviet Season Opener Cup
Invitational tournaments,Nedel Cup
Invitational tournaments,USSR 60th Anniversary Cup
Invitational tournaments,Valentin Granatkin Memorial Tournament
Invitational tournaments,Snowdrop Tournament
Invitational tournaments,Soviet Sport Prize
Invitational tournaments,Yemen Arab Republic
Invitational tournaments,North Yemeni League
Invitational tournaments,North Yemen Cup of the Republic
Invitational tournaments,Yugoslavia
Invitational tournaments,Yugoslav First League
Invitational tournaments,Yugoslav Second League
Invitational tournaments,Yugoslav Third League
Invitational tournaments,Yugoslav Cup
Invitational tournaments,Yugoslav Super Cup
Invitational tournaments,Geography of association football
Invitational tournaments,Geography of women's association football
Invitational tournaments,International competitions in women's association football
Invitational tournaments,List of association football clubs
Invitational tournaments,List of football clubs by competitive honours won
Invitational tournaments,List of men's national association football teams
Invitational tournaments,List of women's national association football teams
Invitational tournaments,Exhibition/charity/legends/friendly/preseason
Invitational tournaments,match
Invitational tournaments,Playoffs/postseason/finals
Invitational tournaments,List of futsal competitions
Invitational tournaments,Beach Soccer Worldwide
Invitational tournaments,Japanese
Invitational tournaments,sponsorship
Invitational tournaments,Toyota
Invitational tournaments,Japanese
Invitational tournaments,"""Kurdish football prospers in new Iraq"""
Invitational tournaments,Archived
Invitational tournaments,"""Two Erbil teams competing for this year's Kurdistan Premier League football cup"""
Invitational tournaments,Archived
Invitational tournaments,"""Kurdistan football team coach elected"""
Invitational tournaments,Archived
Invitational tournaments,"""Scilly Isles: Scoring like Ronaldo in the world's smallest league"""
Invitational tournaments,Archived
Invitational tournaments,"""WHEN WILL I SEE YOU AGAIN? THE SMALLEST LEAGUE IN THE WORLD"""
Invitational tournaments,Archived
Invitational tournaments,"""Scilly old game: the football league with two teams"""
Invitational tournaments,Archived
Invitational tournaments,"""Scilly games: warming up for the world's smallest football trophy"""
Invitational tournaments,Archived
Invitational tournaments,"""It's a Scilly old game"""
Invitational tournaments,Archived
Invitational tournaments,"""Le football reprend avec le Trophée José Da Silva"""
Invitational tournaments,Archived
Invitational tournaments,"""Le Trophée José Da Silva commence ce samedi"""
Invitational tournaments,Archived
Invitational tournaments,"""Waxqabadka Sadexdii Bilood ee U Danbeeyay"""
Invitational tournaments,Archived
Invitational tournaments,"""Qoraalka Xukuumadda Ee waxqabadka Wasaaradaha Qorshaynta Qaranka, Dhalinyarada Iyo Ciyaaraha Ee Somaliland Sadexdii Bilood Ee Lasoo Dhaafay Qaybtii 8aad"""
Invitational tournaments,Archived
Invitational tournaments,History
Invitational tournaments,Timeline
Invitational tournaments,First association
Invitational tournaments,First international
Invitational tournaments,Oldest clubs
Invitational tournaments,Oldest competitions
Invitational tournaments,Attempts to ban the sport
Invitational tournaments,Caid
Invitational tournaments,Cuju
Invitational tournaments,Calcio Fiorentino
Invitational tournaments,English school games
Invitational tournaments,Episkyros
Invitational tournaments,Harpastum
Invitational tournaments,La soule
Invitational tournaments,Marn Grook
Invitational tournaments,Medieval
Invitational tournaments,Ba
Invitational tournaments,Camping
Invitational tournaments,Cnapan
Invitational tournaments,Cornish hurling
Invitational tournaments,Old Division
Invitational tournaments,Royal Shrovetide
Invitational tournaments,Uppies and Downies
Invitational tournaments,Away goals rule
Invitational tournaments,Ball
Invitational tournaments,Ball in/out
Invitational tournaments,Corner kick
Invitational tournaments,Duration of the match
Invitational tournaments,Equipment
Invitational tournaments,Field
Invitational tournaments,Fouls and misconduct
Invitational tournaments,Free kick
Invitational tournaments,Goal kick
Invitational tournaments,Goal difference
Invitational tournaments,Offside
Invitational tournaments,Penalty kick
Invitational tournaments,Penalty shoot-out
Invitational tournaments,Players
Invitational tournaments,Referee
Invitational tournaments,Assistants
Invitational tournaments,Scoring
Invitational tournaments,Start and restart
Invitational tournaments,Throw-in
Invitational tournaments,Sheffield rules
Invitational tournaments,Cambridge rules
Invitational tournaments,IFAB
Invitational tournaments,Ball
Invitational tournaments,Boots
Invitational tournaments,Kit
Invitational tournaments,Away colours
Invitational tournaments,Third jersey
Invitational tournaments,Throwback uniform
Invitational tournaments,Amputee
Invitational tournaments,Beach
Invitational tournaments,College
Invitational tournaments,Crab
Invitational tournaments,Five-a-side
Invitational tournaments,Futsal
Invitational tournaments,Indoor
Invitational tournaments,Freestyle
Invitational tournaments,Keepie uppie
Invitational tournaments,Footbag
Invitational tournaments,Paralympic
Invitational tournaments,Powerchair
Invitational tournaments,Jorkyball
Invitational tournaments,Roller
Invitational tournaments,Rush goalie
Invitational tournaments,Seven-a-side
Invitational tournaments,Sevens
Invitational tournaments,Swamp
Invitational tournaments,Street
Invitational tournaments,Three-sided
Invitational tournaments,3v3 Soccer
Invitational tournaments,Walking
Invitational tournaments,Goalkeeper
Invitational tournaments,Defender
Invitational tournaments,Midfielder
Invitational tournaments,Forward
Invitational tournaments,Formation
Invitational tournaments,Tactics
Invitational tournaments,History
Invitational tournaments,Dribble
Invitational tournaments,Cruyff turn
Invitational tournaments,Flip flap
Invitational tournaments,Marseille turn
Invitational tournaments,Runaround move
Invitational tournaments,Seal dribble
Invitational tournaments,Step over
Invitational tournaments,Dummy
Invitational tournaments,Header
Invitational tournaments,Keepie uppie
Invitational tournaments,Kick
Invitational tournaments,Bicycle
Invitational tournaments,Chip
Invitational tournaments,Curl
Invitational tournaments,Drop
Invitational tournaments,Punt
Invitational tournaments,Rabona
Invitational tournaments,Rainbow
Invitational tournaments,Scorpion
Invitational tournaments,Volley
Invitational tournaments,Nutmeg
Invitational tournaments,Pass
Invitational tournaments,Cross
Invitational tournaments,Long ball
Invitational tournaments,One-touch
Invitational tournaments,Push and run
Invitational tournaments,Shot
Invitational tournaments,Panenka
Invitational tournaments,Tackle
Invitational tournaments,Slide tackle
Invitational tournaments,Anti-football
Invitational tournaments,Catenaccio
Invitational tournaments,Tiki-taka
Invitational tournaments,Total football
Invitational tournaments,Zona mista
Invitational tournaments,Equaliser
Invitational tournaments,Trading cards
Invitational tournaments,Barra brava
Invitational tournaments,Curva
Invitational tournaments,Hooliganism
Invitational tournaments,Torcida
Invitational tournaments,Ultras
Invitational tournaments,Chant
Invitational tournaments,Rugby union
Invitational tournaments,FIFA
Invitational tournaments,Africa
Invitational tournaments,Asia
Invitational tournaments,Europe
Invitational tournaments,North & Central America
Invitational tournaments,Oceania
Invitational tournaments,South America
Invitational tournaments,Summer Olympics
Invitational tournaments,Youth Olympics
Invitational tournaments,Competitions
Invitational tournaments,Families
Invitational tournaments,Players
Invitational tournaments,Top scorers
Invitational tournaments,Clubs
Invitational tournaments,most successful clubs
Invitational tournaments,National teams
Invitational tournaments,Competitions
Invitational tournaments,Families
Invitational tournaments,Players
Invitational tournaments,Top scorers
Invitational tournaments,Clubs
Invitational tournaments,most successful clubs
Invitational tournaments,National teams
Invitational tournaments,12th man
Invitational tournaments,Alcohol
Invitational tournaments,Association football films
Invitational tournaments,Beautiful Game
Invitational tournaments,Captain
Invitational tournaments,Child abuse
Invitational tournaments,Culture
Invitational tournaments,Ethnicity
Invitational tournaments,Football club
Invitational tournaments,Geography
Invitational tournaments,Homosexuality
Invitational tournaments,IFFHS
Invitational tournaments,Names
Invitational tournaments,Politics
Invitational tournaments,Professionalism
Invitational tournaments,Racism
Invitational tournaments,Retired numbers (list)
Invitational tournaments,Rivalries (list)
Invitational tournaments,RSSSF
Invitational tournaments,Smoking
Invitational tournaments,Squad number
Invitational tournaments,Stadiums (list)
Invitational tournaments,Stars on badges
Invitational tournaments,Transfer
Invitational tournaments,World XI
Invitational tournaments,ASEAN All-Stars
Invitational tournaments,Europe XI
Invitational tournaments,Portal
Invitational tournaments,FIFA
Invitational tournaments,Federations
Invitational tournaments,Teams
Invitational tournaments,Competitions
Invitational tournaments,World Rankings
Invitational tournaments,The Best FIFA Football Awards
Invitational tournaments,Timeline
Invitational tournaments,Most successful clubs
Invitational tournaments,FIFA World Cup
Invitational tournaments,U-20
Invitational tournaments,U-17
Invitational tournaments,Olympic Games
Invitational tournaments,Youth
Invitational tournaments,FIFA Confederations Cup
Invitational tournaments,FIFA Gold Cup
Invitational tournaments,Africa Cup of Nations
Invitational tournaments,U-23
Invitational tournaments,U-20
Invitational tournaments,U-17
Invitational tournaments,African Nations League
Invitational tournaments,African Games
Invitational tournaments,African Nations Championship
Invitational tournaments,CECAFA
Invitational tournaments,COSAFA
Invitational tournaments,WAFU
Invitational tournaments,CEMAC
Invitational tournaments,Central African Games
Invitational tournaments,AFC Asian Cup
Invitational tournaments,U-23
Invitational tournaments,U-20
Invitational tournaments,U-17
Invitational tournaments,AFC Nations League
Invitational tournaments,Asian Games
Invitational tournaments,AFC Challenge Cup
Invitational tournaments,AFC Solidarity Cup
Invitational tournaments,AFF
Invitational tournaments,FIFA
Invitational tournaments,CAFA
Invitational tournaments,EAFF
Invitational tournaments,SAFF
Invitational tournaments,WAFF
Invitational tournaments,Arabian Gulf Cup
Invitational tournaments,East Asian Games
Invitational tournaments,South Asian Games
Invitational tournaments,Southeast Asian Games
Invitational tournaments,West Asian Games
Invitational tournaments,Far Eastern Games
Invitational tournaments,UEFA European Championship
Invitational tournaments,U-21
Invitational tournaments,U-19
Invitational tournaments,U-17
Invitational tournaments,UEFA Nations League
Invitational tournaments,Baltic Cup
Invitational tournaments,Central European Cup
Invitational tournaments,Balkan Cup
Invitational tournaments,British Home Championship
Invitational tournaments,Nordic Championship
Invitational tournaments,CONCACAF Gold Cup
Invitational tournaments,U-23
Invitational tournaments,U-20
Invitational tournaments,U-17
Invitational tournaments,U-15
Invitational tournaments,CONCACAF Nations League
Invitational tournaments,CONCACAF Championship
Invitational tournaments,CONCACAF Cup
Invitational tournaments,LIFA Cup
Invitational tournaments,WIFA Cup
Invitational tournaments,Central America and Caribbean Games
Invitational tournaments,Central America Games
Invitational tournaments,NAFC Championship
Invitational tournaments,CCCF Championship
Invitational tournaments,North American Nations Cup
Invitational tournaments,Copa Centroamericana
Invitational tournaments,CFU Championship
Invitational tournaments,Caribbean Cup
Invitational tournaments,OFC Nations Cup
Invitational tournaments,U-23
Invitational tournaments,U-19
Invitational tournaments,U-16
Invitational tournaments,Pacific Games
Invitational tournaments,Mini
Invitational tournaments,Melanesia Cup
Invitational tournaments,Micronesian Games
Invitational tournaments,Polynesia Cup
Invitational tournaments,CONMEBOL Copa América
Invitational tournaments,U-23
Invitational tournaments,U-20
Invitational tournaments,U-17
Invitational tournaments,U-15
Invitational tournaments,South American Games
Invitational tournaments,Bolivarian Games
Invitational tournaments,Indian Ocean Island Games
Invitational tournaments,Afro-Asian Cup of Nations
Invitational tournaments,Afro-Asian Games
Invitational tournaments,AFC–OFC Challenge Cup
Invitational tournaments,FIFA Arab Cup
Invitational tournaments,Arab Games
Invitational tournaments,Islamic Solidarity Games
Invitational tournaments,Islamic Games
Invitational tournaments,Palestine Cup
Invitational tournaments,Kuneitra Cup
Invitational tournaments,CONMEBOL–UEFA Cup of Champions
Invitational tournaments,Francophone Games
Invitational tournaments,Overseas Cup
Invitational tournaments,Lusofonia Games
Invitational tournaments,Mediterranean Games
Invitational tournaments,Mediterranean Cup
Invitational tournaments,Pan American Games
Invitational tournaments,Panamerican Championship
Invitational tournaments,Goodwill Games
Invitational tournaments,GANEFO
Invitational tournaments,World Football Cup
Invitational tournaments,African Football Cup
Invitational tournaments,Asian Football Cup
Invitational tournaments,European Football Cup
Invitational tournaments,South American Football Cup
Invitational tournaments,UIAFA Great European Tournament
Invitational tournaments,Island Games
Invitational tournaments,Universiade
Invitational tournaments,FIFI Wild Cup
Invitational tournaments,WUFA World Series
Invitational tournaments,Geography
Invitational tournaments,Codes
Invitational tournaments,Player
Invitational tournaments,Club of the Century
Invitational tournaments,Women's football
Arab,FIFA Arab Cup
Arab,Arab Games
Arab,Arab Women's Cup
Arab,Arab Cup U-20
Arab,Palestine Cup
Arab,Islamic Solidarity Games
Arab,Indian Ocean Island Games
Arab,FIFA U-20 World Cup
Arab,FIFA U-17 World Cup
Arab,FIFA U-20 Women's World Cup
Arab,FIFA U-17 Women's World Cup
Arab,Summer Universiade
Arab,Danone Nations Cup
Arab,Montaigu Tournament
Arab,Panda Cup
Arab,SBS Cup
Arab,SuperCupNI
Arab,Tournoi Maurice Revello
Arab,Youth Olympic Football Tournament
Arab,International Youth Soccer in Niigata
Arab,Sendai Cup
Arab,FIFA Club World Cup
Arab,FIFA Intercontinental Cup
Arab,UEFA–CONMEBOL Club Challenge
Arab,International Women's Club Championship
Arab,Intercontinental Futsal Cup
Arab,Intercontinental Cup
Arab,Copa Rio
Arab,Copa Interamericana
Arab,Afro-Asian Club Championship
Arab,Intercontinental Champions' Supercup
Arab,Supercopa Euroamericana
Arab,ANFA Cup
Arab,Audi Cup
Arab,BTV Cup
Arab,Coupang Play Series
Arab,Emirates Cup
Arab,Eusébio Cup
Arab,Florida Cup
Arab,Friendship Trophy
Arab,Geoff Harvey Memorial Vase
Arab,HKFC Soccer Sevens
Arab,J.League Asia Challenge
Arab,J.League World Challenge
Arab,Lunar New Year Cup
Arab,Maradona Cup
Arab,MLS All-Star Game
Arab,Orange Trophy
Arab,Premier League Summer Series
Arab,Ramón de Carranza Trophy
Arab,Riyadh Season
Arab,Saitama City Cup
Arab,Soccer Champions Tour
Arab,Sydney Super Cup
Arab,Telekom Cup
Arab,Teresa Herrera Trophy
Arab,The Atlantic Cup
Arab,The Women's Cup
Arab,Torneo di Viareggio
Arab,Trofeo Colombino
Arab,Trofeo Costa del Sol
Arab,Trofeo Joan Gamper
Arab,Trofeo Santiago Bernabéu
Arab,Uhrencup
Arab,Women's International Champions Cup
Arab,Amsterdam Tournament
Arab,Copa del Sol
Arab,Copa Euro-América
Arab,Dubai Cup
Arab,Edmonton Cup
Arab,Football World Championship
Arab,Global Tour for Peace
Arab,International Champions Cup
Arab,La Manga Cup
Arab,Marbella Cup
Arab,Mohammed V Cup
Arab,Opel Master Cup
Arab,Peace Cup
Arab,Premier League Asia Trophy
Arab,Russian Railways Cup
Arab,Queen's Cup
Arab,Small Club World Cup
Arab,Tournoi de Paris
Arab,Uli Hoeneß Cup
Arab,Vodacom Challenge
Arab,Wembley Cup
Arab,Wembley International Tournament
Arab,World Football Challenge
Arab,Arab Club Champions Cup
Arab,Arab Cup Winners' Cup
Arab,Arab Super Cup
Arab,J.League Cup / Copa Sudamericana Championship
Arab,Lusail Super Cup
Arab,Saudi-Egyptian Super Cup
Arab,Alkass International Cup
Arab,Balcom BMW CUP Prayer for Peace; Hiroshima International Youth Soccer Games
Arab,Dallas Cup
Arab,Gothia Cup
Arab,J.League International Youth Cup
Arab,K League International Youth Cup
Arab,Manchester United Premier Cup
Arab,Montaigu Tournament
Arab,Otten Cup
Arab,Torneo di Viareggio
Arab,AFC
Arab,AFC
Arab,AFC Asian Cup
Arab,AFC Nations League
Arab,AFC U23 Asian Cup
Arab,AFC U20 Asian Cup
Arab,AFC U17 Asian Cup
Arab,AFC Women's Asian Cup
Arab,AFC Women's Olympic Qualifying Tournament
Arab,AFC U20 Women's Asian Cup
Arab,AFC U17 Women's Asian Cup
Arab,Asian Games
Arab,AFC Solidarity Cup
Arab,AFC Challenge Cup
Arab,ASEAN Championship
Arab,CAFA Nations Cup
Arab,EAFF E-1 Football Championship
Arab,women
Arab,SAFF Championship
Arab,WAFF Championship
Arab,AFF–EAFF Champions Trophy
Arab,Arabian Gulf Cup
Arab,Gulf Cup for Veteran Players
Arab,East Asian Youth Games
Arab,South Asian Games
Arab,Southeast Asian Games
Arab,West Asian Games
Arab,East Asian Games
Arab,Three Nations Cup
Arab,Three Nations Cup
Arab,AFC Champions League Elite
Arab,AFC Champions League Two
Arab,AFC Challenge League
Arab,AFC Women's Champions League
Arab,Asian Cup Winners' Cup
Arab,Asian Super Cup
Arab,Afro-Asian Club Championship
Arab,AFC Women's Club Championship
Arab,ASEAN Club Championship
Arab,AGCFF Gulf Club Champions League
Arab,Sheikh Kamal International Club Cup
Arab,Mekong Club Championship
Arab,Marianas Club Championship
Arab,SAFF Club Championship
Arab,WAFF Women's Clubs Championship
Arab,SAFF Women's Club Championship
Arab,Afghanistan Champions League
Arab,Afghan Premier League
Arab,Kabul Premier League
Arab,Kabul City League
Arab,Afghanistan Republic Day Festival Cup
Arab,Women Kabul League
Arab,A-League Men
Arab,Playoffs
Arab,New Zealand
Arab,Australia Cup
Arab,A-League Women
Arab,Women's Australia Cup
Arab,A-League Youth
Arab,A-League All Stars Game
Arab,National Soccer League
Arab,Australia Cup
Arab,NSL Cup
Arab,F-League
Arab,National Premier Leagues Capital Football
Arab,Capital Premier League
Arab,Capital Football State League
Arab,Capital Football Federation Cup
Arab,A.C.T Futsal Premier League
Arab,National Premier Leagues ACT Women's
Arab,National Premier Leagues NSW
Arab,NSW League One
Arab,NSW League Two
Arab,Regional league
Arab,NSW League Three
Arab,Waratah Cup
Arab,National Premier Leagues NSW Women's
Arab,NSW League One Women's
Arab,National Premier Leagues Northern NSW
Arab,Northern NSW State League Division 1
Arab,NorZone Premier League
Arab,National Premier Leagues Queensland
Arab,Football Queensland Premier League
Arab,Football Queensland Premier League 2
Arab,National Premier Leagues Queensland Women's
Arab,Brisbane
Arab,Football Queensland Premier League 3 − Metro
Arab,Football Queensland Premier League 4 − Metro
Arab,Football Queensland Premier League 5 − Metro
Arab,Football Queensland Premier League 6 − Metro
Arab,Canale Cup
Arab,Far North Queensland
Arab,Far North Queensland Premier League
Arab,Gold Coast
Arab,Football Queensland Premier League 3 − South Coast
Arab,Football Queensland Premier League 4 − South Coast
Arab,Sunshine Coast
Arab,Football Queensland Premier League 3 – Sunshine Coast
Arab,National Premier Leagues South Australia
Arab,SA State League One
Arab,SA State League Two
Arab,Federation Cup
Arab,Women's National Premier Leagues South Australia
Arab,Women's State League South Australia
Arab,National Premier Leagues Tasmania
Arab,Milan Lakoseljac Cup
Arab,Northern Championship
Arab,Southern Championship
Arab,National Premier Leagues Victoria
Arab,National Premier Leagues Victoria 2
Arab,National Premier Leagues Victoria 3
Arab,Victorian State League 1
Arab,Dockerty Cup
Arab,National Premier Leagues Victoria Women
Arab,National Premier Leagues Western Australia
Arab,Football West State League Division 1
Arab,Football West State League Division 2
Arab,Football West State Cup
Arab,National Premier Leagues WA Women
Arab,Bahraini Premier League
Arab,Bahraini Second Division
Arab,Bahraini King's Cup
Arab,Bahraini FA Cup
Arab,Bahraini Crown Prince Cup
Arab,Bahraini Super Cup
Arab,Bahraini Elite Cup
Arab,ar
Arab,Bahraini Premier League
Arab,Bahraini King's Cup
Arab,Bangladesh Football League
Arab,Bangladesh Championship League
Arab,Dhaka Senior Division Football League
Arab,Dhaka Second Division Football League
Arab,Dhaka Third Division Football League
Arab,Pioneer Football League
Arab,Independence Cup
Arab,Federation Cup
Arab,Super Cup
Arab,Aga Khan Gold Cup
Arab,President Gold Cup
Arab,Bangabandhu Cup
Arab,Bangladesh Women's Football League
Arab,Bhutan Premier League
Arab,Bhutan Super League
Arab,Dzongkhag
Arab,Jigme Dorji Wangchuk Memorial Gold Cup
Arab,Brunei Super League
Arab,Brunei Premier League
Arab,Brunei FA Cup
Arab,Brunei Super Cup
Arab,Borneo Cup
Arab,Cambodian Premier League
Arab,Cambodian League 2
Arab,Hun Sen Cup
Arab,CNCC Charity Cup
Arab,CNCC League Cup
Arab,FFC Cup
Arab,FFC Challenge Cup
Arab,Chinese Super League
Arab,China League One
Arab,China League Two
Arab,Chinese Champions League
Arab,Member Football Association leagues
Arab,CFA Cup
Arab,CFA Super Cup
Arab,Chinese Super League
Arab,CFA Cup
Arab,Chinese Super League Cup
Arab,Guangdong–Hong Kong Cup
Arab,Jingjinji Champions Cup
Arab,Hong Kong–Shanghai Inter Club Championship
Arab,Chinese Women's Super League
Arab,Chinese Women's Football League
Arab,zh
Arab,Guam Soccer League
Arab,Guam FA Cup
Arab,Hong Kong Premier League
Arab,First Division
Arab,Second Division
Arab,Third Division
Arab,Hong Kong Community Cup
Arab,Hong Kong FA Cup
Arab,Hong Kong FA Cup Junior Division
Arab,Senior Shield
Arab,Sapling Cup
Arab,Viceroy Cup
Arab,Hong Kong League Cup
Arab,Indian Super League
Arab,I-League
Arab,National Football League
Arab,I-League 2
Arab,I-League 3
Arab,AIFF Super Cup
Arab,Federation Cup
Arab,Durand Cup
Arab,IFA Shield
Arab,Rovers Cup
Arab,Indian Super Cup
Arab,Elite League
Arab,Futsal Club Championship
Arab,Intercontinental Cup
Arab,Nehru Cup
Arab,Santosh Trophy
Arab,Indian State Leagues
Arab,Assam
Arab,Assam State Premier League
Arab,Arunachal Pradesh
Arab,Indrajit Namchoom Arunachal League
Arab,Delhi
Arab,Delhi Football League
Arab,Goa
Arab,Goa Professional League
Arab,Himachal Pradesh
Arab,Himachal Football League
Arab,Jammu and Kashmir
Arab,J&K Premier Football League
Arab,Karnataka
Arab,Bangalore Football League
Arab,Kerala
Arab,Kerala Premier League
Arab,Madhya Pradesh
Arab,Madhya Pradesh Premier League
Arab,Maharashtra
Arab,Mumbai Football League
Arab,Manipur
Arab,Manipur State League
Arab,Meghalaya
Arab,Shillong Premier League
Arab,Mizoram
Arab,Mizoram Premier League
Arab,Nagaland
Arab,Nagaland Premier League
Arab,Odisha
Arab,FAO League
Arab,Punjab
Arab,Punjab State Super Football League
Arab,Rajasthan
Arab,R-League A Division
Arab,Tamil Nadu
Arab,Chennai Football League
Arab,Uttarakhand
Arab,Uttarakhand Super League
Arab,West Bengal
Arab,Calcutta Football League
Arab,Indian Women's League
Arab,Indian Women's League 2
Arab,Indian Women's National Championship
Arab,Indian State Leagues
Arab,Delhi
Arab,FD Women's League
Arab,Goa
Arab,Goa Women's League
Arab,Karnataka
Arab,Karnataka Women's League
Arab,Kerala
Arab,Kerala Women's League
Arab,Maharashtra
Arab,WIFA Women's Football League
Arab,Manipur
Arab,Manipur Women's League
Arab,Meghalaya
Arab,SSA Women's Football League
Arab,Odisha
Arab,Odisha Women's League
Arab,Punjab
Arab,Punjab Women's League
Arab,Tamil Nadu
Arab,Tamil Nadu Women's League
Arab,West Bengal
Arab,Calcutta Women's Football League
Arab,Super League
Arab,Championship
Arab,Liga Nusantara
Arab,Liga 4
Arab,Elite Pro Academy
Arab,Piala Indonesia
Arab,Piala Presiden
Arab,Soeratin Cup
Arab,Liga 1 Putri
Arab,Pertiwi Cup
Arab,Persian Gulf Pro League
Arab,Azadegan League
Arab,League 2
Arab,League 3
Arab,Provincial Leagues
Arab,Hazfi Cup
Arab,Iranian Super Cup
Arab,Persian Gulf Pro League
Arab,Hazfi Cup
Arab,Takht Jamshid Cup
Arab,Kowsar Women Football League
Arab,Iraq Stars League
Arab,Iraqi Premier Division League
Arab,Iraqi First Division League
Arab,Iraqi Second Division League
Arab,Iraqi Third Division League
Arab,Iraq FA Cup
Arab,Iraqi Super Cup
Arab,Baghdad Championship
Arab,Iraqi National First Division
Arab,Iraq FA Baghdad Cup
Arab,Iraq Central FA Premier League
Arab,Iraq Central FA Perseverance Cup
Arab,Independent Baghdad Tournament
Arab,Iraq FA Basra Premier League
Arab,Iraq FA Kirkuk Premier League
Arab,J1 League
Arab,J.League
Arab,J2 League
Arab,J3 League
Arab,J.League 100 Year Vision League
Arab,ja
Arab,J1 100 Year Vision League
Arab,J2/J3 100 Year Vision League
Arab,Japan Football League
Arab,J3 League
Arab,JFL CUP
Arab,ja
Arab,Japan Regional Football Champions League
Arab,Japanese Regional Leagues
Arab,Prefectural Leagues
Arab,ja
Arab,Emperor's Cup
Arab,J.League Cup
Arab,J1 League
Arab,J2 League
Arab,J3 League
Arab,Japanese Super Cup
Arab,J1 League
Arab,Emperor's Cup
Arab,J.League All-Star Soccer
Arab,All Japan Adults Football Tournament
Arab,5th-tier league
Arab,All Japan Club Teams Football Tournament
Arab,National Sports Festival (Football)
Arab,ja
Arab,All Japan University Football Championship
Arab,Prime Minister's Cup All Japan University Football Tournament
Arab,Prince Takamado Trophy
Arab,All Japan High School Soccer Tournament
Arab,Inter High School Sports Festival
Arab,Japan Club Youth U-18 Championship
Arab,J.Youth Cup
Arab,WE League
Arab,Nadeshiko League
Arab,Empress's Cup
Arab,WE League Cup
Arab,WE League
Arab,Nadeshiko League Cup
Arab,Nadeshiko League
Arab,Japan Soccer League
Arab,Japan Football League (former)
Arab,Japan Soccer League Cup
Arab,Japan Soccer League
Arab,Japanese Super Cup
Arab,Japan Soccer League
Arab,Emperor's Cup
Arab,F.League
Arab,All Japan Futsal Championship
Arab,F.League Ocean Cup
Arab,Jordanian Pro League
Arab,Jordan League Division 1
Arab,FA Cup
Arab,Super Cup
Arab,FA Shield
Arab,Kuwait Premier League
Arab,Kuwaiti Division One
Arab,Kuwait Emir Cup
Arab,Kuwait Crown Prince Cup
Arab,Kuwait Federation Cup
Arab,Kuwait Super Cup
Arab,Al Kurafi Cup
Arab,Kyrgyz Premier League
Arab,Kyrgyz First League
Arab,Qyrğyz Ekinçi Ligasy
Arab,Kyrgyzstan Cup
Arab,Kyrgyzstan Super Cup
Arab,Lao League 1
Arab,Lao League 2
Arab,Laotian Prime Minister's Cup
Arab,Lao FF Cup
Arab,Lebanese Premier League
Arab,Lebanese Second Division
Arab,Lebanese Third Division
Arab,Lebanese Fourth Division
Arab,Lebanese Fifth Division
Arab,Lebanese FA Cup
Arab,Lebanese Federation Cup
Arab,Lebanese Super Cup
Arab,Lebanese Elite Cup
Arab,Lebanese Challenge Cup
Arab,Liga de Elite
Arab,Campeonato da 2ª Divisão do Futebol
Arab,Taça de Macau em futebol
Arab,Malaysia Super League
Arab,Malaysia A1 Semi-Pro League
Arab,Malaysia A2 Amateur League
Arab,Malaysia A3 Community League
Arab,Malaysia FA Cup
Arab,Piala Sumbangsih
Arab,Malaysia Cup
Arab,MFL Challenge Cup
Arab,Malaysia FAM Cup
Arab,Airmarine Cup
Arab,Merdeka Cup
Arab,Dhivehi Premier League
Arab,Second Division
Arab,Third Division
Arab,FA Cup
Arab,President's Cup
Arab,FA Charity Shield
Arab,Mongolian Premier League
Arab,Mongolian First League
Arab,Mongolia Second League
Arab,National Amateur Cup
Arab,MFF Cup
Arab,MFF Super Cup
Arab,Myanmar National League
Arab,MNL II
Arab,FIFA-MFF U15 Youth League
Arab,General Aung San Shield
Arab,MFF Charity Cup
Arab,Myanmar National League
Arab,General Aung San Shield
Arab,MNL League Cup
Arab,Myanmar Women League
Arab,Myanmar Futsal League
Arab,Martyr's Memorial A-Division League
Arab,Martyr's Memorial B-Division League
Arab,Martyr's Memorial C-Division League
Arab,Aaha Gold Cup
Arab,Budda Subba Gold Cup
Arab,Pokhara Cup
Arab,Simara Gold Cup
Arab,Ncell Cup
Arab,Birat Gold Cup
Arab,M★League
Arab,M*League Division 2
Arab,DPR Korea Premier Football League
Arab,DPR Korea Football League 2
Arab,de
Arab,DPR Korea Football League 3
Arab,ko
Arab,Technical Innovation Contests
Arab,Hwaebul Cup
Arab,Man'gyŏngdae Prize
Arab,Osandŏk Prize
Arab,Paektusan Prize
Arab,Poch'ŏnbo Torch Prize
Arab,Republican Championship
Arab,Oman Professional League
Arab,Oman First Division League
Arab,Sultan Qaboos Cup
Arab,Super Cup
Arab,Oman Professional League Cup
Arab,Omani Prince Cup
Arab,Gaza Strip Premier League
Arab,Gaza Strip First League
Arab,Gaza Strip Second League
Arab,West Bank Second League
Arab,Palestine Cup
Arab,Gaza Strip Super Cup
Arab,West Bank Super Cup
Arab,Yasser Arafat Cup
Arab,Pakistan Premier League
Arab,PFF League
Arab,National Football Championship
Arab,Karachi Football League
Arab,Super Football League
Arab,PFF National Challenge Cup
Arab,National Women Football Championship
Arab,Quaid-e-Azam International Tournament
Arab,Philippines Football League
Arab,Copa Paulino Alcantara
Arab,PFF Women's League
Arab,PFF Women's Cup
Arab,PFF National Men's Club Championship
Arab,United Football League Cup
Arab,PFF National Men's Under-19 Championship
Arab,Philippine Football League
Arab,Filipino Premier League
Arab,United Football League
Arab,Philippine Premier League
Arab,University Athletic Association of the Philippines
Arab,Aboitiz Football Cup
Arab,Qatar Stars League
Arab,Second Division League
Arab,Reserve League
Arab,Amir Cup
Arab,Qatari Stars Cup
Arab,Stars League
Arab,Qatar Cup
Arab,Stars League
Arab,Sheikh Jassim Cup
Arab,Stars League
Arab,Amir Cup
Arab,Saudi Pro League
Arab,First Division League
Arab,Second Division League
Arab,Saudi League 3rd Division
Arab,Saudi League 4th Division
Arab,King's Cup
Arab,Saudi Crown Prince Cup
Arab,Saudi Pro League
Arab,First Division League
Arab,Saudi Super Cup
Arab,Saudi Pro League
Arab,King's Cup
Arab,Saudi Federation Cup
Arab,Saudi Women's Premier League
Arab,Singapore Premier League
Arab,Singapore Football League Division 1
Arab,Singapore Football League Division 2
Arab,Singapore Island Wide League
Arab,Cosmopolitan Football League
Arab,Cosmopolitan League Cup
Arab,Equatorial Football League
Arab,Singapore Cup
Arab,Singapore FA Cup
Arab,Singapore Community Shield
Arab,FAS Centre of Excellence Developmental Leagues
Arab,Football Association of Singapore
Arab,FAS Women's Premier League
Arab,Football Association of Singapore
Arab,FAS Women's National League
Arab,Football Association of Singapore
Arab,ESPZEN
Arab,Football Association of Singapore
Arab,D2D International Futsal League
Arab,D2D Arena Futsal League
Arab,D2D Futsal Cup
Arab,K League 1
Arab,K League 2
Arab,K3 League
Arab,K4 League
Arab,ko
Arab,K6 League
Arab,ko
Arab,K7 League
Arab,ko
Arab,Korea National League
Arab,Korea Cup
Arab,K League Super Cup
Arab,K3-K4 Championship
Arab,ko
Arab,K League All-Star Game
Arab,Korean League Cup
Arab,Challengers Cup
Arab,Korea National League Championship
Arab,Adidas Cup
Arab,Daehan Fire Insurance Cup
Arab,Phillip Morriss Cup
Arab,Prospecs Cup
Arab,Hauzen Cup
Arab,WK League
Arab,S1 League
Arab,Kit Premier League Division I
Arab,Kit Premier League Division II
Arab,Sri Lanka FA Cup
Arab,Syrian Premier League
Arab,Syrian League 1st Division
Arab,Syrian League 2nd Division
Arab,Syrian Cup
Arab,Syrian Super Cup
Arab,Taiwan Football Premier League
Arab,Taiwan Football Challenge League
Arab,Intercity Football League
Arab,Taiwan Football Premier League
Arab,Enterprise Football League
Arab,Intercity Football League
Arab,Highschool Football League
Arab,National Youth Cup
Arab,National High School Games
Arab,Chinese Taipei FA Cup
Arab,Taiwan Mulan Football League
Arab,Vysshaya Liga
Arab,Tajikistan First League
Arab,Tajikistan Second League
Arab,Tajikistan Cup
Arab,Tajikistan Super Cup
Arab,TFF Cup
Arab,Thai League 1
Arab,Thai League 2
Arab,Thai League 3
Arab,Thailand Semi-Pro League
Arab,Thailand Amateur League
Arab,Thai League 4
Arab,Thai FA Cup
Arab,Thai League Cup
Arab,Thailand Champions Cup
Arab,Thai League 1
Arab,Thai FA Cup
Arab,Thai League All-Star Football
Arab,Provincial League
Arab,Kor Royal Cup
Arab,Khǒr Royal Cup
Arab,Khor Royal Cup
Arab,Ngor Royal Cup
Arab,Liga Futebol Timor-Leste
Arab,Liga Futebol Amadora Primeira Divisão
Arab,Liga Futebol Amadora Segunda Divisão
Arab,Liga Futebol Amadora Terceira Divisão
Arab,Taça 12 de Novembro
Arab,LFA Super Taça
Arab,Ýokary Liga
Arab,Birinji Liga
Arab,Turkmenistan Cup
Arab,Turkmenistan Super Cup
Arab,UAE Pro League
Arab,UAE First Division League
Arab,UAE Second Division League
Arab,UAE Third Division League
Arab,UAE President's Cup
Arab,UAE League Cup
Arab,UAE FA cup
Arab,UAE Super Cup
Arab,Uzbekistan Super League
Arab,Uzbekistan Pro League
Arab,Uzbekistan Pro-B League
Arab,Uzbekistan Second League
Arab,Uzbekistan Cup
Arab,Uzbekistan League Cup
Arab,Uzbekistan Super Cup
Arab,Uzbekistan PFL Cup
Arab,V.League 1
Arab,V.League 2
Arab,Vietnamese League Two
Arab,Vietnamese League Three
Arab,Vietnamese Women's Football Championship
Arab,Vietnamese National Football Cup
Arab,Vietnamese Super Cup
Arab,Yemeni League
Arab,Yemeni Second Division
Arab,Yemeni President Cup
Arab,Yemeni Super Cup
Arab,Confederation of African Football
Arab,Africa Cup of Nations
Arab,African Nations League
Arab,U-23 Africa Cup of Nations
Arab,U-20 Africa Cup of Nations
Arab,U-17 Africa Cup of Nations
Arab,Women's Africa Cup of Nations
Arab,CAF Women's Olympic Qualifying Tournament
Arab,African U-20 Women's World Cup qualification
Arab,African U-17 Women's World Cup qualification
Arab,African Games
Arab,African Nations Championship
Arab,Afro-Asian Cup of Nations
Arab,CECAFA Cup
Arab,COSAFA Cup
Arab,COSAFA Women's Championship
Arab,WAFU Nations Cup
Arab,U-17 UNIFFAC Cup
Arab,UNAF U-23 Tournament
Arab,CEMAC Cup
Arab,Amílcar Cabral Cup
Arab,CAF Champions League
Arab,CAF Confederation Cup
Arab,CAF Super Cup
Arab,CAF Women's Champions League
Arab,CAF Cup
Arab,African Football League
Arab,African Cup Winners' Cup
Arab,Afro-Asian Club Championship
Arab,UNAF Nessma Cup
Arab,West African Club Championship
Arab,CECAFA Club Cup
Arab,Algerian Ligue Professionnelle 1
Arab,Algerian Ligue Professionnelle 2
Arab,Ligue Nationale
Arab,Ligue Inter-Régions
Arab,Ligue Régional I
Arab,II
Arab,Algerian Cup
Arab,Algerian Super Cup
Arab,Algerian Championnat National
Arab,Algerian Cup
Arab,Algerian League Cup
Arab,Algerian Women's Championship
Arab,Algerian Women's Cup
Arab,Girabola
Arab,Segundona
Arab,Angolan Provincial Football Stage
Arab,Angolan SuperCup
Arab,Girabola
Arab,Angolan Cup
Arab,Angolan Cup
Arab,Angolan Women's Football League
Arab,Campeonato Provincial de Futebol Feminino de Angola
Arab,Benin Premier League
Arab,Benin Second Division
Arab,Benin Cup
Arab,Benin Super Cup
Arab,Botswana Premier League
Arab,Botswana First Division North
Arab,Botswana First Division South
Arab,Botswana Division One
Arab,FA Challenge Cup (Botswana)
Arab,Botswana Independence Cup
Arab,Orange Kabelano Charity Cup
Arab,Mascom Top 8 Cup
Arab,Burkinabé Premier League
Arab,Coupe du Faso
Arab,Burkinabé SuperCup
Arab,Burundi Premier League
Arab,Burundian Cup
Arab,Burundi Super Cup
Arab,Championnat du Cameroun de football
Arab,Cameroon Deuxième Division
Arab,Cameroon Cup
Arab,Super Coupe Roger Milla
Arab,Cape Verdean Football Championship
Arab,Santiago South Premier Division
Arab,Cape Verdean Cup
Arab,Cape Verdean Super Cup
Arab,Cape Verde Independence Cup
Arab,Central African Republic League
Arab,Central African Republic League D2
Arab,Coupe Nationale
Arab,Central African Republic Supercoupe
Arab,Chad Premier League
Arab,Chad Division 2
Arab,Chad Cup
Arab,Chad Super Cup
Arab,Coupe de Ligue de N'Djaména
Arab,Comoros Premier League
Arab,Comoros Cup
Arab,Comoros Super Cup
Arab,Congo Premier League
Arab,Coupe du Congo
Arab,Super Coupe du Congo
Arab,Linafoot
Arab,Linafoot Ligue 2
Arab,Coupe du Congo
Arab,Super Coupe du Congo
Arab,Djibouti Premier League
Arab,Djibouti Cup
Arab,Djibouti Super Cup
Arab,Egyptian Premier League
Arab,Egyptian Second Division A
Arab,Egyptian Second Division B
Arab,Egyptian Third Division
Arab,Egypt Development League
Arab,Egypt Cup
Arab,Egyptian Super Cup
Arab,Egyptian League Cup
Arab,Egypt's Love Cup
Arab,EFA League Cup
Arab,Sultan Hussein Cup
Arab,Equatoguinean Primera División
Arab,Equatorial Guinea Segunda División
Arab,Equatoguinean Cup
Arab,Equatoguinean SuperCup
Arab,Eritrean Premier League
Arab,Eritrean Cup
Arab,Premier League of Eswatini
Arab,Swazi Cup
Arab,Swazi Charity Cup
Arab,Ethiopian Premier League
Arab,Ethiopian Higher League
Arab,Ethiopian First League
Arab,Ethiopian Cup
Arab,Addis Ababa City Cup
Arab,Ethiopian Super Cup
Arab,Gabon Championnat National D1
Arab,Gabon Championnat National D2
Arab,Coupe du Gabon Interclubs
Arab,Supercoupe du Gabon
Arab,GFA League First Division
Arab,GFA League Second Division
Arab,GFA League Third Division
Arab,Gambian Cup
Arab,Gambian Super Cup
Arab,Ghana Premier League
Arab,Ghana Football Leagues
Arab,Ghanaian FA Cup
Arab,Ghana Super Cup
Arab,Guinée Championnat National
Arab,Guinée Coupe Nationale
Arab,Supercoupe de Guinée
Arab,Campeonato Nacional da Guiné-Bissau
Arab,Taça Nacional da Guiné Bissau
Arab,SuperTaça Nacional da Guiné-Bissau
Arab,Ligue 1
Arab,Ligue 2
Arab,Championnat Division 3
Arab,Coupe de Côte d'Ivoire de football
Arab,Coupe Houphouët-Boigny
Arab,Kenyan Premier League
Arab,Kenyan National Super League
Arab,FKF Division One
Arab,Kenyan Regional Leagues
Arab,Kenyan County Champions League
Arab,Kenyan Sub-County Leagues
Arab,FKF President's Cup
Arab,Kenyan Super Cup
Arab,KPL Top 8 Cup
Arab,Lesotho Premier League
Arab,Lesotho A Division
Arab,Lesotho Independence Cup
Arab,MGC Supa 8
Arab,Liberian First Division
Arab,Liberian Second Division League
Arab,LFA Sub-Committee League
Arab,Liberian Cup
Arab,Liberian National County Meet
Arab,Liberian Super Cup
Arab,Libyan Premier League
Arab,Libyan Second Division
Arab,Libyan Third Division
Arab,Libyan Fourth Division
Arab,Libyan Cup
Arab,Libyan League Cup
Arab,Libyan Super Cup
Arab,Malagasy Pro League
Arab,Coupe de Madagascar
Arab,Super Coupe de Madagascar
Arab,Malawi Premier Division
Arab,SRF League
Arab,FMB Under 20 Youth League
Arab,Malawi Carlsberg Cup
Arab,FISD Challenge Cup
Arab,Malawi Presidential Cup
Arab,Malawi Charity Shield
Arab,Malian Première Division
Arab,Malian Division 1
Arab,Malian Cup
Arab,Super Coupe National du Mali
Arab,Ligue 1 Mauritania
Arab,Ligue 2 Mauritania
Arab,Coupe du Président de la République
Arab,Mauritanian Super Cup
Arab,Mauritian League
Arab,Mauritian First Division
Arab,Mauritian Cup
Arab,Mauritian Republic Cup
Arab,Millenium Cup
Arab,Ram Ruhee Memorial Cup
Arab,MFA Super Cup
Arab,Botola Pro
Arab,Botola Pro 2
Arab,Amateur National Championship
Arab,Moroccan Throne Cup
Arab,Moroccan Super Cup
Arab,Botola
Arab,Moroccan Throne Cup
Arab,Moçambola
Arab,Taça de Moçambique
Arab,Supertaça de Moçambique
Arab,Namibia Premier League
Arab,Namibia First Division
Arab,Namibia Women's Super League
Arab,Namibia FA Cup
Arab,Namibian Newspaper Cup
Arab,Namibia Super Cup
Arab,Niger Premier League
Arab,Niger Cup
Arab,Niger Super Cup
Arab,Nigeria Premier Football League
Arab,Nigeria National League
Arab,Nigeria Nationwide League One
Arab,Nigeria Nationwide League Division Two
Arab,Nigeria Nationwide League Division Three
Arab,Non-League
Arab,Nigerian FA Cup
Arab,Nigerian Super Cup
Arab,Super 4 (Nigeria)
Arab,Réunion Premier League
Arab,Coupe de la Réunion
Arab,Coupe de France
Arab,Rwanda Premier League
Arab,Rwandan Second Division
Arab,Rwandan Third Division
Arab,Rwanda Women's Football League
Arab,Rwandan Cup
Arab,Rwandan Super Cup
Arab,São Tomé and Príncipe Championship
Arab,São Tomé Island League
Arab,Príncipe Island League
Arab,Taça Nacional de São Tomé e Principe
Arab,São Tomé Island Cup
Arab,Príncipe Island Cup
Arab,São Tomé and Príncipe Super Cup
Arab,Senegal Premier League
Arab,Senegal Ligue 1
Arab,Senegal Ligue 2
Arab,Senegal Nationale 1
Arab,Senegal Nationale 2
Arab,Senegal FA Cup
Arab,Senegalese Super Cup
Arab,Senegalese League Cup
Arab,Seychelles First Division
Arab,Seychelles Division Two
Arab,Seychelles Division Three
Arab,Airtel Cup
Arab,Seychelles FA Cup
Arab,Sierra Leone National Premier League
Arab,Sierra Leone FA Division One
Arab,Sierra Leone FA Division Two
Arab,Sierra Leonean FA Cup
Arab,Sierra Leonean Charity Shield
Arab,Somali First Division
Arab,Somali Second Division
Arab,Somali Third Division
Arab,Somalia Fourth League
Arab,Somalia Cup
Arab,Somalia Super Cup
Arab,Premier Soccer League
Arab,South African Premiership
Arab,South African Championship
Arab,SAFA Second Division
Arab,SAFA Regional League
Arab,LFA Super League
Arab,PSL Reserve League
Arab,Knockout Cup
Arab,Nedbank Cup
Arab,MTN 8
Arab,South Sudan Football Championship
Arab,South Sudan Premier League
Arab,South Sudan National Cup
Arab,Sudan Premier League
Arab,Khartoum League
Arab,Sudan Cup
Arab,Sudan Super Cup
Arab,Tanzanian Premier League
Arab,Tanzanian First Division League
Arab,Tanzanian Second Division League
Arab,Tanzania FA Cup
Arab,Tanzania Community Shield
Arab,Championnat National de Premiere Division
Arab,Coupe du Togo
Arab,Supercoupe du Togo
Arab,Tunisian Ligue Professionnelle 1
Arab,Tunisian Ligue Professionnelle 2
Arab,Tunisian Ligue 3
Arab,Tunisian Ligue Amateur 4
Arab,Tunisian Ligue Amateur 5
Arab,Tunisian Cup
Arab,Tunisian Super Cup
Arab,Uganda Premier League
Arab,FUFA Big League
Arab,FUFA Women Super League
Arab,FUFA Women Elite League
Arab,Ugandan Cup
Arab,Uganda Super 8 Cup
Arab,Zambia Super League
Arab,Zambia National Division One
Arab,Zambian Cup
Arab,Zambian Independence Cup
Arab,Northern Rhodesia Castle Cup
Arab,ABSA Cup
Arab,Zambian Challenge Cup
Arab,Zambian Coca-Cola Cup
Arab,Zambian Charity Shield
Arab,Zanzibar Premier League
Arab,Zanzibar Cup
Arab,Zanzibari Charity Shield
Arab,Zimbabwe Premier Soccer League
Arab,Zimbabwe Division 1
Arab,Zimbabwe Third Division
Arab,Zimbabwean Independence Trophy
Arab,Cup of Zimbabwe
Arab,BancABC Super8 Cup
Arab,NetOne Charity Shield
Arab,Bob 91 Super Cup
Arab,Uhuru Cup
Arab,Zimbabwe National Army Charity Shield
Arab,CONCACAF
Arab,CONCACAF Gold Cup
Arab,CONCACAF Nations League
Arab,CONCACAF Men's Olympic Qualifying
Arab,CONCACAF Under-20 Championship
Arab,Pan American Games
Arab,CONCACAF Under-17 Championship
Arab,CONCACAF Boys' Under-15 Championship
Arab,CONCACAF W Championship
Arab,CONCACAF W Gold Cup
Arab,CONCACAF Women's Olympic Qualifying
Arab,CONCACAF Women's Under-20 Championship
Arab,CONCACAF Women's Under-17 Championship
Arab,CONCACAF Girls' Under-15 Championship
Arab,CONCACAF Championship
Arab,CONCACAF Cup
Arab,ABCS Tournament
Arab,CFU
Arab,North American Nations Cup
Arab,Copa Centroamericana
Arab,Caribbean Cup
Arab,CONCACAF Champions Cup
Arab,CONCACAF Under-13 Champions League
Arab,CONCACAF League
Arab,CONCACAF Cup Winners Cup
Arab,CONCACAF Giants Cup
Arab,SuperLiga
Arab,Copa Interamericana
Arab,UNCAF Interclub Cup
Arab,Leagues Cup
Arab,Campeones Cup
Arab,CONCACAF Central American Cup
Arab,UNCAF
Arab,CONCACAF Caribbean Cup
Arab,CFU
Arab,CFU Club Shield
Arab,UNCAF Interclub Cup
Arab,UNCAF
Arab,CONCACAF Caribbean Club Championship
Arab,CFU
Arab,AFA Senior Male League
Arab,AFA Senior Female League
Arab,AFA Knockout Cup
Arab,Antigua and Barbuda Premier Division
Arab,Antigua and Barbuda First Division
Arab,Antigua and Barbuda FA Cup
Arab,Aruban Division di Honor
Arab,Aruban Division Uno
Arab,Aruban Division Dos
Arab,Aruban Liga Hubenil
Arab,Torneo Copa Betico Croes
Arab,BFA Senior League
Arab,Grand Bahama Football League
Arab,New Providence Football League
Arab,Bahamas President's Cup
Arab,Grand Bahama FA Cup
Arab,New Providence FA Cup
Arab,Barbados Premier League
Arab,Barbados Division One
Arab,Barbados Division Two
Arab,Barbados FA Cup
Arab,Premier League of Belize
Arab,Belize Premier Football League
Arab,Super League of Belize
Arab,Bermudian Premier Division
Arab,Bermuda First Division
Arab,Bermuda FA Cup
Arab,Bonaire League
Arab,Kopa MCB
Arab,BVIFA National Football League
Arab,Tortola League
Arab,Virgin Gorda League
Arab,Terry Evans Knockout Cup
Arab,Wendol Williams Cup
Arab,Canadian Premier League
Arab,Canadian Premier League Finals
Arab,CPL champion
Arab,CONCACAF Champions League
Arab,Major League Soccer
Arab,Vancouver Whitecaps
Arab,Toronto FC
Arab,CF Montréal
Arab,League1 Ontario
Arab,Canadian Championship
Arab,Premiere Ligue de soccer du Quebec
Arab,League1 British Columbia
Arab,Canadian Championship
Arab,CONCACAF Champions League
Arab,Challenge Trophy
Arab,Cayman Islands Premier League
Arab,Cayman Islands First Division
Arab,Cayman Islands FA Cup
Arab,Cayman Islands Digicel Cup
Arab,Liga FPD
Arab,Liga de Ascenso
Arab,Linafa
Arab,Costa Rican women's football championship
Arab,Costa Rican Cup
Arab,Supercopa de Costa Rica
Arab,Campeonato Nacional de Fútbol de Cuba
Arab,Torneo de Ascenso
Arab,Curaçao Promé Divishon
Arab,Sekshon Amatùr
Arab,Dominica Premiere League
Arab,Dominica First Division
Arab,CFU Club Championship
Arab,Liga Dominicana de Fútbol
Arab,Primera División de Republica Dominicana
Arab,Copa Dominicana de Fútbol
Arab,Salvadoran Primera División
Arab,Segunda División de Fútbol Salvadoreño
Arab,Tercera Division de Fútbol Salvadoreño
Arab,Salvadoran women's football championship
Arab,Copa Presidente
Arab,French Guiana Honor Division
Arab,French Guiana Promotion of Honor
Arab,Coupe de Guyane
Arab,Liga Guate
Arab,Primera División de Ascenso
Arab,Segunda División de Ascenso
Arab,Tercera División de Guatemala
Arab,Copa de Guatemala
Arab,Liga Guate
Arab,Primera División de Ascenso
Arab,National Women's Football League of Guatemala
Arab,GFA Premier Division
Arab,GFA First Division
Arab,GFA Second Division
Arab,GFA Super Knockout Cup
Arab,Guadeloupe Division of Honor
Arab,Guadalupe Honorary Promotion Championship
Arab,Coupe de Guadeloupe
Arab,Coupe de France
Arab,GFF National Super League
Arab,Guyana Mayors Cup
Arab,GFF Super 8 Cup
Arab,Georgetown Regional Cup
Arab,Ligue Haitienne
Arab,Coupe d'Haïti
Arab,Liga Nacional de Fútbol Profesional de Honduras
Arab,Liga Nacional de Ascenso de Honduras
Arab,Liga Mayor de Futbol de Honduras
Arab,Honduran Cup
Arab,Honduran Supercup
Arab,Jamaica National Premier League
Arab,KSAFA Super League
Arab,South Central Confederation Super League
Arab,Eastern Confederation Super League
Arab,Western Confederation Super League
Arab,JFF Champions Cup
Arab,Martinique Championnat National
Arab,Martinique Promotion d'Honneur
Arab,Coupe de la Martinique
Arab,Coupe de France
Arab,Liga MX
Arab,Liga de Expansión MX
Arab,Liga MX
Arab,Liga Premier de México
Arab,Serie A de México
Arab,Liga de Expansión MX
Arab,Serie B de México
Arab,Serie A de México
Arab,Liga TDP
Arab,Ascenso MX
Arab,Copa MX
Arab,Liga MX
Arab,Liga de Expansión MX
Arab,Campeón de Campeones
Arab,Liga MX
Arab,Supercopa MX
Arab,Copa MX
Arab,Liga MX Femenil
Arab,Super Liga Femenil de Fútbol
Arab,Montserrat Championship
Arab,Nicaraguan Primera División
Arab,Segunda División de Nicaragua
Arab,Tercera Division de Nicaragua
Arab,Nicaraguan women's football championship
Arab,Copa de Nicaragua
Arab,Liga Panameña de Fútbol
Arab,Liga Nacional de Ascenso
Arab,Copa Rommel Fernández
Arab,Copa Panamá
Arab,Liga Puerto Rico
Arab,Puerto Rico Soccer League
Arab,Liga Mayor de Fútbol Nacional
Arab,Campeonato Nacional de Fútbol de Puerto Rico
Arab,Liga Nacional de Fútbol de Puerto Rico
Arab,Torneo de Copa de Puerto Rico
Arab,Copa Luis Villarejo
Arab,Puerto Rico Soccer League Regular Season Cup
Arab,Puerto Rico Soccer League PlayOff Cup
Arab,Puerto Rico Cup of Excellence
Arab,SKNFA Super League
Arab,SKNFA Division 1
Arab,Saint Kitts and Nevis National Cup
Arab,SLFA First Division
Arab,SLFA Second Division
Arab,Saint Lucia FA Cup
Arab,SLFA President's Cup
Arab,Saint-Martin Senior League
Arab,Coupe des Îles du Nord
Arab,Coupe de Saint-Martin
Arab,Saint Vincent and the Grenadines Football Federation
Arab,Sint Maarten Senior League
Arab,Suriname Major League
Arab,SVB Tweede Divisie
Arab,SVB Derde Divisie
Arab,Beker van Suriname
Arab,Suriname President's Cup
Arab,Provo Premier League
Arab,Turks and Caicos FA Cup
Arab,TT Premier Football League
Arab,TT Super League
Arab,Tobago Premier Division
Arab,Trinidad and Tobago FA Trophy
Arab,Trinidad and Tobago Charity Shield
Arab,Trinidad and Tobago League Cup
Arab,Trinidad and Tobago Classic
Arab,Trinidad and Tobago Goal Shield
Arab,Trinidad and Tobago Pro Bowl
Arab,Trinidad and Tobago Super League Cup
Arab,U.S. Virgin Islands Championship
Arab,St Croix Soccer League
Arab,St Thomas League
Arab,Major League Soccer
Arab,MLS Cup Playoffs
Arab,MLS Cup
Arab,Canada
Arab,USL Championship
Arab,United Soccer League
Arab,USL Championship Final
Arab,MLS Next Pro
Arab,National Independent Soccer Association
Arab,USL League One
Arab,United Soccer League
Arab,National Premier Soccer League
Arab,NISA Nation
Arab,USL League Two
Arab,United Soccer League
Arab,Canada
Arab,United Premier Soccer League
Arab,USASA
Arab,Regional Elite Amateur and State Premier Leagues
Arab,State Leagues
Arab,United Premier Soccer League
Arab,U.S. Open Cup
Arab,MLS All-Star Game
Arab,George F. Donnelly Cup
Arab,Hank Steinbrecher Cup
Arab,National Amateur Cup
Arab,MLS Next
Arab,United States Club Soccer
Arab,Super-20 League
Arab,United Soccer League
Arab,Super Y-League
Arab,United Soccer League
Arab,National Women's Soccer League
Arab,United Women's Soccer
Arab,one team
Arab,Canada
Arab,Women's Premier Soccer League
Arab,Canada
Arab,Puerto Rico
Arab,United States Adult Soccer Association
Arab,NWSL Challenge Cup
Arab,USASA National Women's Cup
Arab,USASA National Women's Amateur
Arab,US Soccer National Amateur Championships
Arab,United Soccer Association
Arab,National Professional Soccer League
Arab,North American Soccer League (former)
Arab,American Soccer League (1933–83)
Arab,United Soccer League (former)
Arab,Western Soccer Alliance
Arab,American Soccer League (1988–89)
Arab,American Professional Soccer League
Arab,A-League
Arab,United Soccer Leagues
Arab,USL First Division
Arab,United Soccer Leagues
Arab,USSF Division 2 Professional League
Arab,USL Second Division
Arab,United Soccer Leagues
Arab,Women's United Soccer Association
Arab,Women's Professional Soccer
Arab,Women's Premier Soccer League Elite
Arab,USL W-League
Arab,United Soccer Leagues
Arab,Major Arena Soccer League
Arab,Canada
Arab,Mexico
Arab,Major Arena Soccer League 2
Arab,Premier Arena Soccer League
Arab,Mexico
Arab,United States Open Cup for Arena Soccer
Arab,North American Soccer League (1968–1984)
Arab,Major Indoor Soccer League (1978–92)
Arab,Continental Indoor Soccer League
Arab,National Professional Soccer League (1984–2001)
Arab,Major Indoor Soccer League (2001–08)
Arab,Major Indoor Soccer League (2008–14)
Arab,American Indoor Soccer League
Arab,Xtreme Soccer League
Arab,CONMEBOL
Arab,CONMEBOL
Arab,CONMEBOL Copa América
Arab,CONMEBOL Preolímpico
Arab,CONMEBOL Sudamericano Sub20
Arab,CONMEBOL Sudamericano Sub17
Arab,CONMEBOL Sudamericano Sub15
Arab,CONMEBOL Copa América Femenina
Arab,CONMEBOL Sudamericano Sub20 Femenino
Arab,CONMEBOL Sudamericano Sub17 Femenino
Arab,Pan American Games
Arab,Copa del Pacífico
Arab,Panamerican Championship
Arab,Superclásico de las Américas
Arab,CONMEBOL Libertadores
Arab,CONMEBOL Sudamericana
Arab,CONMEBOL Recopa
Arab,CONMEBOL Libertadores Femenina
Arab,Supercopa Libertadores
Arab,Copa Conmebol
Arab,Copa Mercosur
Arab,Copa Merconorte
Arab,Copa Simón Bolívar
Arab,Copa Ganadores de Copa
Arab,Copa Interamericana
Arab,Copa de Oro
Arab,Copa Master de CONMEBOL
Arab,Copa Master de Supercopa
Arab,Copa Iberoamericana
Arab,Intercontinental Champions' Supercup
Arab,South American Championship of Champions
Arab,J.League Cup / Copa Sudamericana Championship
Arab,Intercontinental Cup
Arab,Liga Profesional de Fútbol
Arab,Primera Nacional
Arab,Copa Argentina
Arab,Trofeo de Campeones de la Liga Profesional
Arab,Supercopa Argentina
Arab,Supercopa Internacional
Arab,Campeonato de Fútbol Femenino de Primera División A
Arab,Campeonato de Fútbol Femenino de Primera División B
Arab,Campeonato de Fútbol Femenino de Primera División C
Arab,es
Arab,Primera B
Arab,Primera C
Arab,Torneo Promocional Amateur
Arab,Torneo Federal A
Arab,Torneo Regional Federal
Arab,Torneo Federal A
Arab,Regional Leagues
Arab,División de Fútbol Profesional
Arab,Copa Simón Bolívar
Arab,Bolivian Football Regional Leagues
Arab,Liga Nacional B
Arab,Copa Bolivia
Arab,Campeonato Brasileiro Série A
Arab,Campeonato Brasileiro Série B
Arab,Campeonato Brasileiro Série C
Arab,Campeonato Brasileiro Série D
Arab,Copa do Brasil
Arab,Copa Verde
Arab,Copa do Nordeste
Arab,Supercopa do Brasil
Arab,Copa Verde
Arab,Copa do Nordeste
Arab,Copa Paulista
Arab,Copa Centro-Oeste
Arab,Copa Norte
Arab,Campeonato Brasileiro Sub-23
Arab,Campeonato Brasileiro Sub-20
Arab,Copa do Brasil Sub-20
Arab,Supercopa do Brasil Sub-20
Arab,Campeonato Brasileiro Sub-17
Arab,Copa do Brasil Sub-17
Arab,Supercopa do Brasil Sub-17
Arab,Campeonato Brasileiro de Futebol Feminino Série A1
Arab,Campeonato Brasileiro de Futebol Feminino Série A2
Arab,Campeonato Brasileiro de Futebol Feminino Série A3
Arab,Copa do Brasil de Futebol Feminino
Arab,Copa Sul-Minas
Arab,Torneio Rio-São Paulo
Arab,Primeira Liga
Arab,Copa dos Campeões
Arab,Brazilian states football championships
Arab,Campeonato Acreano
Arab,Campeonato Amazonense
Arab,Campeonato Roraimense
Arab,Campeonato Paraense
Arab,Campeonato Rondoniense
Arab,Campeonato Tocantinense
Arab,Campeonato Amapaense
Arab,Campeonato Baiano
Arab,Campeonato Pernambucano
Arab,Campeonato Alagoano
Arab,Campeonato Sergipano
Arab,Campeonato Potiguar
Arab,Campeonato Maranhense
Arab,Campeonato Piauiense
Arab,Campeonato Cearense
Arab,Campeonato Paraibano
Arab,Campeonato Matogrossense
Arab,Campeonato Sul-Matogrossense
Arab,Campeonato Goiano
Arab,Campeonato Brasiliense
Arab,Campeonato Paulista
Arab,Campeonato Carioca
Arab,Campeonato Mineiro
Arab,Campeonato Capixaba
Arab,Campeonato Gaúcho
Arab,Campeonato Catarinense
Arab,Campeonato Paranaense
Arab,Primera División
Arab,Primera División B
Arab,Segunda División Profesional
Arab,Tercera División A
Arab,Tercera División B
Arab,Copa Chile
Arab,Supercopa de Chile
Arab,Primera División Femenina
Arab,Primera División B Femenina
Arab,Primera A
Arab,Primera B
Arab,Copa Colombia
Arab,Superliga Colombiana
Arab,Serie A
Arab,Serie B
Arab,Segunda Categoría
Arab,Copa Ecuador
Arab,Supercopa Ecuador
Arab,Primera División
Arab,Segunda División
Arab,Tercera División
Arab,Primera División B Metropolitana
Arab,Paraguayan Primera División B Nacional
Arab,Campeonato Nacional de Interligas
Arab,Cuarta División
Arab,Primera División C
Arab,Paraguay's regional leagues
Arab,Copa Paraguay
Arab,Supercopa Paraguay
Arab,Liga 1
Arab,Liga 2
Arab,Liga 3
Arab,Copa Perú
Arab,Ligas Departamentales del Perú
Arab,Ligas Provinciales del Peru
Arab,Ligas Distritales del Peru
Arab,Copa LFP - FPF
Arab,Copa Bicentenario
Arab,Torneo del Inca
Arab,Supercopa Peruana
Arab,Copa Federación
Arab,Copa de Campeones del Perú
Arab,Primera División
Arab,Segunda División
Arab,Primera División Amateur
Arab,Uruguayan Liga Metropolitana Amateur
Arab,Supercopa Uruguaya
Arab,Copa Uruguay
Arab,Torneo Intermedio(Uruguay)
Arab,es
Arab,Primera División
Arab,Segunda División
Arab,Tercera Division
Arab,Copa Venezuela
Arab,OFC
Arab,OFC
Arab,Tahiti
Arab,OFC Men's Nations Cup
Arab,Pacific Games
Arab,OFC Men's Olympic Qualifier
Arab,OFC U-19 Championship
Arab,OFC U-16 Championship
Arab,OFC Women's Nations Cup
Arab,OFC U-19 Women's Championship
Arab,OFC U-16 Women's Championship
Arab,MSG Prime Minister's Cup
Arab,Wantok Cup
Arab,Polynesia Cup
Arab,OFC Men's Champions League
Arab,OFC Pro League
Arab,OFC Women's Champions League
Arab,Oceania Cup Winners' Cup
Arab,OFC President's Cup
Arab,Melanesian Super Cup
Arab,ASFA Soccer League
Arab,1
Arab,2
Arab,FFAS President's Cup
Arab,Cook Islands Round Cup
Arab,Cook Islands Cup
Arab,Fiji Premier League
Arab,Fiji Senior League
Arab,Inter-District Championship
Arab,Club Franchise League
Arab,FF Cup
Arab,Fiji Battle of the Giants
Arab,Fiji Champion versus Champion
Arab,Girmit Soccer Tournament
Arab,Kiribati National Championship
Arab,New Caledonia Super Ligue
Arab,New Caledonia Second Level
Arab,Coupe de Calédonie
Arab,National League
Arab,Northern League
Arab,National League
Arab,Central League
Arab,National League
Arab,Southern League
Arab,National League
Arab,Chatham Cup
Arab,Charity Cup
Arab,New Zealand National League
Arab,Chatham Cup
Arab,Women's National League
Arab,Kate Sheppard Cup
Arab,NRFL Championship
Arab,NRFL Conference
Arab,NRF League One
Arab,Central League 2
Arab,Central Federation League
Arab,Capital Premier
Arab,Central Federation Cup
Arab,Central Football
Arab,Canterbury Premiership League
Arab,Nelson Bays Premiership League
Arab,Southern Premiership League
Arab,Canterbury Championship League
Arab,South Canterbury Division 1
Arab,Fletcher Cup
Arab,Donald Gray Memorial Cup
Arab,English Cup
Arab,Mainland Football
Arab,Reta Fitzpatrick Cup
Arab,Mainland Football
Arab,Papua New Guinea National Soccer League
Arab,Papua New Guinea National Club Championship
Arab,Papua New Guinea FA Cup
Arab,Samoa National League
Arab,Samoa Cup
Arab,Solomon Islands S-League
Arab,Honiara FA League
Arab,The Solomon Islands Knockout Championship
Arab,Solomon Islands National Club Championship (2000–10)
Arab,Interprovincial Tournament 1977–1985
Arab,Solomon Cup
Arab,Malaita Cup
Arab,Tahitian Ligue 1
Arab,Tahitian Ligue 2
Arab,Tahiti Cup
Arab,Tahiti Coupe des Champions
Arab,Tonga Major League
Arab,Tonga Division II
Arab,Tonga Cup
Arab,Tuvalu A-Division
Arab,Tuvalu B-Division
Arab,Tuvalu A-Division League (women's)
Arab,Taganoa Cup
Arab,Independence Cup
Arab,Christmas Cup
Arab,Tuvalu Games
Arab,Port Vila Football League
Arab,VFF National Super League
Arab,Port Vila Shield
Arab,Port Vila FA Cup
Arab,UEFA
Arab,UEFA
Arab,UEFA European Championship
Arab,UEFA Nations League
Arab,UEFA Euro
Arab,European Qualifiers
Arab,FIFA World Cup
Arab,UEFA Nations League Finals
Arab,Baltic Cup
Arab,Estonian
Arab,Latvian
Arab,Lithuanian
Arab,UEFA Under-21 Championship
Arab,Men's Olympic Football Tournament
Arab,UEFA Under-19 Championship
Arab,UEFA Under-17 Championship
Arab,UEFA Women's Championship
Arab,UEFA Women's Nations League
Arab,UEFA Women's Championship
Arab,FIFA Women's World Cup
Arab,Women's Olympic Football Tournament
Arab,Baltic Women's Cup
Arab,Estonian
Arab,Latvian
Arab,Lithuanian
Arab,UEFA Women's Under-19 Championship
Arab,UEFA Women's Under-17 Championship
Arab,UEFA Futsal Championship
Arab,UEFA Amateur Cup
Arab,4 Associations' Tournament
Arab,2011
Arab,Northern Ireland
Arab,Republic of Ireland
Arab,Scotland
Arab,Wales
Arab,Balkan Cup
Arab,Balkan
Arab,British Home Championship
Arab,United Kingdom
Arab,Central European International Cup
Arab,Nordic Football Championship
Arab,Scandinavia
Arab,UEFA Super Cup
Arab,UEFA Champions League
Arab,UEFA Europa League
Arab,UEFA Champions League
Arab,UEFA Europa League
Arab,UEFA Conference League
Arab,UEFA Regions' Cup
Arab,Amateur
Arab,FENIX Trophy
Arab,Livonia Cup
Arab,Estonian
Arab,Latvian
Arab,Champions Cup (All-Ireland)
Arab,League of Ireland Premier Division
Arab,NIFL Premiership
Arab,UEFA Youth League
Arab,UEFA Women's Champions League
Arab,UEFA Futsal Champions League
Arab,UEFA Intertoto Cup
Arab,UEFA Cup Winners' Cup
Arab,Intercontinental Cup
Arab,UEFA
Arab,CONMEBOL
Arab,Baltic League
Arab,Estonian
Arab,Latvian
Arab,Lithuanian
Arab,Royal League
Arab,Danish
Arab,Norwegian
Arab,Swedish
Arab,Setanta Sports Cup
Arab,Irish
Arab,Northern Irish
Arab,Blaxnit Cup
Arab,Irish
Arab,Northern Irish
Arab,Inter-Cities Fairs Cup
Arab,Balkans Cup
Arab,Balkan
Arab,Latin Cup
Arab,French
Arab,Italian
Arab,Portuguese
Arab,Spanish
Arab,Mitropa Cup
Arab,Anglo-Italian Cup
Arab,Kategoria Superiore
Arab,Kategoria e Parë
Arab,Kategoria e Dytë
Arab,A
Arab,B
Arab,Kategoria e Tretë
Arab,Superkupa e Shqipërisë
Arab,Kategoria Superiore
Arab,Kupa e Shqipërisë
Arab,Kupa e Shqipërisë
Arab,Albanian U-19 Superliga
Arab,Albanian U-19 First Division
Arab,Albanian U-17 Superliga
Arab,Albanian U-17 First Division
Arab,Albanian women's football championship
Arab,Albanian Women's Cup
Arab,Albanian Futsal Cup
Arab,Primera Divisió
Arab,Segona Divisió
Arab,Andorran Supercup
Arab,Campionat de Lliga
Arab,Copa Constitució
Arab,Copa Constitució
Arab,Armenian Premier League
Arab,Armenian First League
Arab,Armenian Supercup
Arab,Armenian Premier League
Arab,Armenian Cup
Arab,Armenian Cup
Arab,Bundesliga
Arab,2. Liga
Arab,Austrian Regionalliga
Arab,Central
Arab,East
Arab,West
Arab,Austrian Landesliga
Arab,Vorarlberg
Arab,Tirol
Arab,Salzburg
Arab,Oberösterreich
Arab,Steiermark
Arab,Kärnten
Arab,Niederösterreich
Arab,Wien
Arab,Burgenland
Arab,Austrian 2. Landesliga
Arab,ÖFB-Cup
Arab,ÖFB-Supercup
Arab,ÖFB:Bundesliga
Arab,ÖFB-Cup
Arab,Niederösterreichischer Landespokal
Arab,Azerbaijan Premier League
Arab,Azerbaijan First Division
Arab,A
Arab,B
Arab,Azerbaijan Regional League
Arab,AFFA Amateur League
Arab,Azerbaijan Cup
Arab,Azerbaijan Supercup
Arab,Azerbaijan Premier League
Arab,Azerbaijan Cup
Arab,Belarusian Premier League
Arab,Belarusian First League
Arab,Belarusian Second League
Arab,Belarusian Cup
Arab,Belarusian Super Cup
Arab,Belarusian Premier League
Arab,Belarusian Cup
Arab,Belgian Pro League
Arab,Challenger Pro League
Arab,Belgian National Division 1
Arab,Belgian Division 2
Arab,Belgian Division 3
Arab,Belgian Provincial Leagues
Arab,Belgian Cup
Arab,Belgian Super Cup
Arab,Belgian First Division A
Arab,Belgian Cup
Arab,Premier League of Bosnia and Herzegovina
Arab,Prva Liga Federacija Bosne i Hercegovine
Arab,First League of the Republika Srpska
Arab,Druga Liga Federacija Bosne i Hercegovine
Arab,Sjever
Arab,Centar
Arab,Jug
Arab,Zapad
Arab,Druga Liga Republike Srpske
Arab,Istok
Arab,Zapad
Arab,Prva Liga TK
Arab,Druga Liga TK
Arab,Zapad
Arab,Sjever
Arab,Jug
Arab,Kup Bosne i Hercegovine
Arab,Kup Federacija Bosne i Hercegovine
Arab,Kup Federacija Republike Srpske
Arab,Bosnian Supercup
Arab,Premier League of Bosnia and Herzegovina
Arab,Kup Bosne i Hercegovine
Arab,First League of Herzeg-Bosnia
Arab,Bulgarian First League
Arab,Bulgarian Second League
Arab,Bulgarian Third Amateur Football League
Arab,North-West
Arab,North-East
Arab,South-West
Arab,South-East
Arab,Bulgarian Regional Football Groups
Arab,Bulgarian Army Championship
Arab,Bulgarian Student Championship
Arab,Bulgarian Cup
Arab,Bulgarian Supercup
Arab,Bulgarian A Professional Football Group
Arab,Bulgarian Cup
Arab,Bulgarian Amateur Football League cup
Arab,Bulgarian Village Championship
Arab,Bulgarian Railway-man's Championship
Arab,Bulgarian State Championship
Arab,Bulgarian National Football Division
Arab,Bulgarian Republican Championship
Arab,Bulgarian Premier League
Arab,Bulgarian Second League
Arab,Bulgarian First League
Arab,Bulgarian Tsar's Cup
Arab,Soviet Army Cup
Arab,Bulgarian Football Union Cup
Arab,Bulgarian Profesional Football League Cup
Arab,Bulgarian Women Championship
Arab,HNL
Arab,Prva NL
Arab,Druga NL
Arab,Treća NL
Arab,First County Football League
Arab,Hrvatski nogometni kup
Arab,Croatian Football Super Cup
Arab,HNL
Arab,Hrvatski nogometni kup
Arab,Eternal derby
Arab,Hajduk Split
Arab,Dinamo Zagreb
Arab,Cypriot First Division
Arab,Cypriot Second Division
Arab,Cypriot Third Division
Arab,Cypriot Fourth Division
Arab,Cypriot Cup
Arab,Cypriot Cup for lower divisions
Arab,Cyprus FA Shield
Arab,Cypriot First Division
Arab,Cypriot Cup
Arab,Czech First League
Arab,Czech National League
Arab,Bohemian Football League
Arab,Moravian–Silesian Football League
Arab,Czech Fourth Division
Arab,Regional Championship
Arab,Prague Championship
Arab,Football I. A class
Arab,Football I. B class
Arab,Football II. class
Arab,Prague II. class
Arab,Football III. class
Arab,Football IV. class
Arab,Czech Cup
Arab,Czech Supercup
Arab,Czech First League
Arab,Czech Cup
Arab,Tipsport liga
Arab,Czech Republic
Arab,Women's Czech First Division
Arab,Czech Women's Cup
Arab,Danish Superliga
Arab,Danish 1st Division
Arab,Danish 2nd Division
Arab,Danish 3rd Division
Arab,Denmark Series
Arab,Danish Cup
Arab,Danish League Cup
Arab,The Football Tournament
Arab,Baneklubberne Tournaments
Arab,Copenhagen football champions
Arab,Copenhagen Cup
Arab,Danish Supercup
Arab,Fionia Bank Cup
Arab,Viasat Cup
Arab,Elitedivisionen
Arab,Kvinde 1. division
Arab,Danish Women's Cup
Arab,Premier League
Arab,EFL Championship
Arab,English Football League
Arab,EFL League One
Arab,English Football League
Arab,EFL League Two
Arab,English Football League
Arab,National League
Arab,National League
Arab,National League North
Arab,National League South
Arab,Northern Premier League
Arab,Premier Division
Arab,Division One East
Arab,Division One West
Arab,Southern Football League
Arab,Premier Division
Arab,Division One Midlands
Arab,Division One South & West
Arab,Isthmian League
Arab,Premier Division
Arab,Division One North
Arab,Division One South
Arab,Several interconnected sub-regional leagues
Arab,Combined Counties League Premier Division North
Arab,Combined Counties League Premier Division South
Arab,Eastern Counties League Premier Division
Arab,Essex Senior League
Arab,Hellenic League Premier Division
Arab,Midland League Premier Division
Arab,North West Counties League Premier Division
Arab,Northern Counties East League Premier Division
Arab,Northern League Division One
Arab,Southern Combination League Premier Division
Arab,Southern Counties East League Premier Division
Arab,Spartan South Midlands League Premier Division
Arab,United Counties League Premier Division North
Arab,United Counties League Premier Division South
Arab,Wessex League Premier Division
Arab,Western League Premier Division
Arab,Combined Counties League Division One
Arab,Eastern Counties League Division One North
Arab,Eastern Counties League Division One South
Arab,Hellenic League Division One
Arab,Midland League Division One
Arab,North West Counties League Division One North
Arab,North West Counties League Division One South
Arab,Northern Counties East League Division One
Arab,Northern League Division Two
Arab,South West Peninsula League Premier Division East
Arab,South West Peninsula League Premier Division West
Arab,Southern Combination Football League Division One
Arab,Southern Counties East League Division One
Arab,Spartan South Midlands League Division One
Arab,United Counties League Division One
Arab,Wessex League Division One
Arab,Western League Division One
Arab,Several regional/county feeder leagues
Arab,Anglian Combination Premier Division
Arab,Bedfordshire County League Premier Division
Arab,Cambridgeshire County League Premier Division
Arab,Central Midlands Alliance Premier Division North
Arab,Central Midlands Alliance Premier Division South
Arab,Cheshire League Premier Division
Arab,Devon Football League
Arab,Essex Alliance League
Arab,Essex & Suffolk Border League Premier Division
Arab,Essex Olympian League Premier Division
Arab,Gloucestershire County League
Arab,Hampshire Premier League
Arab,Herefordshire football League Premier Division
Arab,Hertfordshire Senior County League Premier Division
Arab,Humber Premier League Premier Division
Arab,Isle of Wight Saturday League Division One
Arab,Kent County League Premier Division
Arab,Leicestershire Senior League Premier Division
Arab,Lincolnshire League
Arab,Liverpool County Premier League Premier Division
Arab,Manchester League Premier Division
Arab,Mid-Sussex League Premier Division
Arab,Middlesex County League Premier Division
Arab,Midland League Division Two
Arab,Northamptonshire Combination League Premier Division
Arab,Northern Alliance Premier Division
Arab,North Riding League Premier Division
Arab,Nottinghamshire Senior League Senior Division
Arab,Oxfordshire Senior League Premier Division
Arab,Peterborough & District League Premier Division
Arab,Sheffield & Hallamshire County Senior League Premier Division
Arab,Shropshire County Football League Premier Division
Arab,Shropshire County Football League Premier Division
Arab,Somerset County League Premier Division
Arab,Southern Combination League Division Two
Arab,Spartan South Midlands League Division Two
Arab,St Piran League Premier Division East
Arab,St Piran League Premier Division West
Arab,Staffordshire County Senior League Premier Division
Arab,Suffolk & Ipswich League Senior Division
Arab,Surrey Premier County Football League
Arab,Thames Valley Premier League Premier Division
Arab,Wearside League Premier Division
Arab,West Cheshire League Division One
Arab,West Lancashire League Premier Division
Arab,West Midlands (Regional) League Division One
Arab,West Yorkshire League Premier Division
Arab,Wiltshire Senior League Premier Division
Arab,York League Premier Division
Arab,Yorkshire Amateur League Supreme Division
Arab,FA Cup
Arab,EFL Cup
Arab,Premier League
Arab,English Football League
Arab,FA Community Shield
Arab,Premier League
Arab,FA Cup
Arab,EFL Trophy
Arab,EFL League One
Arab,EFL League Two
Arab,EFL Championship
Arab,Premier League
Arab,FA Trophy
Arab,FA Vase
Arab,FA Inter-League Cup
Arab,county football associations
Arab,Premier League 2
Arab,Professional Development League
Arab,National League Cup
Arab,Premier League International Cup
Arab,Premier League Cup
Arab,U18 Premier League
Arab,U18 Professional Development League
Arab,FA Youth Cup
Arab,Women's Super League
Arab,FA Women's Championship
Arab,FA Women's National League
Arab,National Division
Arab,Northern Division
Arab,Southern Division
Arab,Women's FA Cup
Arab,FA Women's League Cup
Arab,FA Women's National League Cup
Arab,FA Women's National League
Arab,Women's FA Community Shield
Arab,Women's Super League
Arab,Women's FA Cup
Arab,Meistriliiga
Arab,Esiliiga
Arab,Esiliiga B
Arab,II liiga
Arab,III liiga
Arab,IV liiga
Arab,Naiste Meistriliiga
Arab,Estonian Cup
Arab,Estonian Supercup
Arab,Estonian Small Cup
Arab,Estonian Women's Cup
Arab,Faroe Islands Premier League
Arab,1. Deild
Arab,2. Deild
Arab,3. Deild
Arab,1. delid kvinnur
Arab,Faroe Islands Cup
Arab,Faroe Islands Super Cup
Arab,FSF Trophy
Arab,Faroese Women's Cup
Arab,Faroese Women's Super Cup
Arab,Veikkausliiga
Arab,Ykkönen
Arab,Kakkonen
Arab,Kolmonen
Arab,Nelonen
Arab,Finnish Cup
Arab,Finnish League Cup
Arab,Ligue 1
Arab,Ligue de Football Professionnel
Arab,Ligue 2
Arab,Ligue de Football Professionnel
Arab,National
Arab,National 2
Arab,A
Arab,B
Arab,C
Arab,D
Arab,National 3
Arab,A
Arab,B
Arab,C
Arab,D
Arab,E
Arab,F
Arab,G
Arab,H
Arab,Régional 1
Arab,Coupe de France
Arab,Trophée des Champions
Arab,Ligue 1
Arab,Coupe de France
Arab,Coupe de la Ligue
Arab,Ligue de Football Professionnel
Arab,Championnat National U19
Arab,Coupe Gambardella
Arab,Championnat National U17
Arab,Division 1 Féminine
Arab,Division 2 Féminine
Arab,Coupe de France féminine
Arab,Erovnuli Liga
Arab,Erovnuli Liga 2
Arab,Georgian Liga 3
Arab,Liga 4
Arab,Regionuli Liga
Arab,Women's football championship
Arab,Georgian Cup
Arab,Georgian Super Cup
Arab,Bundesliga
Arab,2. Bundesliga
Arab,3. Liga
Arab,Regionalliga
Arab,Nord
Arab,Nordost
Arab,West
Arab,Südwest
Arab,Bayern
Arab,Oberliga
Arab,Schleswig-Holstein
Arab,Hamburg
Arab,Bremen
Arab,Niedersachsenliga
Arab,Nordost-Nord
Arab,Nordost-Süd
Arab,Westfalen
Arab,Südwest
Arab,Hessen
Arab,Baden-Württemberg
Arab,Bayernliga
Arab,Bayernliga
Arab,Mittelrhein
Arab,Niederrhein
Arab,Landesliga
Arab,Verbandsliga
Arab,Gruppenliga
Arab,Bezirksliga
Arab,Kreisliga
Arab,DFB-Pokal
Arab,Verbandspokal
Arab,Franz Beckenbauer Supercup
Arab,Bundesliga
Arab,DFB Pokal
Arab,Under 19 Bundesliga
Arab,Under 17 Bundesliga
Arab,Frauen-Bundesliga
Arab,2. Frauen-Bundesliga
Arab,Frauen-Regionalliga
Arab,DFB-Pokal Frauen
Arab,Frauen Verbandspokal
Arab,Gauliga
Arab,Third Reich
Arab,DDR-Oberliga
Arab,East Germany
Arab,FDGB-Pokal
Arab,East Germany
Arab,DFL-Ligapokal
Arab,Gibraltar Football League
Arab,Gibraltar Premier Division
Arab,Gibraltar Second Division
Arab,Gibraltar Intermediate League
Arab,Gibraltar women's football championship
Arab,Rock Cup
Arab,Pepe Reyes Cup
Arab,Gibraltar Division 2 Cup
Arab,Gibraltar Intermediate Cup
Arab,Gibraltar Premier Cup
Arab,Women's Rock Cup
Arab,Super League 1
Arab,Super League 2
Arab,Gamma Ethniki
Arab,Hellenic Amateur Divisions (local championships)
Arab,Football League Greece
Arab,Delta Ethniki
Arab,Greek Cup
Arab,Cup of Friendship and Solidarity
Arab,Super League 1
Arab,Greek Cup
Arab,Greek Football Amateur Cup
Arab,Amateurs' Super Cup Greece
Arab,Greek League Cup
Arab,Gamma Ethniki Cup
Arab,Greek A Division (women's football)
Arab,Greek Women's Cup
Arab,NBI
Arab,NBII
Arab,NBIII
Arab,Megyei Bajnokság I
Arab,Megyei Bajnokság II
Arab,Női NB I
Arab,Magyar Kupa
Arab,Szuperkupa
Arab,Hungarian Women's Cup
Arab,Besta deild karla
Arab,1. deild karla
Arab,2. deild karla
Arab,3. deild karla
Arab,4. deild karla
Arab,Besta deild kvenna
Arab,1. deild kvenna
Arab,2. deild kvenna
Arab,Icelandic Men's Football Cup
Arab,Icelandic Men's Football Super Cup
Arab,Icelandic Men's Football League Cup
Arab,Fótbolti.net Cup
Arab,Reykjavik Tournament
Arab,Icelandic Women's Football Cup
Arab,Icelandic Women's Super Cup
Arab,Icelandic Women's Football League Cup
Arab,Ligat Ha`Al
Arab,Liga Leumit
Arab,Liga Alef
Arab,Liga Bet
Arab,Liga Gimel
Arab,Ligat Nashim Rishona
Arab,Ligat Nashim Shniya
Arab,Noar Premier League
Arab,Noar Leumit League
Arab,Noar Arzit
Arab,Israel State Cup
Arab,Israel Super Cup
Arab,Toto Cup
Arab,Ligat Ha`Al
Arab,Liga Leumit
Arab,Israeli Women's Cup
Arab,Israel Noar State Cup
Arab,Serie A
Arab,Lega Serie A
Arab,Lega Nazionale Professionisti
Arab,Serie B
Arab,Lega B
Arab,Serie C
Arab,Lega Italiana Calcio Professionistico
Arab,Supercoppa Serie C
Arab,Lega Pro Prima Divisione
Arab,Lega Pro Seconda Divisione
Arab,Serie D
Arab,Lega Nazionale Dilettanti
Arab,Eccellenza
Arab,Regional
Arab,Promozione
Arab,Prima Categoria
Arab,Seconda Categoria
Arab,Terza Categoria
Arab,Provincial
Arab,Trofeo delle Regioni
Arab,Coppa Italia Primavera
Arab,Coppa Italia
Arab,Supercoppa Italiana
Arab,Serie A
Arab,Coppa Italia
Arab,Coppa Italia Serie C
Arab,Supercoppa Serie C
Arab,Supercoppa di Lega di Seconda Divisione
Arab,Coppa Italia Serie D
Arab,Coppa Italia Dilettanti
Arab,Campionato Primavera 1
Arab,Campionato Nazionale Primavera
Arab,Campionato Primavera 2
Arab,Campionato Nazionale Dante Berretti
Arab,Campionato Primavera 3
Arab,Campionato Regionale Allievi
Arab,Lega Nazionale Dilettanti
Arab,Campionato Regionale Giovanissimi
Arab,Campionato Provinciale Allievi
Arab,Campionato Provinciale Giovanissimi
Arab,Torneo Piccoli Amici
Arab,Coppa Italia Primavera
Arab,Supercoppa Primavera
Arab,Campionato Primavera 1
Arab,Coppa Italia Primavera
Arab,Torneo di Viareggio
Arab,Campionato Juniores Nazionali
Arab,Serie A (women's football)
Arab,Serie B (women's football)
Arab,Serie C (women's football)
Arab,Eccellenza (women's football)
Arab,it
Arab,Coppa Italia di calcio femminile
Arab,Supercoppa Italiana di calcio femminile
Arab,Serie A (women's football)
Arab,Coppa Italia di calcio femminile
Arab,Kazakhstan Premier League
Arab,Kazakhstan First Division
Arab,Kazakhstan Second League
Arab,Kazakhstan Cup
Arab,Kazakhstan Super Cup
Arab,Kazakhstani women's football championship
Arab,Kazakhstani Women's Cup
Arab,Superliga
Arab,Liga e Parë
Arab,A
Arab,B
Arab,Liga e Dytë
Arab,Liga e Tretë
Arab,A
Arab,B
Arab,Kosovar Cup
Arab,Kosovar Supercup
Arab,Kosovar Cup
Arab,Superliga
Arab,Superliga – Juniorët
Arab,Liga e Parë – Juniorët
Arab,Liga e Femrave
Arab,Superliga – Futsall
Arab,Liga e parë – Futsall
Arab,Virsliga
Arab,1. līga
Arab,2. līga
Arab,Latvian Women's League
Arab,Latvijas kauss
Arab,Latvian Supercup
Arab,Virsligas Winter Cup
Arab,Liechtenstein Cup
Arab,A Lyga
Arab,I Lyga
Arab,II Lyga
Arab,III Lyga
Arab,counties
Arab,SFL
Arab,Lithuanian Football Cup
Arab,Lithuanian Supercup
Arab,A Lyga
Arab,LFF Cup
Arab,SFL Cup
Arab,Sunday Football League
Arab,Lithuanian U-19 Elite League
Arab,Lithuanian U-19 I League
Arab,Lithuanian U-19 II League
Arab,Lithuanian U-17 Elite League
Arab,Lithuanian U-17 I League
Arab,Lithuanian U-16 I League
Arab,Lithuanian U-16 II League
Arab,Lithuanian U-15 I League
Arab,Lithuanian U-15 II League
Arab,Lithuanian U-14 I League
Arab,Lithuanian U-14 II League
Arab,A Lyga
Arab,I Lyga
Arab,A Lyga
Arab,Lithuanian Futsal Cup
Arab,Luxembourg National Division
Arab,Luxembourg Division of Honour
Arab,Luxembourg 1. Division
Arab,Luxembourg 2. Division
Arab,Luxembourg 3. Division
Arab,Luxembourg Cup
Arab,Coupe FLF
Arab,Dames Ligue 1
Arab,Dames Ligue 2
Arab,Dames Ligue 3
Arab,Luxembourg Women's Cup
Arab,Maltese Football League
Arab,Maltese Premier League
Arab,Maltese Challenge League
Arab,Maltese National Amateur League
Arab,Maltese FA Trophy
Arab,Maltese Super Cup
Arab,Divizia Națională
Arab,"Moldovan ""A"" Division"
Arab,"Moldovan ""B"" Division"
Arab,Moldovan Cup
Arab,Moldovan Super Cup
Arab,Montenegrin First League
Arab,Montenegrin Second League
Arab,Montenegrin Third League
Arab,Montenegrin Cup
Arab,Montenegrin Women's League
Arab,Eredivisie
Arab,Eerste Divisie
Arab,Tweede Divisie
Arab,Derde Divisie
Arab,Hoofdklasse
Arab,Eerste Klasse
Arab,Tweede Klasse
Arab,Derde Klasse
Arab,Vierde Klasse
Arab,Vijfde Klasse
Arab,KNVB Beker
Arab,Johan Cruijff Schaal
Arab,Eredivisie
Arab,KNVB Beker
Arab,KNVB Beker voor beloften
Arab,KNVB Beker voor amateurs
Arab,Districtsbeker
Arab,Vrouwen Eredivisie
Arab,Topklasse
Arab,Hoofdklasse
Arab,KNVB Beker voor Vrouwen
Arab,Irish Premiership
Arab,NIFL Championship
Arab,NIFL Premier Intermediate League
Arab,Irish Cup
Arab,Northern Ireland Football League Cup
Arab,NIFL Charity Shield
Arab,County Antrim Shield
Arab,Mid-Ulster Cup
Arab,North West Senior Cup
Arab,Irish Intermediate Cup
Arab,Steel & Sons Cup
Arab,Bob Radcliffe Cup
Arab,Craig Memorial Cup
Arab,George Wilson Cup
Arab,1. MFL
Arab,2. MFL
Arab,3. MFL
Arab,Macedonian Regional Football Leagues
Arab,Macedonian women's football championship
Arab,Macedonian Football Cup
Arab,Macedonian Supercup
Arab,Macedonian Women's Football Cup
Arab,Eliteserien
Arab,Norwegian First Division
Arab,Norwegian Second Division
Arab,Norwegian Third Division
Arab,Norwegian Fourth Division
Arab,NM Cupen
Arab,Mesterfinalen
Arab,Northern Norwegian Cup
Arab,Norwegian Youth Cup
Arab,Norwegian Under-16 Cup
Arab,Toppserien
Arab,Norwegian First Division (women)
Arab,Norwegian Second Division (women)
Arab,Norwegian Women's Cup
Arab,NFF Futsal Eliteserie
Arab,Ekstraklasa
Arab,I liga
Arab,II liga
Arab,III liga
Arab,IV liga
Arab,V liga
Arab,Liga okręgowa
Arab,Klasa A
Arab,Klasa B
Arab,Klasa C
Arab,Polish Cup
Arab,Polish Super Cup
Arab,Ekstraklasa
Arab,Polish Cup
Arab,Ekstraklasa Cup
Arab,Primeira Liga
Arab,Liga Portugal
Arab,Liga Portugal 2
Arab,Liga Portugal
Arab,Liga 3
Arab,Campeonato de Portugal
Arab,Portuguese District Championships First Levels
Arab,Portuguese District Championships Second Levels
Arab,Portuguese District Championships Third Levels
Arab,Portuguese District Championships Fourth Levels
Arab,Taça de Portugal
Arab,Taça da Liga
Arab,Liga Portugal
Arab,Supertaça Cândido de Oliveira
Arab,Primeira Liga
Arab,Taça de Portugal
Arab,Revelation League
Arab,pt
Arab,Campeonato Nacional Feminino
Arab,Campeonato Nacional II Divisão Feminino
Arab,Taça de Portugal Feminina
Arab,Taça da Liga Feminina
Arab,Supertaça de Portugal Feminina
Arab,League of Ireland Premier Division
Arab,League of Ireland First Division
Arab,Women's National League
Arab,FAI Cup
Arab,League of Ireland Cup
Arab,President of Ireland's Cup
Arab,Leinster Senior Cup
Arab,Munster Senior Cup
Arab,FAI Women's Cup
Arab,Liga I
Arab,Liga II
Arab,Liga III
Arab,Liga IV
Arab,Liga V
Arab,Liga VI
Arab,Cupa României
Arab,Supercupa României
Arab,Liga I
Arab,Cupa României
Arab,Russian Premier League
Arab,Russian Football National League
Arab,Russian Football National League 2
Arab,Russian championship among amateur football clubs (III division)
Arab,Russian Cup
Arab,Russian Super Cup
Arab,Russian Premier League
Arab,Russian Cup
Arab,FNL Cup
Arab,Russian Premier League Cup
Arab,Football Cup of the Russian SFSR
Arab,Youth football championship of Russia
Arab,Campionato Sammarinese di Calcio
Arab,Coppa Titano
Arab,Super Coppa Sammarinese
Arab,Trofeo Federale
Arab,Scottish Premiership
Arab,Scottish Professional Football League
Arab,Scottish Premier League
Arab,Scottish Championship
Arab,Scottish Football League First Division
Arab,Scottish League One
Arab,Scottish Football League Second Division
Arab,Scottish League Two
Arab,Scottish Football League Third Division
Arab,Highland Football League
Arab,Lowland Football League
Arab,Scottish Cup
Arab,Scottish League Cup
Arab,Scottish Challenge Cup
Arab,Highland
Arab,Lowland
Arab,Republic of Ireland
Arab,Northern Ireland
Arab,Wales
Arab,England
Arab,Scottish Women's Premier League
Arab,Scottish Women's First Division
Arab,Scottish Women's Second Divisions
Arab,North
Arab,East & Central
Arab,Southeast
Arab,West & Southwest
Arab,Scottish Women's Cup
Arab,Scottish Women's Premier League Cup
Arab,Scottish Women's First Division Cup
Arab,Scottish Women's Second Division Cup
Arab,SuperLiga
Arab,Prva Liga Srbije
Arab,Srpska Liga
Arab,Serbian Zone League
Arab,Kup Srbije
Arab,Serbian Super Liga (women)
Arab,Serbian Women's Cup
Arab,Prva Futsal Liga
Arab,Niké Liga
Arab,2. liga
Arab,3. liga
Arab,4. liga
Arab,5. liga
Arab,Slovak Women's First League
Arab,Slovak Cup
Arab,Slovak Super Cup
Arab,Slovak Women's Cup
Arab,1.SNL
Arab,2.SNL
Arab,3.SNL
Arab,Slovenian Regional Leagues
Arab,Slovenian Women's League
Arab,Hervis Pokal
Arab,Slovenian Women's Cup
Arab,La Liga
Arab,Liga Nacional de Fútbol Profesional
Arab,Segunda División
Arab,Primera Federación
Arab,Segunda Federación
Arab,Tercera Federación
Arab,Divisiones Regionales
Arab,Segunda División B
Arab,Tercera División
Arab,Copa del Rey
Arab,Supercopa de España
Arab,La Liga
Arab,Copa del Rey
Arab,Copa Federación
Arab,RFEF
Arab,Teresa Herrera Trophy
Arab,División de Honor Juvenil
Arab,Divisiones Regionales
Arab,Copa del Rey Juvenil
Arab,Copa de Campeones Juvenil
Arab,División de Honor Juvenil
Arab,Liga F
Arab,Primera Federación
Arab,Segunda Federación
Arab,Primera Nacional de Fútbol
Arab,Divisiones Regionales de Fútbol Femenino
Arab,Copa de la Reina
Arab,Allsvenskan
Arab,Superettan
Arab,Division 1
Arab,Division 2
Arab,Division 3
Arab,Division 4
Arab,Division 5
Arab,Division 6
Arab,Division 7
Arab,Division 8
Arab,Damallsvenskan
Arab,Elitettan
Arab,Svenska Cupen
Arab,Svenska Cupen (women)
Arab,Swiss Super League
Arab,Swiss Challenge League
Arab,Promotion League
Arab,1. Liga Classic
Arab,2. Liga Interregional
Arab,2. Liga
Arab,Swiss Women's Super League
Arab,Schweizer Cup
Arab,Uhrencup
Arab,Cup of the Alps
Arab,Swiss League Cup
Arab,Swiss Super Cup
Arab,Swiss Women's Cup
Arab,Süper Lig
Arab,TFF 1. Lig
Arab,TFF 2. Lig
Arab,TFF 3. Lig
Arab,Bölgesel Amatör Ligi
Arab,Süper Amatör Ligleri
Arab,Birinci Amatör Küme
Arab,İkinci Amatör Küme
Arab,Turkish Cup
Arab,Turkish Super Cup
Arab,Chancellor Cup
Arab,Atatürk Cup
Arab,Kadınlar Süper Ligi
Arab,Kadınlar 1. Ligi
Arab,Kadınlar 2. Ligi
Arab,Kadınlar 3. Ligi
Arab,Ukrainian Premier League
Arab,Ukrainian First League
Arab,Ukrainian Second League
Arab,Ukrainian Amateur Football Championship
Arab,Regional championships
Arab,Ukrainian Cup
Arab,Ukrainian Super Cup
Arab,Ukrainian Premier League
Arab,Ukrainian Cup
Arab,Ukrainian Amateur Cup
Arab,FFU Region's Cup
Arab,Cymru Premier
Arab,Cymru North
Arab,Cymru South
Arab,Ardal Leagues
Arab,Area leagues
Arab,Lower tier leagues
Arab,Welsh Premier Women's Football League
Arab,Welsh Cup
Arab,FAW Premier Cup
Arab,Welsh League Cup
Arab,FAW Trophy
Arab,Welsh Football League Cup
Arab,Cymru Alliance League Cup
Arab,FAW Women's Cup
Arab,FAW Welsh Youth Cup
Arab,FIFA
Arab,Clericus Cup
Arab,CONIFA World Football Cup
Arab,Viva World Cup
Arab,FIFI Wild Cup
Arab,Island Games
Arab,UNPO Cup
Arab,Europeada
Arab,ELF Cup
Arab,Homeless World Cup
Arab,Unofficial Football World Championships
Arab,Women's Unofficial Football World Championships
Arab,Abkhazian Premier League
Arab,Abkhazian Cup
Arab,Abkhazia Super Cup
Arab,Ascension Island Football League
Arab,Ascension Island League Cup
Arab,Ascension Island District Cup
Arab,J. Lawrence Knock-out Cup
Arab,Flipper Cup
Arab,Christmas Island Soccer League
Arab,Crimean Premier League
Arab,Master-Torg DPR Premier League
Arab,Falkland Islands Football League
Arab,Pohnpei Premier League
Arab,Micronesian Games
Arab,Gozo Football League First Division
Arab,Gozo Football League Second Division
Arab,Gozo Football Female League
Arab,G.F.A. Cup
Arab,Independence Cup
Arab,Freedom Day Cup
Arab,Second Division Knock-Out
Arab,Greenlandic Men's Football Championship
Arab,Greenland Cup
Arab,Priaulx League
Arab,FNB Jackson League
Arab,Railway League 1
Arab,Railway League 2
Arab,Guernsey Veterans League
Arab,Guernsey Women's League
Arab,Guernsey FA Cup
Arab,Frederick Martinez Cup
Arab,Stranger Charity Cup
Arab,Mauger Cup
Arab,Rouget Cup
Arab,Rawlinson Cup
Arab,Le Vallee Cup
Arab,Upton Park Trophy
Arab,Guernsey Women's Knock-out Cup
Arab,Guernsey Women's Secondary Cup
Arab,Kurdistan Premier League
Arab,Kurdistan Cup
Arab,Kurdistan Super Cup
Arab,Isle of Man Football League
Arab,Isle of Man Premier League
Arab,Isle of Man Division 2
Arab,Isle of Man Football Combination
Arab,Isle of Man FA Cup
Arab,Isle of Man Hospital Cup
Arab,Isle of Man Railway Cup
Arab,Isle of Man Gold Cup
Arab,Isle of Man Woods Memorial Cup
Arab,Isle of Man Charity Shield
Arab,Isles of Scilly Football League
Arab,Wholesalers Cup
Arab,Foredeck Cup
Arab,Jersey Football Combination
Arab,Jersey Championship
Arab,Le Riche Cup
Arab,Wheway Trophy
Arab,Jersey Charity Cup
Arab,Upton Park Trophy
Arab,Luhansk Football League
Arab,Marshallese Soccer League
Arab,Mayotte Division Honneur
Arab,Coupe de Mayotte
Arab,Liga de Balompié Mexicano
Arab,Challenge Prince Rainier III
Arab,Trophée Ville de Monaco
Arab,Challenge Monégasque
Arab,Nauru Soccer League
Arab,Niue Soccer Tournament
Arab,KTFF Süper Lig
Arab,CTFA
Arab,KTFF 1. Lig
Arab,KTFF 2. Lig
Arab,KTFF Women's League
Arab,Cypriot Cup
Arab,KTFF Super Cup
Arab,Palau Soccer League
Arab,Palau Youth Soccer League
Arab,Sahrawi Republic Cup
Arab,Saint-Barthelemy Championships
Arab,Coupe de Saint-Barth
Arab,Trophée José da Silva
Arab,St. Helena Island Football League
Arab,Ligue de Football de Saint Pierre et Miquelon
Arab,Cosmopolitan Football League
Arab,Somaliland Football League
Arab,Telesom Cup
Arab,Somaliland Regional Games
Arab,South Ossetian Football League
Arab,South Ossetia Youth League
Arab,Soccer in Tokelau
Arab,Tuvalu A-Division
Arab,Tuvalu B-Division
Arab,Tuvalu A-Division League (women's)
Arab,Taganoa Cup
Arab,Independence Cup
Arab,Christmas Cup
Arab,Tuvalu Games
Arab,Vatican City Championship
Arab,Coppa Sergio Valci
Arab,Supercoppa
Arab,Clericus Cup
Arab,Wallis Première Division
Arab,Wallis Deuxième Division
Arab,Futuna Première Division
Arab,Futuna Deuxième Division
Arab,Coupe de l'Outre-Mer
Arab,Outremer Champions Cup
Arab,Austria-Hungary
Arab,Tagblatt Pokal
Arab,Austria-Hungary Challenge Cup
Arab,Commonwealth of Independent States
Arab,CIS Super League
Arab,United Tournament
Arab,United Supercup
Arab,Czechoslovakia
Arab,Czechoslovak First League
Arab,Czechoslovak Second League
Arab,Czechoslovak Third League
Arab,Czechoslovak Cup
Arab,German Democratic Republic
Arab,DDR-Oberliga
Arab,DDR-Liga
Arab,DDR-Liga
Arab,II. DDR-Liga
Arab,FDGB-Pokal
Arab,DFV-Supercup
Arab,Mandatory Palestine
Arab,Mandatory Palestine League
Arab,Palestine Premier League (1945–1947)
Arab,Mis'chakei HaBechora
Arab,Haifa League
Arab,Jerusalem Services and Police League
Arab,Jerusalem League
Arab,Liga Bet (Division 2)
Arab,Samaria Division
Arab,Sharon Division
Arab,Liga Gimel (Division 3)
Arab,Palestine Youth League
Arab,Palestine Cup (1922–1947)
Arab,Hebrew Cup
Arab,People's Cup (1928)
Arab,Tel Aviv District Cup
Arab,Palestine Mond Cup
Arab,Jerusalem Cup
Arab,Nashashibi Cup
Arab,Jaffa Mayor Cup
Arab,Mr. Guth Cup
Arab,Melchett Cup
Arab,Palestine Autumn Cup
Arab,Palestine National Shield
Arab,Nesher Cup
Arab,Haifa Cup
Arab,Palestine North Cup
Arab,Jezreel Valley Cup
Arab,Jordan Valley Cup
Arab,The Wartime Cup
Arab,Netherlands Antilles
Arab,Netherlands Antilles Championship
Arab,North Vietnam
Arab,North Vietnam V-League
Arab,Ottoman Empire
Arab,Constantinople Football League
Arab,People's Democratic Republic of Yemen
Arab,South Yemeni League
Arab,South Yemen Cup
Arab,Republic of Artsakh
Arab,Artsakh Football League
Arab,Artsakh Cup
Arab,Saar Protectorate
Arab,Amateurliga Saarland
Arab,Saarland
Arab,Germany
Arab,Serbia and Montenegro
Arab,First League of Serbia and Montenegro
Arab,Second League of Serbia and Montenegro
Arab,Serbian First League (2004–2006)
Arab,Montenegrin First League (2004–2006)
Arab,Serbia and Montenegro Cup
Arab,South Vietnam
Arab,South Vietnam V-League
Arab,South Vietnam V-League Division 2
Arab,South Vietnam League Cup
Arab,Soviet Union
Arab,Soviet Union football league system
Arab,Soviet Top League
Arab,Soviet First League
Arab,Soviet Second League
Arab,Soviet Second League B
Arab,Soviet Cup
Arab,Soviet Super Cup
Arab,USSR Federation Cup
Arab,All-Union Committee of Physical Culture and Sports Tournament
Arab,Soviet Season Opener Cup
Arab,Nedel Cup
Arab,USSR 60th Anniversary Cup
Arab,Valentin Granatkin Memorial Tournament
Arab,Snowdrop Tournament
Arab,Soviet Sport Prize
Arab,Yemen Arab Republic
Arab,North Yemeni League
Arab,North Yemen Cup of the Republic
Arab,Yugoslavia
Arab,Yugoslav First League
Arab,Yugoslav Second League
Arab,Yugoslav Third League
Arab,Yugoslav Cup
Arab,Yugoslav Super Cup
Arab,Geography of association football
Arab,Geography of women's association football
Arab,International competitions in women's association football
Arab,List of association football clubs
Arab,List of football clubs by competitive honours won
Arab,List of men's national association football teams
Arab,List of women's national association football teams
Arab,Exhibition/charity/legends/friendly/preseason
Arab,match
Arab,Playoffs/postseason/finals
Arab,List of futsal competitions
Arab,Beach Soccer Worldwide
Arab,Japanese
Arab,sponsorship
Arab,Toyota
Arab,Japanese
Arab,"""Kurdish football prospers in new Iraq"""
Arab,Archived
Arab,"""Two Erbil teams competing for this year's Kurdistan Premier League football cup"""
Arab,Archived
Arab,"""Kurdistan football team coach elected"""
Arab,Archived
Arab,"""Scilly Isles: Scoring like Ronaldo in the world's smallest league"""
Arab,Archived
Arab,"""WHEN WILL I SEE YOU AGAIN? THE SMALLEST LEAGUE IN THE WORLD"""
Arab,Archived
Arab,"""Scilly old game: the football league with two teams"""
Arab,Archived
Arab,"""Scilly games: warming up for the world's smallest football trophy"""
Arab,Archived
Arab,"""It's a Scilly old game"""
Arab,Archived
Arab,"""Le football reprend avec le Trophée José Da Silva"""
Arab,Archived
Arab,"""Le Trophée José Da Silva commence ce samedi"""
Arab,Archived
Arab,"""Waxqabadka Sadexdii Bilood ee U Danbeeyay"""
Arab,Archived
Arab,"""Qoraalka Xukuumadda Ee waxqabadka Wasaaradaha Qorshaynta Qaranka, Dhalinyarada Iyo Ciyaaraha Ee Somaliland Sadexdii Bilood Ee Lasoo Dhaafay Qaybtii 8aad"""
Arab,Archived
Arab,History
Arab,Timeline
Arab,First association
Arab,First international
Arab,Oldest clubs
Arab,Oldest competitions
Arab,Attempts to ban the sport
Arab,Caid
Arab,Cuju
Arab,Calcio Fiorentino
Arab,English school games
Arab,Episkyros
Arab,Harpastum
Arab,La soule
Arab,Marn Grook
Arab,Medieval
Arab,Ba
Arab,Camping
Arab,Cnapan
Arab,Cornish hurling
Arab,Old Division
Arab,Royal Shrovetide
Arab,Uppies and Downies
Arab,Away goals rule
Arab,Ball
Arab,Ball in/out
Arab,Corner kick
Arab,Duration of the match
Arab,Equipment
Arab,Field
Arab,Fouls and misconduct
Arab,Free kick
Arab,Goal kick
Arab,Goal difference
Arab,Offside
Arab,Penalty kick
Arab,Penalty shoot-out
Arab,Players
Arab,Referee
Arab,Assistants
Arab,Scoring
Arab,Start and restart
Arab,Throw-in
Arab,Sheffield rules
Arab,Cambridge rules
Arab,IFAB
Arab,Ball
Arab,Boots
Arab,Kit
Arab,Away colours
Arab,Third jersey
Arab,Throwback uniform
Arab,Amputee
Arab,Beach
Arab,College
Arab,Crab
Arab,Five-a-side
Arab,Futsal
Arab,Indoor
Arab,Freestyle
Arab,Keepie uppie
Arab,Footbag
Arab,Paralympic
Arab,Powerchair
Arab,Jorkyball
Arab,Roller
Arab,Rush goalie
Arab,Seven-a-side
Arab,Sevens
Arab,Swamp
Arab,Street
Arab,Three-sided
Arab,3v3 Soccer
Arab,Walking
Arab,Goalkeeper
Arab,Defender
Arab,Midfielder
Arab,Forward
Arab,Formation
Arab,Tactics
Arab,History
Arab,Dribble
Arab,Cruyff turn
Arab,Flip flap
Arab,Marseille turn
Arab,Runaround move
Arab,Seal dribble
Arab,Step over
Arab,Dummy
Arab,Header
Arab,Keepie uppie
Arab,Kick
Arab,Bicycle
Arab,Chip
Arab,Curl
Arab,Drop
Arab,Punt
Arab,Rabona
Arab,Rainbow
Arab,Scorpion
Arab,Volley
Arab,Nutmeg
Arab,Pass
Arab,Cross
Arab,Long ball
Arab,One-touch
Arab,Push and run
Arab,Shot
Arab,Panenka
Arab,Tackle
Arab,Slide tackle
Arab,Anti-football
Arab,Catenaccio
Arab,Tiki-taka
Arab,Total football
Arab,Zona mista
Arab,Equaliser
Arab,Trading cards
Arab,Barra brava
Arab,Curva
Arab,Hooliganism
Arab,Torcida
Arab,Ultras
Arab,Chant
Arab,Rugby union
Arab,FIFA
Arab,Africa
Arab,Asia
Arab,Europe
Arab,North & Central America
Arab,Oceania
Arab,South America
Arab,Summer Olympics
Arab,Youth Olympics
Arab,Competitions
Arab,Families
Arab,Players
Arab,Top scorers
Arab,Clubs
Arab,most successful clubs
Arab,National teams
Arab,Competitions
Arab,Families
Arab,Players
Arab,Top scorers
Arab,Clubs
Arab,most successful clubs
Arab,National teams
Arab,12th man
Arab,Alcohol
Arab,Association football films
Arab,Beautiful Game
Arab,Captain
Arab,Child abuse
Arab,Culture
Arab,Ethnicity
Arab,Football club
Arab,Geography
Arab,Homosexuality
Arab,IFFHS
Arab,Names
Arab,Politics
Arab,Professionalism
Arab,Racism
Arab,Retired numbers (list)
Arab,Rivalries (list)
Arab,RSSSF
Arab,Smoking
Arab,Squad number
Arab,Stadiums (list)
Arab,Stars on badges
Arab,Transfer
Arab,World XI
Arab,ASEAN All-Stars
Arab,Europe XI
Arab,Portal
Arab,FIFA
Arab,Federations
Arab,Teams
Arab,Competitions
Arab,World Rankings
Arab,The Best FIFA Football Awards
Arab,Timeline
Arab,Most successful clubs
Arab,FIFA World Cup
Arab,U-20
Arab,U-17
Arab,Olympic Games
Arab,Youth
Arab,FIFA Confederations Cup
Arab,FIFA Gold Cup
Arab,Africa Cup of Nations
Arab,U-23
Arab,U-20
Arab,U-17
Arab,African Nations League
Arab,African Games
Arab,African Nations Championship
Arab,CECAFA
Arab,COSAFA
Arab,WAFU
Arab,CEMAC
Arab,Central African Games
Arab,AFC Asian Cup
Arab,U-23
Arab,U-20
Arab,U-17
Arab,AFC Nations League
Arab,Asian Games
Arab,AFC Challenge Cup
Arab,AFC Solidarity Cup
Arab,AFF
Arab,FIFA
Arab,CAFA
Arab,EAFF
Arab,SAFF
Arab,WAFF
Arab,Arabian Gulf Cup
Arab,East Asian Games
Arab,South Asian Games
Arab,Southeast Asian Games
Arab,West Asian Games
Arab,Far Eastern Games
Arab,UEFA European Championship
Arab,U-21
Arab,U-19
Arab,U-17
Arab,UEFA Nations League
Arab,Baltic Cup
Arab,Central European Cup
Arab,Balkan Cup
Arab,British Home Championship
Arab,Nordic Championship
Arab,CONCACAF Gold Cup
Arab,U-23
Arab,U-20
Arab,U-17
Arab,U-15
Arab,CONCACAF Nations League
Arab,CONCACAF Championship
Arab,CONCACAF Cup
Arab,LIFA Cup
Arab,WIFA Cup
Arab,Central America and Caribbean Games
Arab,Central America Games
Arab,NAFC Championship
Arab,CCCF Championship
Arab,North American Nations Cup
Arab,Copa Centroamericana
Arab,CFU Championship
Arab,Caribbean Cup
Arab,OFC Nations Cup
Arab,U-23
Arab,U-19
Arab,U-16
Arab,Pacific Games
Arab,Mini
Arab,Melanesia Cup
Arab,Micronesian Games
Arab,Polynesia Cup
Arab,CONMEBOL Copa América
Arab,U-23
Arab,U-20
Arab,U-17
Arab,U-15
Arab,South American Games
Arab,Bolivarian Games
Arab,Indian Ocean Island Games
Arab,Afro-Asian Cup of Nations
Arab,Afro-Asian Games
Arab,AFC–OFC Challenge Cup
Arab,FIFA Arab Cup
Arab,Arab Games
Arab,Islamic Solidarity Games
Arab,Islamic Games
Arab,Palestine Cup
Arab,Kuneitra Cup
Arab,CONMEBOL–UEFA Cup of Champions
Arab,Francophone Games
Arab,Overseas Cup
Arab,Lusofonia Games
Arab,Mediterranean Games
Arab,Mediterranean Cup
Arab,Pan American Games
Arab,Panamerican Championship
Arab,Goodwill Games
Arab,GANEFO
Arab,World Football Cup
Arab,African Football Cup
Arab,Asian Football Cup
Arab,European Football Cup
Arab,South American Football Cup
Arab,UIAFA Great European Tournament
Arab,Island Games
Arab,Universiade
Arab,FIFI Wild Cup
Arab,WUFA World Series
Arab,Geography
Arab,Codes
Arab,Player
Arab,Club of the Century
Arab,Women's football
Muslim,Islamic Solidarity Games
Indian Ocean Island,Indian Ocean Island Games
National youth teams,FIFA U-20 World Cup
National youth teams,FIFA U-17 World Cup
National youth teams,FIFA U-20 Women's World Cup
National youth teams,FIFA U-17 Women's World Cup
National youth teams,Summer Universiade
National youth teams,Danone Nations Cup
National youth teams,Montaigu Tournament
National youth teams,Panda Cup
National youth teams,SBS Cup
National youth teams,SuperCupNI
National youth teams,Tournoi Maurice Revello
National youth teams,Youth Olympic Football Tournament
National youth teams,International Youth Soccer in Niigata
National youth teams,Sendai Cup
National youth teams,FIFA Club World Cup
National youth teams,FIFA Intercontinental Cup
National youth teams,UEFA–CONMEBOL Club Challenge
National youth teams,International Women's Club Championship
National youth teams,Intercontinental Futsal Cup
National youth teams,Intercontinental Cup
National youth teams,Copa Rio
National youth teams,Copa Interamericana
National youth teams,Afro-Asian Club Championship
National youth teams,Intercontinental Champions' Supercup
National youth teams,Supercopa Euroamericana
National youth teams,ANFA Cup
National youth teams,Audi Cup
National youth teams,BTV Cup
National youth teams,Coupang Play Series
National youth teams,Emirates Cup
National youth teams,Eusébio Cup
National youth teams,Florida Cup
National youth teams,Friendship Trophy
National youth teams,Geoff Harvey Memorial Vase
National youth teams,HKFC Soccer Sevens
National youth teams,J.League Asia Challenge
National youth teams,J.League World Challenge
National youth teams,Lunar New Year Cup
National youth teams,Maradona Cup
National youth teams,MLS All-Star Game
National youth teams,Orange Trophy
National youth teams,Premier League Summer Series
National youth teams,Ramón de Carranza Trophy
National youth teams,Riyadh Season
National youth teams,Saitama City Cup
National youth teams,Soccer Champions Tour
National youth teams,Sydney Super Cup
National youth teams,Telekom Cup
National youth teams,Teresa Herrera Trophy
National youth teams,The Atlantic Cup
National youth teams,The Women's Cup
National youth teams,Torneo di Viareggio
National youth teams,Trofeo Colombino
National youth teams,Trofeo Costa del Sol
National youth teams,Trofeo Joan Gamper
National youth teams,Trofeo Santiago Bernabéu
National youth teams,Uhrencup
National youth teams,Women's International Champions Cup
National youth teams,Amsterdam Tournament
National youth teams,Copa del Sol
National youth teams,Copa Euro-América
National youth teams,Dubai Cup
National youth teams,Edmonton Cup
National youth teams,Football World Championship
National youth teams,Global Tour for Peace
National youth teams,International Champions Cup
National youth teams,La Manga Cup
National youth teams,Marbella Cup
National youth teams,Mohammed V Cup
National youth teams,Opel Master Cup
National youth teams,Peace Cup
National youth teams,Premier League Asia Trophy
National youth teams,Russian Railways Cup
National youth teams,Queen's Cup
National youth teams,Small Club World Cup
National youth teams,Tournoi de Paris
National youth teams,Uli Hoeneß Cup
National youth teams,Vodacom Challenge
National youth teams,Wembley Cup
National youth teams,Wembley International Tournament
National youth teams,World Football Challenge
National youth teams,Arab Club Champions Cup
National youth teams,Arab Cup Winners' Cup
National youth teams,Arab Super Cup
National youth teams,J.League Cup / Copa Sudamericana Championship
National youth teams,Lusail Super Cup
National youth teams,Saudi-Egyptian Super Cup
National youth teams,Alkass International Cup
National youth teams,Balcom BMW CUP Prayer for Peace; Hiroshima International Youth Soccer Games
National youth teams,Dallas Cup
National youth teams,Gothia Cup
National youth teams,J.League International Youth Cup
National youth teams,K League International Youth Cup
National youth teams,Manchester United Premier Cup
National youth teams,Montaigu Tournament
National youth teams,Otten Cup
National youth teams,Torneo di Viareggio
National youth teams,AFC
National youth teams,AFC
National youth teams,AFC Asian Cup
National youth teams,AFC Nations League
National youth teams,AFC U23 Asian Cup
National youth teams,AFC U20 Asian Cup
National youth teams,AFC U17 Asian Cup
National youth teams,AFC Women's Asian Cup
National youth teams,AFC Women's Olympic Qualifying Tournament
National youth teams,AFC U20 Women's Asian Cup
National youth teams,AFC U17 Women's Asian Cup
National youth teams,Asian Games
National youth teams,AFC Solidarity Cup
National youth teams,AFC Challenge Cup
National youth teams,ASEAN Championship
National youth teams,CAFA Nations Cup
National youth teams,EAFF E-1 Football Championship
National youth teams,women
National youth teams,SAFF Championship
National youth teams,WAFF Championship
National youth teams,AFF–EAFF Champions Trophy
National youth teams,Arabian Gulf Cup
National youth teams,Gulf Cup for Veteran Players
National youth teams,East Asian Youth Games
National youth teams,South Asian Games
National youth teams,Southeast Asian Games
National youth teams,West Asian Games
National youth teams,East Asian Games
National youth teams,Three Nations Cup
National youth teams,Three Nations Cup
National youth teams,AFC Champions League Elite
National youth teams,AFC Champions League Two
National youth teams,AFC Challenge League
National youth teams,AFC Women's Champions League
National youth teams,Asian Cup Winners' Cup
National youth teams,Asian Super Cup
National youth teams,Afro-Asian Club Championship
National youth teams,AFC Women's Club Championship
National youth teams,ASEAN Club Championship
National youth teams,AGCFF Gulf Club Champions League
National youth teams,Sheikh Kamal International Club Cup
National youth teams,Mekong Club Championship
National youth teams,Marianas Club Championship
National youth teams,SAFF Club Championship
National youth teams,WAFF Women's Clubs Championship
National youth teams,SAFF Women's Club Championship
National youth teams,Afghanistan Champions League
National youth teams,Afghan Premier League
National youth teams,Kabul Premier League
National youth teams,Kabul City League
National youth teams,Afghanistan Republic Day Festival Cup
National youth teams,Women Kabul League
National youth teams,A-League Men
National youth teams,Playoffs
National youth teams,New Zealand
National youth teams,Australia Cup
National youth teams,A-League Women
National youth teams,Women's Australia Cup
National youth teams,A-League Youth
National youth teams,A-League All Stars Game
National youth teams,National Soccer League
National youth teams,Australia Cup
National youth teams,NSL Cup
National youth teams,F-League
National youth teams,National Premier Leagues Capital Football
National youth teams,Capital Premier League
National youth teams,Capital Football State League
National youth teams,Capital Football Federation Cup
National youth teams,A.C.T Futsal Premier League
National youth teams,National Premier Leagues ACT Women's
National youth teams,National Premier Leagues NSW
National youth teams,NSW League One
National youth teams,NSW League Two
National youth teams,Regional league
National youth teams,NSW League Three
National youth teams,Waratah Cup
National youth teams,National Premier Leagues NSW Women's
National youth teams,NSW League One Women's
National youth teams,National Premier Leagues Northern NSW
National youth teams,Northern NSW State League Division 1
National youth teams,NorZone Premier League
National youth teams,National Premier Leagues Queensland
National youth teams,Football Queensland Premier League
National youth teams,Football Queensland Premier League 2
National youth teams,National Premier Leagues Queensland Women's
National youth teams,Brisbane
National youth teams,Football Queensland Premier League 3 − Metro
National youth teams,Football Queensland Premier League 4 − Metro
National youth teams,Football Queensland Premier League 5 − Metro
National youth teams,Football Queensland Premier League 6 − Metro
National youth teams,Canale Cup
National youth teams,Far North Queensland
National youth teams,Far North Queensland Premier League
National youth teams,Gold Coast
National youth teams,Football Queensland Premier League 3 − South Coast
National youth teams,Football Queensland Premier League 4 − South Coast
National youth teams,Sunshine Coast
National youth teams,Football Queensland Premier League 3 – Sunshine Coast
National youth teams,National Premier Leagues South Australia
National youth teams,SA State League One
National youth teams,SA State League Two
National youth teams,Federation Cup
National youth teams,Women's National Premier Leagues South Australia
National youth teams,Women's State League South Australia
National youth teams,National Premier Leagues Tasmania
National youth teams,Milan Lakoseljac Cup
National youth teams,Northern Championship
National youth teams,Southern Championship
National youth teams,National Premier Leagues Victoria
National youth teams,National Premier Leagues Victoria 2
National youth teams,National Premier Leagues Victoria 3
National youth teams,Victorian State League 1
National youth teams,Dockerty Cup
National youth teams,National Premier Leagues Victoria Women
National youth teams,National Premier Leagues Western Australia
National youth teams,Football West State League Division 1
National youth teams,Football West State League Division 2
National youth teams,Football West State Cup
National youth teams,National Premier Leagues WA Women
National youth teams,Bahraini Premier League
National youth teams,Bahraini Second Division
National youth teams,Bahraini King's Cup
National youth teams,Bahraini FA Cup
National youth teams,Bahraini Crown Prince Cup
National youth teams,Bahraini Super Cup
National youth teams,Bahraini Elite Cup
National youth teams,ar
National youth teams,Bahraini Premier League
National youth teams,Bahraini King's Cup
National youth teams,Bangladesh Football League
National youth teams,Bangladesh Championship League
National youth teams,Dhaka Senior Division Football League
National youth teams,Dhaka Second Division Football League
National youth teams,Dhaka Third Division Football League
National youth teams,Pioneer Football League
National youth teams,Independence Cup
National youth teams,Federation Cup
National youth teams,Super Cup
National youth teams,Aga Khan Gold Cup
National youth teams,President Gold Cup
National youth teams,Bangabandhu Cup
National youth teams,Bangladesh Women's Football League
National youth teams,Bhutan Premier League
National youth teams,Bhutan Super League
National youth teams,Dzongkhag
National youth teams,Jigme Dorji Wangchuk Memorial Gold Cup
National youth teams,Brunei Super League
National youth teams,Brunei Premier League
National youth teams,Brunei FA Cup
National youth teams,Brunei Super Cup
National youth teams,Borneo Cup
National youth teams,Cambodian Premier League
National youth teams,Cambodian League 2
National youth teams,Hun Sen Cup
National youth teams,CNCC Charity Cup
National youth teams,CNCC League Cup
National youth teams,FFC Cup
National youth teams,FFC Challenge Cup
National youth teams,Chinese Super League
National youth teams,China League One
National youth teams,China League Two
National youth teams,Chinese Champions League
National youth teams,Member Football Association leagues
National youth teams,CFA Cup
National youth teams,CFA Super Cup
National youth teams,Chinese Super League
National youth teams,CFA Cup
National youth teams,Chinese Super League Cup
National youth teams,Guangdong–Hong Kong Cup
National youth teams,Jingjinji Champions Cup
National youth teams,Hong Kong–Shanghai Inter Club Championship
National youth teams,Chinese Women's Super League
National youth teams,Chinese Women's Football League
National youth teams,zh
National youth teams,Guam Soccer League
National youth teams,Guam FA Cup
National youth teams,Hong Kong Premier League
National youth teams,First Division
National youth teams,Second Division
National youth teams,Third Division
National youth teams,Hong Kong Community Cup
National youth teams,Hong Kong FA Cup
National youth teams,Hong Kong FA Cup Junior Division
National youth teams,Senior Shield
National youth teams,Sapling Cup
National youth teams,Viceroy Cup
National youth teams,Hong Kong League Cup
National youth teams,Indian Super League
National youth teams,I-League
National youth teams,National Football League
National youth teams,I-League 2
National youth teams,I-League 3
National youth teams,AIFF Super Cup
National youth teams,Federation Cup
National youth teams,Durand Cup
National youth teams,IFA Shield
National youth teams,Rovers Cup
National youth teams,Indian Super Cup
National youth teams,Elite League
National youth teams,Futsal Club Championship
National youth teams,Intercontinental Cup
National youth teams,Nehru Cup
National youth teams,Santosh Trophy
National youth teams,Indian State Leagues
National youth teams,Assam
National youth teams,Assam State Premier League
National youth teams,Arunachal Pradesh
National youth teams,Indrajit Namchoom Arunachal League
National youth teams,Delhi
National youth teams,Delhi Football League
National youth teams,Goa
National youth teams,Goa Professional League
National youth teams,Himachal Pradesh
National youth teams,Himachal Football League
National youth teams,Jammu and Kashmir
National youth teams,J&K Premier Football League
National youth teams,Karnataka
National youth teams,Bangalore Football League
National youth teams,Kerala
National youth teams,Kerala Premier League
National youth teams,Madhya Pradesh
National youth teams,Madhya Pradesh Premier League
National youth teams,Maharashtra
National youth teams,Mumbai Football League
National youth teams,Manipur
National youth teams,Manipur State League
National youth teams,Meghalaya
National youth teams,Shillong Premier League
National youth teams,Mizoram
National youth teams,Mizoram Premier League
National youth teams,Nagaland
National youth teams,Nagaland Premier League
National youth teams,Odisha
National youth teams,FAO League
National youth teams,Punjab
National youth teams,Punjab State Super Football League
National youth teams,Rajasthan
National youth teams,R-League A Division
National youth teams,Tamil Nadu
National youth teams,Chennai Football League
National youth teams,Uttarakhand
National youth teams,Uttarakhand Super League
National youth teams,West Bengal
National youth teams,Calcutta Football League
National youth teams,Indian Women's League
National youth teams,Indian Women's League 2
National youth teams,Indian Women's National Championship
National youth teams,Indian State Leagues
National youth teams,Delhi
National youth teams,FD Women's League
National youth teams,Goa
National youth teams,Goa Women's League
National youth teams,Karnataka
National youth teams,Karnataka Women's League
National youth teams,Kerala
National youth teams,Kerala Women's League
National youth teams,Maharashtra
National youth teams,WIFA Women's Football League
National youth teams,Manipur
National youth teams,Manipur Women's League
National youth teams,Meghalaya
National youth teams,SSA Women's Football League
National youth teams,Odisha
National youth teams,Odisha Women's League
National youth teams,Punjab
National youth teams,Punjab Women's League
National youth teams,Tamil Nadu
National youth teams,Tamil Nadu Women's League
National youth teams,West Bengal
National youth teams,Calcutta Women's Football League
National youth teams,Super League
National youth teams,Championship
National youth teams,Liga Nusantara
National youth teams,Liga 4
National youth teams,Elite Pro Academy
National youth teams,Piala Indonesia
National youth teams,Piala Presiden
National youth teams,Soeratin Cup
National youth teams,Liga 1 Putri
National youth teams,Pertiwi Cup
National youth teams,Persian Gulf Pro League
National youth teams,Azadegan League
National youth teams,League 2
National youth teams,League 3
National youth teams,Provincial Leagues
National youth teams,Hazfi Cup
National youth teams,Iranian Super Cup
National youth teams,Persian Gulf Pro League
National youth teams,Hazfi Cup
National youth teams,Takht Jamshid Cup
National youth teams,Kowsar Women Football League
National youth teams,Iraq Stars League
National youth teams,Iraqi Premier Division League
National youth teams,Iraqi First Division League
National youth teams,Iraqi Second Division League
National youth teams,Iraqi Third Division League
National youth teams,Iraq FA Cup
National youth teams,Iraqi Super Cup
National youth teams,Baghdad Championship
National youth teams,Iraqi National First Division
National youth teams,Iraq FA Baghdad Cup
National youth teams,Iraq Central FA Premier League
National youth teams,Iraq Central FA Perseverance Cup
National youth teams,Independent Baghdad Tournament
National youth teams,Iraq FA Basra Premier League
National youth teams,Iraq FA Kirkuk Premier League
National youth teams,J1 League
National youth teams,J.League
National youth teams,J2 League
National youth teams,J3 League
National youth teams,J.League 100 Year Vision League
National youth teams,ja
National youth teams,J1 100 Year Vision League
National youth teams,J2/J3 100 Year Vision League
National youth teams,Japan Football League
National youth teams,J3 League
National youth teams,JFL CUP
National youth teams,ja
National youth teams,Japan Regional Football Champions League
National youth teams,Japanese Regional Leagues
National youth teams,Prefectural Leagues
National youth teams,ja
National youth teams,Emperor's Cup
National youth teams,J.League Cup
National youth teams,J1 League
National youth teams,J2 League
National youth teams,J3 League
National youth teams,Japanese Super Cup
National youth teams,J1 League
National youth teams,Emperor's Cup
National youth teams,J.League All-Star Soccer
National youth teams,All Japan Adults Football Tournament
National youth teams,5th-tier league
National youth teams,All Japan Club Teams Football Tournament
National youth teams,National Sports Festival (Football)
National youth teams,ja
National youth teams,All Japan University Football Championship
National youth teams,Prime Minister's Cup All Japan University Football Tournament
National youth teams,Prince Takamado Trophy
National youth teams,All Japan High School Soccer Tournament
National youth teams,Inter High School Sports Festival
National youth teams,Japan Club Youth U-18 Championship
National youth teams,J.Youth Cup
National youth teams,WE League
National youth teams,Nadeshiko League
National youth teams,Empress's Cup
National youth teams,WE League Cup
National youth teams,WE League
National youth teams,Nadeshiko League Cup
National youth teams,Nadeshiko League
National youth teams,Japan Soccer League
National youth teams,Japan Football League (former)
National youth teams,Japan Soccer League Cup
National youth teams,Japan Soccer League
National youth teams,Japanese Super Cup
National youth teams,Japan Soccer League
National youth teams,Emperor's Cup
National youth teams,F.League
National youth teams,All Japan Futsal Championship
National youth teams,F.League Ocean Cup
National youth teams,Jordanian Pro League
National youth teams,Jordan League Division 1
National youth teams,FA Cup
National youth teams,Super Cup
National youth teams,FA Shield
National youth teams,Kuwait Premier League
National youth teams,Kuwaiti Division One
National youth teams,Kuwait Emir Cup
National youth teams,Kuwait Crown Prince Cup
National youth teams,Kuwait Federation Cup
National youth teams,Kuwait Super Cup
National youth teams,Al Kurafi Cup
National youth teams,Kyrgyz Premier League
National youth teams,Kyrgyz First League
National youth teams,Qyrğyz Ekinçi Ligasy
National youth teams,Kyrgyzstan Cup
National youth teams,Kyrgyzstan Super Cup
National youth teams,Lao League 1
National youth teams,Lao League 2
National youth teams,Laotian Prime Minister's Cup
National youth teams,Lao FF Cup
National youth teams,Lebanese Premier League
National youth teams,Lebanese Second Division
National youth teams,Lebanese Third Division
National youth teams,Lebanese Fourth Division
National youth teams,Lebanese Fifth Division
National youth teams,Lebanese FA Cup
National youth teams,Lebanese Federation Cup
National youth teams,Lebanese Super Cup
National youth teams,Lebanese Elite Cup
National youth teams,Lebanese Challenge Cup
National youth teams,Liga de Elite
National youth teams,Campeonato da 2ª Divisão do Futebol
National youth teams,Taça de Macau em futebol
National youth teams,Malaysia Super League
National youth teams,Malaysia A1 Semi-Pro League
National youth teams,Malaysia A2 Amateur League
National youth teams,Malaysia A3 Community League
National youth teams,Malaysia FA Cup
National youth teams,Piala Sumbangsih
National youth teams,Malaysia Cup
National youth teams,MFL Challenge Cup
National youth teams,Malaysia FAM Cup
National youth teams,Airmarine Cup
National youth teams,Merdeka Cup
National youth teams,Dhivehi Premier League
National youth teams,Second Division
National youth teams,Third Division
National youth teams,FA Cup
National youth teams,President's Cup
National youth teams,FA Charity Shield
National youth teams,Mongolian Premier League
National youth teams,Mongolian First League
National youth teams,Mongolia Second League
National youth teams,National Amateur Cup
National youth teams,MFF Cup
National youth teams,MFF Super Cup
National youth teams,Myanmar National League
National youth teams,MNL II
National youth teams,FIFA-MFF U15 Youth League
National youth teams,General Aung San Shield
National youth teams,MFF Charity Cup
National youth teams,Myanmar National League
National youth teams,General Aung San Shield
National youth teams,MNL League Cup
National youth teams,Myanmar Women League
National youth teams,Myanmar Futsal League
National youth teams,Martyr's Memorial A-Division League
National youth teams,Martyr's Memorial B-Division League
National youth teams,Martyr's Memorial C-Division League
National youth teams,Aaha Gold Cup
National youth teams,Budda Subba Gold Cup
National youth teams,Pokhara Cup
National youth teams,Simara Gold Cup
National youth teams,Ncell Cup
National youth teams,Birat Gold Cup
National youth teams,M★League
National youth teams,M*League Division 2
National youth teams,DPR Korea Premier Football League
National youth teams,DPR Korea Football League 2
National youth teams,de
National youth teams,DPR Korea Football League 3
National youth teams,ko
National youth teams,Technical Innovation Contests
National youth teams,Hwaebul Cup
National youth teams,Man'gyŏngdae Prize
National youth teams,Osandŏk Prize
National youth teams,Paektusan Prize
National youth teams,Poch'ŏnbo Torch Prize
National youth teams,Republican Championship
National youth teams,Oman Professional League
National youth teams,Oman First Division League
National youth teams,Sultan Qaboos Cup
National youth teams,Super Cup
National youth teams,Oman Professional League Cup
National youth teams,Omani Prince Cup
National youth teams,Gaza Strip Premier League
National youth teams,Gaza Strip First League
National youth teams,Gaza Strip Second League
National youth teams,West Bank Second League
National youth teams,Palestine Cup
National youth teams,Gaza Strip Super Cup
National youth teams,West Bank Super Cup
National youth teams,Yasser Arafat Cup
National youth teams,Pakistan Premier League
National youth teams,PFF League
National youth teams,National Football Championship
National youth teams,Karachi Football League
National youth teams,Super Football League
National youth teams,PFF National Challenge Cup
National youth teams,National Women Football Championship
National youth teams,Quaid-e-Azam International Tournament
National youth teams,Philippines Football League
National youth teams,Copa Paulino Alcantara
National youth teams,PFF Women's League
National youth teams,PFF Women's Cup
National youth teams,PFF National Men's Club Championship
National youth teams,United Football League Cup
National youth teams,PFF National Men's Under-19 Championship
National youth teams,Philippine Football League
National youth teams,Filipino Premier League
National youth teams,United Football League
National youth teams,Philippine Premier League
National youth teams,University Athletic Association of the Philippines
National youth teams,Aboitiz Football Cup
National youth teams,Qatar Stars League
National youth teams,Second Division League
National youth teams,Reserve League
National youth teams,Amir Cup
National youth teams,Qatari Stars Cup
National youth teams,Stars League
National youth teams,Qatar Cup
National youth teams,Stars League
National youth teams,Sheikh Jassim Cup
National youth teams,Stars League
National youth teams,Amir Cup
National youth teams,Saudi Pro League
National youth teams,First Division League
National youth teams,Second Division League
National youth teams,Saudi League 3rd Division
National youth teams,Saudi League 4th Division
National youth teams,King's Cup
National youth teams,Saudi Crown Prince Cup
National youth teams,Saudi Pro League
National youth teams,First Division League
National youth teams,Saudi Super Cup
National youth teams,Saudi Pro League
National youth teams,King's Cup
National youth teams,Saudi Federation Cup
National youth teams,Saudi Women's Premier League
National youth teams,Singapore Premier League
National youth teams,Singapore Football League Division 1
National youth teams,Singapore Football League Division 2
National youth teams,Singapore Island Wide League
National youth teams,Cosmopolitan Football League
National youth teams,Cosmopolitan League Cup
National youth teams,Equatorial Football League
National youth teams,Singapore Cup
National youth teams,Singapore FA Cup
National youth teams,Singapore Community Shield
National youth teams,FAS Centre of Excellence Developmental Leagues
National youth teams,Football Association of Singapore
National youth teams,FAS Women's Premier League
National youth teams,Football Association of Singapore
National youth teams,FAS Women's National League
National youth teams,Football Association of Singapore
National youth teams,ESPZEN
National youth teams,Football Association of Singapore
National youth teams,D2D International Futsal League
National youth teams,D2D Arena Futsal League
National youth teams,D2D Futsal Cup
National youth teams,K League 1
National youth teams,K League 2
National youth teams,K3 League
National youth teams,K4 League
National youth teams,ko
National youth teams,K6 League
National youth teams,ko
National youth teams,K7 League
National youth teams,ko
National youth teams,Korea National League
National youth teams,Korea Cup
National youth teams,K League Super Cup
National youth teams,K3-K4 Championship
National youth teams,ko
National youth teams,K League All-Star Game
National youth teams,Korean League Cup
National youth teams,Challengers Cup
National youth teams,Korea National League Championship
National youth teams,Adidas Cup
National youth teams,Daehan Fire Insurance Cup
National youth teams,Phillip Morriss Cup
National youth teams,Prospecs Cup
National youth teams,Hauzen Cup
National youth teams,WK League
National youth teams,S1 League
National youth teams,Kit Premier League Division I
National youth teams,Kit Premier League Division II
National youth teams,Sri Lanka FA Cup
National youth teams,Syrian Premier League
National youth teams,Syrian League 1st Division
National youth teams,Syrian League 2nd Division
National youth teams,Syrian Cup
National youth teams,Syrian Super Cup
National youth teams,Taiwan Football Premier League
National youth teams,Taiwan Football Challenge League
National youth teams,Intercity Football League
National youth teams,Taiwan Football Premier League
National youth teams,Enterprise Football League
National youth teams,Intercity Football League
National youth teams,Highschool Football League
National youth teams,National Youth Cup
National youth teams,National High School Games
National youth teams,Chinese Taipei FA Cup
National youth teams,Taiwan Mulan Football League
National youth teams,Vysshaya Liga
National youth teams,Tajikistan First League
National youth teams,Tajikistan Second League
National youth teams,Tajikistan Cup
National youth teams,Tajikistan Super Cup
National youth teams,TFF Cup
National youth teams,Thai League 1
National youth teams,Thai League 2
National youth teams,Thai League 3
National youth teams,Thailand Semi-Pro League
National youth teams,Thailand Amateur League
National youth teams,Thai League 4
National youth teams,Thai FA Cup
National youth teams,Thai League Cup
National youth teams,Thailand Champions Cup
National youth teams,Thai League 1
National youth teams,Thai FA Cup
National youth teams,Thai League All-Star Football
National youth teams,Provincial League
National youth teams,Kor Royal Cup
National youth teams,Khǒr Royal Cup
National youth teams,Khor Royal Cup
National youth teams,Ngor Royal Cup
National youth teams,Liga Futebol Timor-Leste
National youth teams,Liga Futebol Amadora Primeira Divisão
National youth teams,Liga Futebol Amadora Segunda Divisão
National youth teams,Liga Futebol Amadora Terceira Divisão
National youth teams,Taça 12 de Novembro
National youth teams,LFA Super Taça
National youth teams,Ýokary Liga
National youth teams,Birinji Liga
National youth teams,Turkmenistan Cup
National youth teams,Turkmenistan Super Cup
National youth teams,UAE Pro League
National youth teams,UAE First Division League
National youth teams,UAE Second Division League
National youth teams,UAE Third Division League
National youth teams,UAE President's Cup
National youth teams,UAE League Cup
National youth teams,UAE FA cup
National youth teams,UAE Super Cup
National youth teams,Uzbekistan Super League
National youth teams,Uzbekistan Pro League
National youth teams,Uzbekistan Pro-B League
National youth teams,Uzbekistan Second League
National youth teams,Uzbekistan Cup
National youth teams,Uzbekistan League Cup
National youth teams,Uzbekistan Super Cup
National youth teams,Uzbekistan PFL Cup
National youth teams,V.League 1
National youth teams,V.League 2
National youth teams,Vietnamese League Two
National youth teams,Vietnamese League Three
National youth teams,Vietnamese Women's Football Championship
National youth teams,Vietnamese National Football Cup
National youth teams,Vietnamese Super Cup
National youth teams,Yemeni League
National youth teams,Yemeni Second Division
National youth teams,Yemeni President Cup
National youth teams,Yemeni Super Cup
National youth teams,Confederation of African Football
National youth teams,Africa Cup of Nations
National youth teams,African Nations League
National youth teams,U-23 Africa Cup of Nations
National youth teams,U-20 Africa Cup of Nations
National youth teams,U-17 Africa Cup of Nations
National youth teams,Women's Africa Cup of Nations
National youth teams,CAF Women's Olympic Qualifying Tournament
National youth teams,African U-20 Women's World Cup qualification
National youth teams,African U-17 Women's World Cup qualification
National youth teams,African Games
National youth teams,African Nations Championship
National youth teams,Afro-Asian Cup of Nations
National youth teams,CECAFA Cup
National youth teams,COSAFA Cup
National youth teams,COSAFA Women's Championship
National youth teams,WAFU Nations Cup
National youth teams,U-17 UNIFFAC Cup
National youth teams,UNAF U-23 Tournament
National youth teams,CEMAC Cup
National youth teams,Amílcar Cabral Cup
National youth teams,CAF Champions League
National youth teams,CAF Confederation Cup
National youth teams,CAF Super Cup
National youth teams,CAF Women's Champions League
National youth teams,CAF Cup
National youth teams,African Football League
National youth teams,African Cup Winners' Cup
National youth teams,Afro-Asian Club Championship
National youth teams,UNAF Nessma Cup
National youth teams,West African Club Championship
National youth teams,CECAFA Club Cup
National youth teams,Algerian Ligue Professionnelle 1
National youth teams,Algerian Ligue Professionnelle 2
National youth teams,Ligue Nationale
National youth teams,Ligue Inter-Régions
National youth teams,Ligue Régional I
National youth teams,II
National youth teams,Algerian Cup
National youth teams,Algerian Super Cup
National youth teams,Algerian Championnat National
National youth teams,Algerian Cup
National youth teams,Algerian League Cup
National youth teams,Algerian Women's Championship
National youth teams,Algerian Women's Cup
National youth teams,Girabola
National youth teams,Segundona
National youth teams,Angolan Provincial Football Stage
National youth teams,Angolan SuperCup
National youth teams,Girabola
National youth teams,Angolan Cup
National youth teams,Angolan Cup
National youth teams,Angolan Women's Football League
National youth teams,Campeonato Provincial de Futebol Feminino de Angola
National youth teams,Benin Premier League
National youth teams,Benin Second Division
National youth teams,Benin Cup
National youth teams,Benin Super Cup
National youth teams,Botswana Premier League
National youth teams,Botswana First Division North
National youth teams,Botswana First Division South
National youth teams,Botswana Division One
National youth teams,FA Challenge Cup (Botswana)
National youth teams,Botswana Independence Cup
National youth teams,Orange Kabelano Charity Cup
National youth teams,Mascom Top 8 Cup
National youth teams,Burkinabé Premier League
National youth teams,Coupe du Faso
National youth teams,Burkinabé SuperCup
National youth teams,Burundi Premier League
National youth teams,Burundian Cup
National youth teams,Burundi Super Cup
National youth teams,Championnat du Cameroun de football
National youth teams,Cameroon Deuxième Division
National youth teams,Cameroon Cup
National youth teams,Super Coupe Roger Milla
National youth teams,Cape Verdean Football Championship
National youth teams,Santiago South Premier Division
National youth teams,Cape Verdean Cup
National youth teams,Cape Verdean Super Cup
National youth teams,Cape Verde Independence Cup
National youth teams,Central African Republic League
National youth teams,Central African Republic League D2
National youth teams,Coupe Nationale
National youth teams,Central African Republic Supercoupe
National youth teams,Chad Premier League
National youth teams,Chad Division 2
National youth teams,Chad Cup
National youth teams,Chad Super Cup
National youth teams,Coupe de Ligue de N'Djaména
National youth teams,Comoros Premier League
National youth teams,Comoros Cup
National youth teams,Comoros Super Cup
National youth teams,Congo Premier League
National youth teams,Coupe du Congo
National youth teams,Super Coupe du Congo
National youth teams,Linafoot
National youth teams,Linafoot Ligue 2
National youth teams,Coupe du Congo
National youth teams,Super Coupe du Congo
National youth teams,Djibouti Premier League
National youth teams,Djibouti Cup
National youth teams,Djibouti Super Cup
National youth teams,Egyptian Premier League
National youth teams,Egyptian Second Division A
National youth teams,Egyptian Second Division B
National youth teams,Egyptian Third Division
National youth teams,Egypt Development League
National youth teams,Egypt Cup
National youth teams,Egyptian Super Cup
National youth teams,Egyptian League Cup
National youth teams,Egypt's Love Cup
National youth teams,EFA League Cup
National youth teams,Sultan Hussein Cup
National youth teams,Equatoguinean Primera División
National youth teams,Equatorial Guinea Segunda División
National youth teams,Equatoguinean Cup
National youth teams,Equatoguinean SuperCup
National youth teams,Eritrean Premier League
National youth teams,Eritrean Cup
National youth teams,Premier League of Eswatini
National youth teams,Swazi Cup
National youth teams,Swazi Charity Cup
National youth teams,Ethiopian Premier League
National youth teams,Ethiopian Higher League
National youth teams,Ethiopian First League
National youth teams,Ethiopian Cup
National youth teams,Addis Ababa City Cup
National youth teams,Ethiopian Super Cup
National youth teams,Gabon Championnat National D1
National youth teams,Gabon Championnat National D2
National youth teams,Coupe du Gabon Interclubs
National youth teams,Supercoupe du Gabon
National youth teams,GFA League First Division
National youth teams,GFA League Second Division
National youth teams,GFA League Third Division
National youth teams,Gambian Cup
National youth teams,Gambian Super Cup
National youth teams,Ghana Premier League
National youth teams,Ghana Football Leagues
National youth teams,Ghanaian FA Cup
National youth teams,Ghana Super Cup
National youth teams,Guinée Championnat National
National youth teams,Guinée Coupe Nationale
National youth teams,Supercoupe de Guinée
National youth teams,Campeonato Nacional da Guiné-Bissau
National youth teams,Taça Nacional da Guiné Bissau
National youth teams,SuperTaça Nacional da Guiné-Bissau
National youth teams,Ligue 1
National youth teams,Ligue 2
National youth teams,Championnat Division 3
National youth teams,Coupe de Côte d'Ivoire de football
National youth teams,Coupe Houphouët-Boigny
National youth teams,Kenyan Premier League
National youth teams,Kenyan National Super League
National youth teams,FKF Division One
National youth teams,Kenyan Regional Leagues
National youth teams,Kenyan County Champions League
National youth teams,Kenyan Sub-County Leagues
National youth teams,FKF President's Cup
National youth teams,Kenyan Super Cup
National youth teams,KPL Top 8 Cup
National youth teams,Lesotho Premier League
National youth teams,Lesotho A Division
National youth teams,Lesotho Independence Cup
National youth teams,MGC Supa 8
National youth teams,Liberian First Division
National youth teams,Liberian Second Division League
National youth teams,LFA Sub-Committee League
National youth teams,Liberian Cup
National youth teams,Liberian National County Meet
National youth teams,Liberian Super Cup
National youth teams,Libyan Premier League
National youth teams,Libyan Second Division
National youth teams,Libyan Third Division
National youth teams,Libyan Fourth Division
National youth teams,Libyan Cup
National youth teams,Libyan League Cup
National youth teams,Libyan Super Cup
National youth teams,Malagasy Pro League
National youth teams,Coupe de Madagascar
National youth teams,Super Coupe de Madagascar
National youth teams,Malawi Premier Division
National youth teams,SRF League
National youth teams,FMB Under 20 Youth League
National youth teams,Malawi Carlsberg Cup
National youth teams,FISD Challenge Cup
National youth teams,Malawi Presidential Cup
National youth teams,Malawi Charity Shield
National youth teams,Malian Première Division
National youth teams,Malian Division 1
National youth teams,Malian Cup
National youth teams,Super Coupe National du Mali
National youth teams,Ligue 1 Mauritania
National youth teams,Ligue 2 Mauritania
National youth teams,Coupe du Président de la République
National youth teams,Mauritanian Super Cup
National youth teams,Mauritian League
National youth teams,Mauritian First Division
National youth teams,Mauritian Cup
National youth teams,Mauritian Republic Cup
National youth teams,Millenium Cup
National youth teams,Ram Ruhee Memorial Cup
National youth teams,MFA Super Cup
National youth teams,Botola Pro
National youth teams,Botola Pro 2
National youth teams,Amateur National Championship
National youth teams,Moroccan Throne Cup
National youth teams,Moroccan Super Cup
National youth teams,Botola
National youth teams,Moroccan Throne Cup
National youth teams,Moçambola
National youth teams,Taça de Moçambique
National youth teams,Supertaça de Moçambique
National youth teams,Namibia Premier League
National youth teams,Namibia First Division
National youth teams,Namibia Women's Super League
National youth teams,Namibia FA Cup
National youth teams,Namibian Newspaper Cup
National youth teams,Namibia Super Cup
National youth teams,Niger Premier League
National youth teams,Niger Cup
National youth teams,Niger Super Cup
National youth teams,Nigeria Premier Football League
National youth teams,Nigeria National League
National youth teams,Nigeria Nationwide League One
National youth teams,Nigeria Nationwide League Division Two
National youth teams,Nigeria Nationwide League Division Three
National youth teams,Non-League
National youth teams,Nigerian FA Cup
National youth teams,Nigerian Super Cup
National youth teams,Super 4 (Nigeria)
National youth teams,Réunion Premier League
National youth teams,Coupe de la Réunion
National youth teams,Coupe de France
National youth teams,Rwanda Premier League
National youth teams,Rwandan Second Division
National youth teams,Rwandan Third Division
National youth teams,Rwanda Women's Football League
National youth teams,Rwandan Cup
National youth teams,Rwandan Super Cup
National youth teams,São Tomé and Príncipe Championship
National youth teams,São Tomé Island League
National youth teams,Príncipe Island League
National youth teams,Taça Nacional de São Tomé e Principe
National youth teams,São Tomé Island Cup
National youth teams,Príncipe Island Cup
National youth teams,São Tomé and Príncipe Super Cup
National youth teams,Senegal Premier League
National youth teams,Senegal Ligue 1
National youth teams,Senegal Ligue 2
National youth teams,Senegal Nationale 1
National youth teams,Senegal Nationale 2
National youth teams,Senegal FA Cup
National youth teams,Senegalese Super Cup
National youth teams,Senegalese League Cup
National youth teams,Seychelles First Division
National youth teams,Seychelles Division Two
National youth teams,Seychelles Division Three
National youth teams,Airtel Cup
National youth teams,Seychelles FA Cup
National youth teams,Sierra Leone National Premier League
National youth teams,Sierra Leone FA Division One
National youth teams,Sierra Leone FA Division Two
National youth teams,Sierra Leonean FA Cup
National youth teams,Sierra Leonean Charity Shield
National youth teams,Somali First Division
National youth teams,Somali Second Division
National youth teams,Somali Third Division
National youth teams,Somalia Fourth League
National youth teams,Somalia Cup
National youth teams,Somalia Super Cup
National youth teams,Premier Soccer League
National youth teams,South African Premiership
National youth teams,South African Championship
National youth teams,SAFA Second Division
National youth teams,SAFA Regional League
National youth teams,LFA Super League
National youth teams,PSL Reserve League
National youth teams,Knockout Cup
National youth teams,Nedbank Cup
National youth teams,MTN 8
National youth teams,South Sudan Football Championship
National youth teams,South Sudan Premier League
National youth teams,South Sudan National Cup
National youth teams,Sudan Premier League
National youth teams,Khartoum League
National youth teams,Sudan Cup
National youth teams,Sudan Super Cup
National youth teams,Tanzanian Premier League
National youth teams,Tanzanian First Division League
National youth teams,Tanzanian Second Division League
National youth teams,Tanzania FA Cup
National youth teams,Tanzania Community Shield
National youth teams,Championnat National de Premiere Division
National youth teams,Coupe du Togo
National youth teams,Supercoupe du Togo
National youth teams,Tunisian Ligue Professionnelle 1
National youth teams,Tunisian Ligue Professionnelle 2
National youth teams,Tunisian Ligue 3
National youth teams,Tunisian Ligue Amateur 4
National youth teams,Tunisian Ligue Amateur 5
National youth teams,Tunisian Cup
National youth teams,Tunisian Super Cup
National youth teams,Uganda Premier League
National youth teams,FUFA Big League
National youth teams,FUFA Women Super League
National youth teams,FUFA Women Elite League
National youth teams,Ugandan Cup
National youth teams,Uganda Super 8 Cup
National youth teams,Zambia Super League
National youth teams,Zambia National Division One
National youth teams,Zambian Cup
National youth teams,Zambian Independence Cup
National youth teams,Northern Rhodesia Castle Cup
National youth teams,ABSA Cup
National youth teams,Zambian Challenge Cup
National youth teams,Zambian Coca-Cola Cup
National youth teams,Zambian Charity Shield
National youth teams,Zanzibar Premier League
National youth teams,Zanzibar Cup
National youth teams,Zanzibari Charity Shield
National youth teams,Zimbabwe Premier Soccer League
National youth teams,Zimbabwe Division 1
National youth teams,Zimbabwe Third Division
National youth teams,Zimbabwean Independence Trophy
National youth teams,Cup of Zimbabwe
National youth teams,BancABC Super8 Cup
National youth teams,NetOne Charity Shield
National youth teams,Bob 91 Super Cup
National youth teams,Uhuru Cup
National youth teams,Zimbabwe National Army Charity Shield
National youth teams,CONCACAF
National youth teams,CONCACAF Gold Cup
National youth teams,CONCACAF Nations League
National youth teams,CONCACAF Men's Olympic Qualifying
National youth teams,CONCACAF Under-20 Championship
National youth teams,Pan American Games
National youth teams,CONCACAF Under-17 Championship
National youth teams,CONCACAF Boys' Under-15 Championship
National youth teams,CONCACAF W Championship
National youth teams,CONCACAF W Gold Cup
National youth teams,CONCACAF Women's Olympic Qualifying
National youth teams,CONCACAF Women's Under-20 Championship
National youth teams,CONCACAF Women's Under-17 Championship
National youth teams,CONCACAF Girls' Under-15 Championship
National youth teams,CONCACAF Championship
National youth teams,CONCACAF Cup
National youth teams,ABCS Tournament
National youth teams,CFU
National youth teams,North American Nations Cup
National youth teams,Copa Centroamericana
National youth teams,Caribbean Cup
National youth teams,CONCACAF Champions Cup
National youth teams,CONCACAF Under-13 Champions League
National youth teams,CONCACAF League
National youth teams,CONCACAF Cup Winners Cup
National youth teams,CONCACAF Giants Cup
National youth teams,SuperLiga
National youth teams,Copa Interamericana
National youth teams,UNCAF Interclub Cup
National youth teams,Leagues Cup
National youth teams,Campeones Cup
National youth teams,CONCACAF Central American Cup
National youth teams,UNCAF
National youth teams,CONCACAF Caribbean Cup
National youth teams,CFU
National youth teams,CFU Club Shield
National youth teams,UNCAF Interclub Cup
National youth teams,UNCAF
National youth teams,CONCACAF Caribbean Club Championship
National youth teams,CFU
National youth teams,AFA Senior Male League
National youth teams,AFA Senior Female League
National youth teams,AFA Knockout Cup
National youth teams,Antigua and Barbuda Premier Division
National youth teams,Antigua and Barbuda First Division
National youth teams,Antigua and Barbuda FA Cup
National youth teams,Aruban Division di Honor
National youth teams,Aruban Division Uno
National youth teams,Aruban Division Dos
National youth teams,Aruban Liga Hubenil
National youth teams,Torneo Copa Betico Croes
National youth teams,BFA Senior League
National youth teams,Grand Bahama Football League
National youth teams,New Providence Football League
National youth teams,Bahamas President's Cup
National youth teams,Grand Bahama FA Cup
National youth teams,New Providence FA Cup
National youth teams,Barbados Premier League
National youth teams,Barbados Division One
National youth teams,Barbados Division Two
National youth teams,Barbados FA Cup
National youth teams,Premier League of Belize
National youth teams,Belize Premier Football League
National youth teams,Super League of Belize
National youth teams,Bermudian Premier Division
National youth teams,Bermuda First Division
National youth teams,Bermuda FA Cup
National youth teams,Bonaire League
National youth teams,Kopa MCB
National youth teams,BVIFA National Football League
National youth teams,Tortola League
National youth teams,Virgin Gorda League
National youth teams,Terry Evans Knockout Cup
National youth teams,Wendol Williams Cup
National youth teams,Canadian Premier League
National youth teams,Canadian Premier League Finals
National youth teams,CPL champion
National youth teams,CONCACAF Champions League
National youth teams,Major League Soccer
National youth teams,Vancouver Whitecaps
National youth teams,Toronto FC
National youth teams,CF Montréal
National youth teams,League1 Ontario
National youth teams,Canadian Championship
National youth teams,Premiere Ligue de soccer du Quebec
National youth teams,League1 British Columbia
National youth teams,Canadian Championship
National youth teams,CONCACAF Champions League
National youth teams,Challenge Trophy
National youth teams,Cayman Islands Premier League
National youth teams,Cayman Islands First Division
National youth teams,Cayman Islands FA Cup
National youth teams,Cayman Islands Digicel Cup
National youth teams,Liga FPD
National youth teams,Liga de Ascenso
National youth teams,Linafa
National youth teams,Costa Rican women's football championship
National youth teams,Costa Rican Cup
National youth teams,Supercopa de Costa Rica
National youth teams,Campeonato Nacional de Fútbol de Cuba
National youth teams,Torneo de Ascenso
National youth teams,Curaçao Promé Divishon
National youth teams,Sekshon Amatùr
National youth teams,Dominica Premiere League
National youth teams,Dominica First Division
National youth teams,CFU Club Championship
National youth teams,Liga Dominicana de Fútbol
National youth teams,Primera División de Republica Dominicana
National youth teams,Copa Dominicana de Fútbol
National youth teams,Salvadoran Primera División
National youth teams,Segunda División de Fútbol Salvadoreño
National youth teams,Tercera Division de Fútbol Salvadoreño
National youth teams,Salvadoran women's football championship
National youth teams,Copa Presidente
National youth teams,French Guiana Honor Division
National youth teams,French Guiana Promotion of Honor
National youth teams,Coupe de Guyane
National youth teams,Liga Guate
National youth teams,Primera División de Ascenso
National youth teams,Segunda División de Ascenso
National youth teams,Tercera División de Guatemala
National youth teams,Copa de Guatemala
National youth teams,Liga Guate
National youth teams,Primera División de Ascenso
National youth teams,National Women's Football League of Guatemala
National youth teams,GFA Premier Division
National youth teams,GFA First Division
National youth teams,GFA Second Division
National youth teams,GFA Super Knockout Cup
National youth teams,Guadeloupe Division of Honor
National youth teams,Guadalupe Honorary Promotion Championship
National youth teams,Coupe de Guadeloupe
National youth teams,Coupe de France
National youth teams,GFF National Super League
National youth teams,Guyana Mayors Cup
National youth teams,GFF Super 8 Cup
National youth teams,Georgetown Regional Cup
National youth teams,Ligue Haitienne
National youth teams,Coupe d'Haïti
National youth teams,Liga Nacional de Fútbol Profesional de Honduras
National youth teams,Liga Nacional de Ascenso de Honduras
National youth teams,Liga Mayor de Futbol de Honduras
National youth teams,Honduran Cup
National youth teams,Honduran Supercup
National youth teams,Jamaica National Premier League
National youth teams,KSAFA Super League
National youth teams,South Central Confederation Super League
National youth teams,Eastern Confederation Super League
National youth teams,Western Confederation Super League
National youth teams,JFF Champions Cup
National youth teams,Martinique Championnat National
National youth teams,Martinique Promotion d'Honneur
National youth teams,Coupe de la Martinique
National youth teams,Coupe de France
National youth teams,Liga MX
National youth teams,Liga de Expansión MX
National youth teams,Liga MX
National youth teams,Liga Premier de México
National youth teams,Serie A de México
National youth teams,Liga de Expansión MX
National youth teams,Serie B de México
National youth teams,Serie A de México
National youth teams,Liga TDP
National youth teams,Ascenso MX
National youth teams,Copa MX
National youth teams,Liga MX
National youth teams,Liga de Expansión MX
National youth teams,Campeón de Campeones
National youth teams,Liga MX
National youth teams,Supercopa MX
National youth teams,Copa MX
National youth teams,Liga MX Femenil
National youth teams,Super Liga Femenil de Fútbol
National youth teams,Montserrat Championship
National youth teams,Nicaraguan Primera División
National youth teams,Segunda División de Nicaragua
National youth teams,Tercera Division de Nicaragua
National youth teams,Nicaraguan women's football championship
National youth teams,Copa de Nicaragua
National youth teams,Liga Panameña de Fútbol
National youth teams,Liga Nacional de Ascenso
National youth teams,Copa Rommel Fernández
National youth teams,Copa Panamá
National youth teams,Liga Puerto Rico
National youth teams,Puerto Rico Soccer League
National youth teams,Liga Mayor de Fútbol Nacional
National youth teams,Campeonato Nacional de Fútbol de Puerto Rico
National youth teams,Liga Nacional de Fútbol de Puerto Rico
National youth teams,Torneo de Copa de Puerto Rico
National youth teams,Copa Luis Villarejo
National youth teams,Puerto Rico Soccer League Regular Season Cup
National youth teams,Puerto Rico Soccer League PlayOff Cup
National youth teams,Puerto Rico Cup of Excellence
National youth teams,SKNFA Super League
National youth teams,SKNFA Division 1
National youth teams,Saint Kitts and Nevis National Cup
National youth teams,SLFA First Division
National youth teams,SLFA Second Division
National youth teams,Saint Lucia FA Cup
National youth teams,SLFA President's Cup
National youth teams,Saint-Martin Senior League
National youth teams,Coupe des Îles du Nord
National youth teams,Coupe de Saint-Martin
National youth teams,Saint Vincent and the Grenadines Football Federation
National youth teams,Sint Maarten Senior League
National youth teams,Suriname Major League
National youth teams,SVB Tweede Divisie
National youth teams,SVB Derde Divisie
National youth teams,Beker van Suriname
National youth teams,Suriname President's Cup
National youth teams,Provo Premier League
National youth teams,Turks and Caicos FA Cup
National youth teams,TT Premier Football League
National youth teams,TT Super League
National youth teams,Tobago Premier Division
National youth teams,Trinidad and Tobago FA Trophy
National youth teams,Trinidad and Tobago Charity Shield
National youth teams,Trinidad and Tobago League Cup
National youth teams,Trinidad and Tobago Classic
National youth teams,Trinidad and Tobago Goal Shield
National youth teams,Trinidad and Tobago Pro Bowl
National youth teams,Trinidad and Tobago Super League Cup
National youth teams,U.S. Virgin Islands Championship
National youth teams,St Croix Soccer League
National youth teams,St Thomas League
National youth teams,Major League Soccer
National youth teams,MLS Cup Playoffs
National youth teams,MLS Cup
National youth teams,Canada
National youth teams,USL Championship
National youth teams,United Soccer League
National youth teams,USL Championship Final
National youth teams,MLS Next Pro
National youth teams,National Independent Soccer Association
National youth teams,USL League One
National youth teams,United Soccer League
National youth teams,National Premier Soccer League
National youth teams,NISA Nation
National youth teams,USL League Two
National youth teams,United Soccer League
National youth teams,Canada
National youth teams,United Premier Soccer League
National youth teams,USASA
National youth teams,Regional Elite Amateur and State Premier Leagues
National youth teams,State Leagues
National youth teams,United Premier Soccer League
National youth teams,U.S. Open Cup
National youth teams,MLS All-Star Game
National youth teams,George F. Donnelly Cup
National youth teams,Hank Steinbrecher Cup
National youth teams,National Amateur Cup
National youth teams,MLS Next
National youth teams,United States Club Soccer
National youth teams,Super-20 League
National youth teams,United Soccer League
National youth teams,Super Y-League
National youth teams,United Soccer League
National youth teams,National Women's Soccer League
National youth teams,United Women's Soccer
National youth teams,one team
National youth teams,Canada
National youth teams,Women's Premier Soccer League
National youth teams,Canada
National youth teams,Puerto Rico
National youth teams,United States Adult Soccer Association
National youth teams,NWSL Challenge Cup
National youth teams,USASA National Women's Cup
National youth teams,USASA National Women's Amateur
National youth teams,US Soccer National Amateur Championships
National youth teams,United Soccer Association
National youth teams,National Professional Soccer League
National youth teams,North American Soccer League (former)
National youth teams,American Soccer League (1933–83)
National youth teams,United Soccer League (former)
National youth teams,Western Soccer Alliance
National youth teams,American Soccer League (1988–89)
National youth teams,American Professional Soccer League
National youth teams,A-League
National youth teams,United Soccer Leagues
National youth teams,USL First Division
National youth teams,United Soccer Leagues
National youth teams,USSF Division 2 Professional League
National youth teams,USL Second Division
National youth teams,United Soccer Leagues
National youth teams,Women's United Soccer Association
National youth teams,Women's Professional Soccer
National youth teams,Women's Premier Soccer League Elite
National youth teams,USL W-League
National youth teams,United Soccer Leagues
National youth teams,Major Arena Soccer League
National youth teams,Canada
National youth teams,Mexico
National youth teams,Major Arena Soccer League 2
National youth teams,Premier Arena Soccer League
National youth teams,Mexico
National youth teams,United States Open Cup for Arena Soccer
National youth teams,North American Soccer League (1968–1984)
National youth teams,Major Indoor Soccer League (1978–92)
National youth teams,Continental Indoor Soccer League
National youth teams,National Professional Soccer League (1984–2001)
National youth teams,Major Indoor Soccer League (2001–08)
National youth teams,Major Indoor Soccer League (2008–14)
National youth teams,American Indoor Soccer League
National youth teams,Xtreme Soccer League
National youth teams,CONMEBOL
National youth teams,CONMEBOL
National youth teams,CONMEBOL Copa América
National youth teams,CONMEBOL Preolímpico
National youth teams,CONMEBOL Sudamericano Sub20
National youth teams,CONMEBOL Sudamericano Sub17
National youth teams,CONMEBOL Sudamericano Sub15
National youth teams,CONMEBOL Copa América Femenina
National youth teams,CONMEBOL Sudamericano Sub20 Femenino
National youth teams,CONMEBOL Sudamericano Sub17 Femenino
National youth teams,Pan American Games
National youth teams,Copa del Pacífico
National youth teams,Panamerican Championship
National youth teams,Superclásico de las Américas
National youth teams,CONMEBOL Libertadores
National youth teams,CONMEBOL Sudamericana
National youth teams,CONMEBOL Recopa
National youth teams,CONMEBOL Libertadores Femenina
National youth teams,Supercopa Libertadores
National youth teams,Copa Conmebol
National youth teams,Copa Mercosur
National youth teams,Copa Merconorte
National youth teams,Copa Simón Bolívar
National youth teams,Copa Ganadores de Copa
National youth teams,Copa Interamericana
National youth teams,Copa de Oro
National youth teams,Copa Master de CONMEBOL
National youth teams,Copa Master de Supercopa
National youth teams,Copa Iberoamericana
National youth teams,Intercontinental Champions' Supercup
National youth teams,South American Championship of Champions
National youth teams,J.League Cup / Copa Sudamericana Championship
National youth teams,Intercontinental Cup
National youth teams,Liga Profesional de Fútbol
National youth teams,Primera Nacional
National youth teams,Copa Argentina
National youth teams,Trofeo de Campeones de la Liga Profesional
National youth teams,Supercopa Argentina
National youth teams,Supercopa Internacional
National youth teams,Campeonato de Fútbol Femenino de Primera División A
National youth teams,Campeonato de Fútbol Femenino de Primera División B
National youth teams,Campeonato de Fútbol Femenino de Primera División C
National youth teams,es
National youth teams,Primera B
National youth teams,Primera C
National youth teams,Torneo Promocional Amateur
National youth teams,Torneo Federal A
National youth teams,Torneo Regional Federal
National youth teams,Torneo Federal A
National youth teams,Regional Leagues
National youth teams,División de Fútbol Profesional
National youth teams,Copa Simón Bolívar
National youth teams,Bolivian Football Regional Leagues
National youth teams,Liga Nacional B
National youth teams,Copa Bolivia
National youth teams,Campeonato Brasileiro Série A
National youth teams,Campeonato Brasileiro Série B
National youth teams,Campeonato Brasileiro Série C
National youth teams,Campeonato Brasileiro Série D
National youth teams,Copa do Brasil
National youth teams,Copa Verde
National youth teams,Copa do Nordeste
National youth teams,Supercopa do Brasil
National youth teams,Copa Verde
National youth teams,Copa do Nordeste
National youth teams,Copa Paulista
National youth teams,Copa Centro-Oeste
National youth teams,Copa Norte
National youth teams,Campeonato Brasileiro Sub-23
National youth teams,Campeonato Brasileiro Sub-20
National youth teams,Copa do Brasil Sub-20
National youth teams,Supercopa do Brasil Sub-20
National youth teams,Campeonato Brasileiro Sub-17
National youth teams,Copa do Brasil Sub-17
National youth teams,Supercopa do Brasil Sub-17
National youth teams,Campeonato Brasileiro de Futebol Feminino Série A1
National youth teams,Campeonato Brasileiro de Futebol Feminino Série A2
National youth teams,Campeonato Brasileiro de Futebol Feminino Série A3
National youth teams,Copa do Brasil de Futebol Feminino
National youth teams,Copa Sul-Minas
National youth teams,Torneio Rio-São Paulo
National youth teams,Primeira Liga
National youth teams,Copa dos Campeões
National youth teams,Brazilian states football championships
National youth teams,Campeonato Acreano
National youth teams,Campeonato Amazonense
National youth teams,Campeonato Roraimense
National youth teams,Campeonato Paraense
National youth teams,Campeonato Rondoniense
National youth teams,Campeonato Tocantinense
National youth teams,Campeonato Amapaense
National youth teams,Campeonato Baiano
National youth teams,Campeonato Pernambucano
National youth teams,Campeonato Alagoano
National youth teams,Campeonato Sergipano
National youth teams,Campeonato Potiguar
National youth teams,Campeonato Maranhense
National youth teams,Campeonato Piauiense
National youth teams,Campeonato Cearense
National youth teams,Campeonato Paraibano
National youth teams,Campeonato Matogrossense
National youth teams,Campeonato Sul-Matogrossense
National youth teams,Campeonato Goiano
National youth teams,Campeonato Brasiliense
National youth teams,Campeonato Paulista
National youth teams,Campeonato Carioca
National youth teams,Campeonato Mineiro
National youth teams,Campeonato Capixaba
National youth teams,Campeonato Gaúcho
National youth teams,Campeonato Catarinense
National youth teams,Campeonato Paranaense
National youth teams,Primera División
National youth teams,Primera División B
National youth teams,Segunda División Profesional
National youth teams,Tercera División A
National youth teams,Tercera División B
National youth teams,Copa Chile
National youth teams,Supercopa de Chile
National youth teams,Primera División Femenina
National youth teams,Primera División B Femenina
National youth teams,Primera A
National youth teams,Primera B
National youth teams,Copa Colombia
National youth teams,Superliga Colombiana
National youth teams,Serie A
National youth teams,Serie B
National youth teams,Segunda Categoría
National youth teams,Copa Ecuador
National youth teams,Supercopa Ecuador
National youth teams,Primera División
National youth teams,Segunda División
National youth teams,Tercera División
National youth teams,Primera División B Metropolitana
National youth teams,Paraguayan Primera División B Nacional
National youth teams,Campeonato Nacional de Interligas
National youth teams,Cuarta División
National youth teams,Primera División C
National youth teams,Paraguay's regional leagues
National youth teams,Copa Paraguay
National youth teams,Supercopa Paraguay
National youth teams,Liga 1
National youth teams,Liga 2
National youth teams,Liga 3
National youth teams,Copa Perú
National youth teams,Ligas Departamentales del Perú
National youth teams,Ligas Provinciales del Peru
National youth teams,Ligas Distritales del Peru
National youth teams,Copa LFP - FPF
National youth teams,Copa Bicentenario
National youth teams,Torneo del Inca
National youth teams,Supercopa Peruana
National youth teams,Copa Federación
National youth teams,Copa de Campeones del Perú
National youth teams,Primera División
National youth teams,Segunda División
National youth teams,Primera División Amateur
National youth teams,Uruguayan Liga Metropolitana Amateur
National youth teams,Supercopa Uruguaya
National youth teams,Copa Uruguay
National youth teams,Torneo Intermedio(Uruguay)
National youth teams,es
National youth teams,Primera División
National youth teams,Segunda División
National youth teams,Tercera Division
National youth teams,Copa Venezuela
National youth teams,OFC
National youth teams,OFC
National youth teams,Tahiti
National youth teams,OFC Men's Nations Cup
National youth teams,Pacific Games
National youth teams,OFC Men's Olympic Qualifier
National youth teams,OFC U-19 Championship
National youth teams,OFC U-16 Championship
National youth teams,OFC Women's Nations Cup
National youth teams,OFC U-19 Women's Championship
National youth teams,OFC U-16 Women's Championship
National youth teams,MSG Prime Minister's Cup
National youth teams,Wantok Cup
National youth teams,Polynesia Cup
National youth teams,OFC Men's Champions League
National youth teams,OFC Pro League
National youth teams,OFC Women's Champions League
National youth teams,Oceania Cup Winners' Cup
National youth teams,OFC President's Cup
National youth teams,Melanesian Super Cup
National youth teams,ASFA Soccer League
National youth teams,1
National youth teams,2
National youth teams,FFAS President's Cup
National youth teams,Cook Islands Round Cup
National youth teams,Cook Islands Cup
National youth teams,Fiji Premier League
National youth teams,Fiji Senior League
National youth teams,Inter-District Championship
National youth teams,Club Franchise League
National youth teams,FF Cup
National youth teams,Fiji Battle of the Giants
National youth teams,Fiji Champion versus Champion
National youth teams,Girmit Soccer Tournament
National youth teams,Kiribati National Championship
National youth teams,New Caledonia Super Ligue
National youth teams,New Caledonia Second Level
National youth teams,Coupe de Calédonie
National youth teams,National League
National youth teams,Northern League
National youth teams,National League
National youth teams,Central League
National youth teams,National League
National youth teams,Southern League
National youth teams,National League
National youth teams,Chatham Cup
National youth teams,Charity Cup
National youth teams,New Zealand National League
National youth teams,Chatham Cup
National youth teams,Women's National League
National youth teams,Kate Sheppard Cup
National youth teams,NRFL Championship
National youth teams,NRFL Conference
National youth teams,NRF League One
National youth teams,Central League 2
National youth teams,Central Federation League
National youth teams,Capital Premier
National youth teams,Central Federation Cup
National youth teams,Central Football
National youth teams,Canterbury Premiership League
National youth teams,Nelson Bays Premiership League
National youth teams,Southern Premiership League
National youth teams,Canterbury Championship League
National youth teams,South Canterbury Division 1
National youth teams,Fletcher Cup
National youth teams,Donald Gray Memorial Cup
National youth teams,English Cup
National youth teams,Mainland Football
National youth teams,Reta Fitzpatrick Cup
National youth teams,Mainland Football
National youth teams,Papua New Guinea National Soccer League
National youth teams,Papua New Guinea National Club Championship
National youth teams,Papua New Guinea FA Cup
National youth teams,Samoa National League
National youth teams,Samoa Cup
National youth teams,Solomon Islands S-League
National youth teams,Honiara FA League
National youth teams,The Solomon Islands Knockout Championship
National youth teams,Solomon Islands National Club Championship (2000–10)
National youth teams,Interprovincial Tournament 1977–1985
National youth teams,Solomon Cup
National youth teams,Malaita Cup
National youth teams,Tahitian Ligue 1
National youth teams,Tahitian Ligue 2
National youth teams,Tahiti Cup
National youth teams,Tahiti Coupe des Champions
National youth teams,Tonga Major League
National youth teams,Tonga Division II
National youth teams,Tonga Cup
National youth teams,Tuvalu A-Division
National youth teams,Tuvalu B-Division
National youth teams,Tuvalu A-Division League (women's)
National youth teams,Taganoa Cup
National youth teams,Independence Cup
National youth teams,Christmas Cup
National youth teams,Tuvalu Games
National youth teams,Port Vila Football League
National youth teams,VFF National Super League
National youth teams,Port Vila Shield
National youth teams,Port Vila FA Cup
National youth teams,UEFA
National youth teams,UEFA
National youth teams,UEFA European Championship
National youth teams,UEFA Nations League
National youth teams,UEFA Euro
National youth teams,European Qualifiers
National youth teams,FIFA World Cup
National youth teams,UEFA Nations League Finals
National youth teams,Baltic Cup
National youth teams,Estonian
National youth teams,Latvian
National youth teams,Lithuanian
National youth teams,UEFA Under-21 Championship
National youth teams,Men's Olympic Football Tournament
National youth teams,UEFA Under-19 Championship
National youth teams,UEFA Under-17 Championship
National youth teams,UEFA Women's Championship
National youth teams,UEFA Women's Nations League
National youth teams,UEFA Women's Championship
National youth teams,FIFA Women's World Cup
National youth teams,Women's Olympic Football Tournament
National youth teams,Baltic Women's Cup
National youth teams,Estonian
National youth teams,Latvian
National youth teams,Lithuanian
National youth teams,UEFA Women's Under-19 Championship
National youth teams,UEFA Women's Under-17 Championship
National youth teams,UEFA Futsal Championship
National youth teams,UEFA Amateur Cup
National youth teams,4 Associations' Tournament
National youth teams,2011
National youth teams,Northern Ireland
National youth teams,Republic of Ireland
National youth teams,Scotland
National youth teams,Wales
National youth teams,Balkan Cup
National youth teams,Balkan
National youth teams,British Home Championship
National youth teams,United Kingdom
National youth teams,Central European International Cup
National youth teams,Nordic Football Championship
National youth teams,Scandinavia
National youth teams,UEFA Super Cup
National youth teams,UEFA Champions League
National youth teams,UEFA Europa League
National youth teams,UEFA Champions League
National youth teams,UEFA Europa League
National youth teams,UEFA Conference League
National youth teams,UEFA Regions' Cup
National youth teams,Amateur
National youth teams,FENIX Trophy
National youth teams,Livonia Cup
National youth teams,Estonian
National youth teams,Latvian
National youth teams,Champions Cup (All-Ireland)
National youth teams,League of Ireland Premier Division
National youth teams,NIFL Premiership
National youth teams,UEFA Youth League
National youth teams,UEFA Women's Champions League
National youth teams,UEFA Futsal Champions League
National youth teams,UEFA Intertoto Cup
National youth teams,UEFA Cup Winners' Cup
National youth teams,Intercontinental Cup
National youth teams,UEFA
National youth teams,CONMEBOL
National youth teams,Baltic League
National youth teams,Estonian
National youth teams,Latvian
National youth teams,Lithuanian
National youth teams,Royal League
National youth teams,Danish
National youth teams,Norwegian
National youth teams,Swedish
National youth teams,Setanta Sports Cup
National youth teams,Irish
National youth teams,Northern Irish
National youth teams,Blaxnit Cup
National youth teams,Irish
National youth teams,Northern Irish
National youth teams,Inter-Cities Fairs Cup
National youth teams,Balkans Cup
National youth teams,Balkan
National youth teams,Latin Cup
National youth teams,French
National youth teams,Italian
National youth teams,Portuguese
National youth teams,Spanish
National youth teams,Mitropa Cup
National youth teams,Anglo-Italian Cup
National youth teams,Kategoria Superiore
National youth teams,Kategoria e Parë
National youth teams,Kategoria e Dytë
National youth teams,A
National youth teams,B
National youth teams,Kategoria e Tretë
National youth teams,Superkupa e Shqipërisë
National youth teams,Kategoria Superiore
National youth teams,Kupa e Shqipërisë
National youth teams,Kupa e Shqipërisë
National youth teams,Albanian U-19 Superliga
National youth teams,Albanian U-19 First Division
National youth teams,Albanian U-17 Superliga
National youth teams,Albanian U-17 First Division
National youth teams,Albanian women's football championship
National youth teams,Albanian Women's Cup
National youth teams,Albanian Futsal Cup
National youth teams,Primera Divisió
National youth teams,Segona Divisió
National youth teams,Andorran Supercup
National youth teams,Campionat de Lliga
National youth teams,Copa Constitució
National youth teams,Copa Constitució
National youth teams,Armenian Premier League
National youth teams,Armenian First League
National youth teams,Armenian Supercup
National youth teams,Armenian Premier League
National youth teams,Armenian Cup
National youth teams,Armenian Cup
National youth teams,Bundesliga
National youth teams,2. Liga
National youth teams,Austrian Regionalliga
National youth teams,Central
National youth teams,East
National youth teams,West
National youth teams,Austrian Landesliga
National youth teams,Vorarlberg
National youth teams,Tirol
National youth teams,Salzburg
National youth teams,Oberösterreich
National youth teams,Steiermark
National youth teams,Kärnten
National youth teams,Niederösterreich
National youth teams,Wien
National youth teams,Burgenland
National youth teams,Austrian 2. Landesliga
National youth teams,ÖFB-Cup
National youth teams,ÖFB-Supercup
National youth teams,ÖFB:Bundesliga
National youth teams,ÖFB-Cup
National youth teams,Niederösterreichischer Landespokal
National youth teams,Azerbaijan Premier League
National youth teams,Azerbaijan First Division
National youth teams,A
National youth teams,B
National youth teams,Azerbaijan Regional League
National youth teams,AFFA Amateur League
National youth teams,Azerbaijan Cup
National youth teams,Azerbaijan Supercup
National youth teams,Azerbaijan Premier League
National youth teams,Azerbaijan Cup
National youth teams,Belarusian Premier League
National youth teams,Belarusian First League
National youth teams,Belarusian Second League
National youth teams,Belarusian Cup
National youth teams,Belarusian Super Cup
National youth teams,Belarusian Premier League
National youth teams,Belarusian Cup
National youth teams,Belgian Pro League
National youth teams,Challenger Pro League
National youth teams,Belgian National Division 1
National youth teams,Belgian Division 2
National youth teams,Belgian Division 3
National youth teams,Belgian Provincial Leagues
National youth teams,Belgian Cup
National youth teams,Belgian Super Cup
National youth teams,Belgian First Division A
National youth teams,Belgian Cup
National youth teams,Premier League of Bosnia and Herzegovina
National youth teams,Prva Liga Federacija Bosne i Hercegovine
National youth teams,First League of the Republika Srpska
National youth teams,Druga Liga Federacija Bosne i Hercegovine
National youth teams,Sjever
National youth teams,Centar
National youth teams,Jug
National youth teams,Zapad
National youth teams,Druga Liga Republike Srpske
National youth teams,Istok
National youth teams,Zapad
National youth teams,Prva Liga TK
National youth teams,Druga Liga TK
National youth teams,Zapad
National youth teams,Sjever
National youth teams,Jug
National youth teams,Kup Bosne i Hercegovine
National youth teams,Kup Federacija Bosne i Hercegovine
National youth teams,Kup Federacija Republike Srpske
National youth teams,Bosnian Supercup
National youth teams,Premier League of Bosnia and Herzegovina
National youth teams,Kup Bosne i Hercegovine
National youth teams,First League of Herzeg-Bosnia
National youth teams,Bulgarian First League
National youth teams,Bulgarian Second League
National youth teams,Bulgarian Third Amateur Football League
National youth teams,North-West
National youth teams,North-East
National youth teams,South-West
National youth teams,South-East
National youth teams,Bulgarian Regional Football Groups
National youth teams,Bulgarian Army Championship
National youth teams,Bulgarian Student Championship
National youth teams,Bulgarian Cup
National youth teams,Bulgarian Supercup
National youth teams,Bulgarian A Professional Football Group
National youth teams,Bulgarian Cup
National youth teams,Bulgarian Amateur Football League cup
National youth teams,Bulgarian Village Championship
National youth teams,Bulgarian Railway-man's Championship
National youth teams,Bulgarian State Championship
National youth teams,Bulgarian National Football Division
National youth teams,Bulgarian Republican Championship
National youth teams,Bulgarian Premier League
National youth teams,Bulgarian Second League
National youth teams,Bulgarian First League
National youth teams,Bulgarian Tsar's Cup
National youth teams,Soviet Army Cup
National youth teams,Bulgarian Football Union Cup
National youth teams,Bulgarian Profesional Football League Cup
National youth teams,Bulgarian Women Championship
National youth teams,HNL
National youth teams,Prva NL
National youth teams,Druga NL
National youth teams,Treća NL
National youth teams,First County Football League
National youth teams,Hrvatski nogometni kup
National youth teams,Croatian Football Super Cup
National youth teams,HNL
National youth teams,Hrvatski nogometni kup
National youth teams,Eternal derby
National youth teams,Hajduk Split
National youth teams,Dinamo Zagreb
National youth teams,Cypriot First Division
National youth teams,Cypriot Second Division
National youth teams,Cypriot Third Division
National youth teams,Cypriot Fourth Division
National youth teams,Cypriot Cup
National youth teams,Cypriot Cup for lower divisions
National youth teams,Cyprus FA Shield
National youth teams,Cypriot First Division
National youth teams,Cypriot Cup
National youth teams,Czech First League
National youth teams,Czech National League
National youth teams,Bohemian Football League
National youth teams,Moravian–Silesian Football League
National youth teams,Czech Fourth Division
National youth teams,Regional Championship
National youth teams,Prague Championship
National youth teams,Football I. A class
National youth teams,Football I. B class
National youth teams,Football II. class
National youth teams,Prague II. class
National youth teams,Football III. class
National youth teams,Football IV. class
National youth teams,Czech Cup
National youth teams,Czech Supercup
National youth teams,Czech First League
National youth teams,Czech Cup
National youth teams,Tipsport liga
National youth teams,Czech Republic
National youth teams,Women's Czech First Division
National youth teams,Czech Women's Cup
National youth teams,Danish Superliga
National youth teams,Danish 1st Division
National youth teams,Danish 2nd Division
National youth teams,Danish 3rd Division
National youth teams,Denmark Series
National youth teams,Danish Cup
National youth teams,Danish League Cup
National youth teams,The Football Tournament
National youth teams,Baneklubberne Tournaments
National youth teams,Copenhagen football champions
National youth teams,Copenhagen Cup
National youth teams,Danish Supercup
National youth teams,Fionia Bank Cup
National youth teams,Viasat Cup
National youth teams,Elitedivisionen
National youth teams,Kvinde 1. division
National youth teams,Danish Women's Cup
National youth teams,Premier League
National youth teams,EFL Championship
National youth teams,English Football League
National youth teams,EFL League One
National youth teams,English Football League
National youth teams,EFL League Two
National youth teams,English Football League
National youth teams,National League
National youth teams,National League
National youth teams,National League North
National youth teams,National League South
National youth teams,Northern Premier League
National youth teams,Premier Division
National youth teams,Division One East
National youth teams,Division One West
National youth teams,Southern Football League
National youth teams,Premier Division
National youth teams,Division One Midlands
National youth teams,Division One South & West
National youth teams,Isthmian League
National youth teams,Premier Division
National youth teams,Division One North
National youth teams,Division One South
National youth teams,Several interconnected sub-regional leagues
National youth teams,Combined Counties League Premier Division North
National youth teams,Combined Counties League Premier Division South
National youth teams,Eastern Counties League Premier Division
National youth teams,Essex Senior League
National youth teams,Hellenic League Premier Division
National youth teams,Midland League Premier Division
National youth teams,North West Counties League Premier Division
National youth teams,Northern Counties East League Premier Division
National youth teams,Northern League Division One
National youth teams,Southern Combination League Premier Division
National youth teams,Southern Counties East League Premier Division
National youth teams,Spartan South Midlands League Premier Division
National youth teams,United Counties League Premier Division North
National youth teams,United Counties League Premier Division South
National youth teams,Wessex League Premier Division
National youth teams,Western League Premier Division
National youth teams,Combined Counties League Division One
National youth teams,Eastern Counties League Division One North
National youth teams,Eastern Counties League Division One South
National youth teams,Hellenic League Division One
National youth teams,Midland League Division One
National youth teams,North West Counties League Division One North
National youth teams,North West Counties League Division One South
National youth teams,Northern Counties East League Division One
National youth teams,Northern League Division Two
National youth teams,South West Peninsula League Premier Division East
National youth teams,South West Peninsula League Premier Division West
National youth teams,Southern Combination Football League Division One
National youth teams,Southern Counties East League Division One
National youth teams,Spartan South Midlands League Division One
National youth teams,United Counties League Division One
National youth teams,Wessex League Division One
National youth teams,Western League Division One
National youth teams,Several regional/county feeder leagues
National youth teams,Anglian Combination Premier Division
National youth teams,Bedfordshire County League Premier Division
National youth teams,Cambridgeshire County League Premier Division
National youth teams,Central Midlands Alliance Premier Division North
National youth teams,Central Midlands Alliance Premier Division South
National youth teams,Cheshire League Premier Division
National youth teams,Devon Football League
National youth teams,Essex Alliance League
National youth teams,Essex & Suffolk Border League Premier Division
National youth teams,Essex Olympian League Premier Division
National youth teams,Gloucestershire County League
National youth teams,Hampshire Premier League
National youth teams,Herefordshire football League Premier Division
National youth teams,Hertfordshire Senior County League Premier Division
National youth teams,Humber Premier League Premier Division
National youth teams,Isle of Wight Saturday League Division One
National youth teams,Kent County League Premier Division
National youth teams,Leicestershire Senior League Premier Division
National youth teams,Lincolnshire League
National youth teams,Liverpool County Premier League Premier Division
National youth teams,Manchester League Premier Division
National youth teams,Mid-Sussex League Premier Division
National youth teams,Middlesex County League Premier Division
National youth teams,Midland League Division Two
National youth teams,Northamptonshire Combination League Premier Division
National youth teams,Northern Alliance Premier Division
National youth teams,North Riding League Premier Division
National youth teams,Nottinghamshire Senior League Senior Division
National youth teams,Oxfordshire Senior League Premier Division
National youth teams,Peterborough & District League Premier Division
National youth teams,Sheffield & Hallamshire County Senior League Premier Division
National youth teams,Shropshire County Football League Premier Division
National youth teams,Shropshire County Football League Premier Division
National youth teams,Somerset County League Premier Division
National youth teams,Southern Combination League Division Two
National youth teams,Spartan South Midlands League Division Two
National youth teams,St Piran League Premier Division East
National youth teams,St Piran League Premier Division West
National youth teams,Staffordshire County Senior League Premier Division
National youth teams,Suffolk & Ipswich League Senior Division
National youth teams,Surrey Premier County Football League
National youth teams,Thames Valley Premier League Premier Division
National youth teams,Wearside League Premier Division
National youth teams,West Cheshire League Division One
National youth teams,West Lancashire League Premier Division
National youth teams,West Midlands (Regional) League Division One
National youth teams,West Yorkshire League Premier Division
National youth teams,Wiltshire Senior League Premier Division
National youth teams,York League Premier Division
National youth teams,Yorkshire Amateur League Supreme Division
National youth teams,FA Cup
National youth teams,EFL Cup
National youth teams,Premier League
National youth teams,English Football League
National youth teams,FA Community Shield
National youth teams,Premier League
National youth teams,FA Cup
National youth teams,EFL Trophy
National youth teams,EFL League One
National youth teams,EFL League Two
National youth teams,EFL Championship
National youth teams,Premier League
National youth teams,FA Trophy
National youth teams,FA Vase
National youth teams,FA Inter-League Cup
National youth teams,county football associations
National youth teams,Premier League 2
National youth teams,Professional Development League
National youth teams,National League Cup
National youth teams,Premier League International Cup
National youth teams,Premier League Cup
National youth teams,U18 Premier League
National youth teams,U18 Professional Development League
National youth teams,FA Youth Cup
National youth teams,Women's Super League
National youth teams,FA Women's Championship
National youth teams,FA Women's National League
National youth teams,National Division
National youth teams,Northern Division
National youth teams,Southern Division
National youth teams,Women's FA Cup
National youth teams,FA Women's League Cup
National youth teams,FA Women's National League Cup
National youth teams,FA Women's National League
National youth teams,Women's FA Community Shield
National youth teams,Women's Super League
National youth teams,Women's FA Cup
National youth teams,Meistriliiga
National youth teams,Esiliiga
National youth teams,Esiliiga B
National youth teams,II liiga
National youth teams,III liiga
National youth teams,IV liiga
National youth teams,Naiste Meistriliiga
National youth teams,Estonian Cup
National youth teams,Estonian Supercup
National youth teams,Estonian Small Cup
National youth teams,Estonian Women's Cup
National youth teams,Faroe Islands Premier League
National youth teams,1. Deild
National youth teams,2. Deild
National youth teams,3. Deild
National youth teams,1. delid kvinnur
National youth teams,Faroe Islands Cup
National youth teams,Faroe Islands Super Cup
National youth teams,FSF Trophy
National youth teams,Faroese Women's Cup
National youth teams,Faroese Women's Super Cup
National youth teams,Veikkausliiga
National youth teams,Ykkönen
National youth teams,Kakkonen
National youth teams,Kolmonen
National youth teams,Nelonen
National youth teams,Finnish Cup
National youth teams,Finnish League Cup
National youth teams,Ligue 1
National youth teams,Ligue de Football Professionnel
National youth teams,Ligue 2
National youth teams,Ligue de Football Professionnel
National youth teams,National
National youth teams,National 2
National youth teams,A
National youth teams,B
National youth teams,C
National youth teams,D
National youth teams,National 3
National youth teams,A
National youth teams,B
National youth teams,C
National youth teams,D
National youth teams,E
National youth teams,F
National youth teams,G
National youth teams,H
National youth teams,Régional 1
National youth teams,Coupe de France
National youth teams,Trophée des Champions
National youth teams,Ligue 1
National youth teams,Coupe de France
National youth teams,Coupe de la Ligue
National youth teams,Ligue de Football Professionnel
National youth teams,Championnat National U19
National youth teams,Coupe Gambardella
National youth teams,Championnat National U17
National youth teams,Division 1 Féminine
National youth teams,Division 2 Féminine
National youth teams,Coupe de France féminine
National youth teams,Erovnuli Liga
National youth teams,Erovnuli Liga 2
National youth teams,Georgian Liga 3
National youth teams,Liga 4
National youth teams,Regionuli Liga
National youth teams,Women's football championship
National youth teams,Georgian Cup
National youth teams,Georgian Super Cup
National youth teams,Bundesliga
National youth teams,2. Bundesliga
National youth teams,3. Liga
National youth teams,Regionalliga
National youth teams,Nord
National youth teams,Nordost
National youth teams,West
National youth teams,Südwest
National youth teams,Bayern
National youth teams,Oberliga
National youth teams,Schleswig-Holstein
National youth teams,Hamburg
National youth teams,Bremen
National youth teams,Niedersachsenliga
National youth teams,Nordost-Nord
National youth teams,Nordost-Süd
National youth teams,Westfalen
National youth teams,Südwest
National youth teams,Hessen
National youth teams,Baden-Württemberg
National youth teams,Bayernliga
National youth teams,Bayernliga
National youth teams,Mittelrhein
National youth teams,Niederrhein
National youth teams,Landesliga
National youth teams,Verbandsliga
National youth teams,Gruppenliga
National youth teams,Bezirksliga
National youth teams,Kreisliga
National youth teams,DFB-Pokal
National youth teams,Verbandspokal
National youth teams,Franz Beckenbauer Supercup
National youth teams,Bundesliga
National youth teams,DFB Pokal
National youth teams,Under 19 Bundesliga
National youth teams,Under 17 Bundesliga
National youth teams,Frauen-Bundesliga
National youth teams,2. Frauen-Bundesliga
National youth teams,Frauen-Regionalliga
National youth teams,DFB-Pokal Frauen
National youth teams,Frauen Verbandspokal
National youth teams,Gauliga
National youth teams,Third Reich
National youth teams,DDR-Oberliga
National youth teams,East Germany
National youth teams,FDGB-Pokal
National youth teams,East Germany
National youth teams,DFL-Ligapokal
National youth teams,Gibraltar Football League
National youth teams,Gibraltar Premier Division
National youth teams,Gibraltar Second Division
National youth teams,Gibraltar Intermediate League
National youth teams,Gibraltar women's football championship
National youth teams,Rock Cup
National youth teams,Pepe Reyes Cup
National youth teams,Gibraltar Division 2 Cup
National youth teams,Gibraltar Intermediate Cup
National youth teams,Gibraltar Premier Cup
National youth teams,Women's Rock Cup
National youth teams,Super League 1
National youth teams,Super League 2
National youth teams,Gamma Ethniki
National youth teams,Hellenic Amateur Divisions (local championships)
National youth teams,Football League Greece
National youth teams,Delta Ethniki
National youth teams,Greek Cup
National youth teams,Cup of Friendship and Solidarity
National youth teams,Super League 1
National youth teams,Greek Cup
National youth teams,Greek Football Amateur Cup
National youth teams,Amateurs' Super Cup Greece
National youth teams,Greek League Cup
National youth teams,Gamma Ethniki Cup
National youth teams,Greek A Division (women's football)
National youth teams,Greek Women's Cup
National youth teams,NBI
National youth teams,NBII
National youth teams,NBIII
National youth teams,Megyei Bajnokság I
National youth teams,Megyei Bajnokság II
National youth teams,Női NB I
National youth teams,Magyar Kupa
National youth teams,Szuperkupa
National youth teams,Hungarian Women's Cup
National youth teams,Besta deild karla
National youth teams,1. deild karla
National youth teams,2. deild karla
National youth teams,3. deild karla
National youth teams,4. deild karla
National youth teams,Besta deild kvenna
National youth teams,1. deild kvenna
National youth teams,2. deild kvenna
National youth teams,Icelandic Men's Football Cup
National youth teams,Icelandic Men's Football Super Cup
National youth teams,Icelandic Men's Football League Cup
National youth teams,Fótbolti.net Cup
National youth teams,Reykjavik Tournament
National youth teams,Icelandic Women's Football Cup
National youth teams,Icelandic Women's Super Cup
National youth teams,Icelandic Women's Football League Cup
National youth teams,Ligat Ha`Al
National youth teams,Liga Leumit
National youth teams,Liga Alef
National youth teams,Liga Bet
National youth teams,Liga Gimel
National youth teams,Ligat Nashim Rishona
National youth teams,Ligat Nashim Shniya
National youth teams,Noar Premier League
National youth teams,Noar Leumit League
National youth teams,Noar Arzit
National youth teams,Israel State Cup
National youth teams,Israel Super Cup
National youth teams,Toto Cup
National youth teams,Ligat Ha`Al
National youth teams,Liga Leumit
National youth teams,Israeli Women's Cup
National youth teams,Israel Noar State Cup
National youth teams,Serie A
National youth teams,Lega Serie A
National youth teams,Lega Nazionale Professionisti
National youth teams,Serie B
National youth teams,Lega B
National youth teams,Serie C
National youth teams,Lega Italiana Calcio Professionistico
National youth teams,Supercoppa Serie C
National youth teams,Lega Pro Prima Divisione
National youth teams,Lega Pro Seconda Divisione
National youth teams,Serie D
National youth teams,Lega Nazionale Dilettanti
National youth teams,Eccellenza
National youth teams,Regional
National youth teams,Promozione
National youth teams,Prima Categoria
National youth teams,Seconda Categoria
National youth teams,Terza Categoria
National youth teams,Provincial
National youth teams,Trofeo delle Regioni
National youth teams,Coppa Italia Primavera
National youth teams,Coppa Italia
National youth teams,Supercoppa Italiana
National youth teams,Serie A
National youth teams,Coppa Italia
National youth teams,Coppa Italia Serie C
National youth teams,Supercoppa Serie C
National youth teams,Supercoppa di Lega di Seconda Divisione
National youth teams,Coppa Italia Serie D
National youth teams,Coppa Italia Dilettanti
National youth teams,Campionato Primavera 1
National youth teams,Campionato Nazionale Primavera
National youth teams,Campionato Primavera 2
National youth teams,Campionato Nazionale Dante Berretti
National youth teams,Campionato Primavera 3
National youth teams,Campionato Regionale Allievi
National youth teams,Lega Nazionale Dilettanti
National youth teams,Campionato Regionale Giovanissimi
National youth teams,Campionato Provinciale Allievi
National youth teams,Campionato Provinciale Giovanissimi
National youth teams,Torneo Piccoli Amici
National youth teams,Coppa Italia Primavera
National youth teams,Supercoppa Primavera
National youth teams,Campionato Primavera 1
National youth teams,Coppa Italia Primavera
National youth teams,Torneo di Viareggio
National youth teams,Campionato Juniores Nazionali
National youth teams,Serie A (women's football)
National youth teams,Serie B (women's football)
National youth teams,Serie C (women's football)
National youth teams,Eccellenza (women's football)
National youth teams,it
National youth teams,Coppa Italia di calcio femminile
National youth teams,Supercoppa Italiana di calcio femminile
National youth teams,Serie A (women's football)
National youth teams,Coppa Italia di calcio femminile
National youth teams,Kazakhstan Premier League
National youth teams,Kazakhstan First Division
National youth teams,Kazakhstan Second League
National youth teams,Kazakhstan Cup
National youth teams,Kazakhstan Super Cup
National youth teams,Kazakhstani women's football championship
National youth teams,Kazakhstani Women's Cup
National youth teams,Superliga
National youth teams,Liga e Parë
National youth teams,A
National youth teams,B
National youth teams,Liga e Dytë
National youth teams,Liga e Tretë
National youth teams,A
National youth teams,B
National youth teams,Kosovar Cup
National youth teams,Kosovar Supercup
National youth teams,Kosovar Cup
National youth teams,Superliga
National youth teams,Superliga – Juniorët
National youth teams,Liga e Parë – Juniorët
National youth teams,Liga e Femrave
National youth teams,Superliga – Futsall
National youth teams,Liga e parë – Futsall
National youth teams,Virsliga
National youth teams,1. līga
National youth teams,2. līga
National youth teams,Latvian Women's League
National youth teams,Latvijas kauss
National youth teams,Latvian Supercup
National youth teams,Virsligas Winter Cup
National youth teams,Liechtenstein Cup
National youth teams,A Lyga
National youth teams,I Lyga
National youth teams,II Lyga
National youth teams,III Lyga
National youth teams,counties
National youth teams,SFL
National youth teams,Lithuanian Football Cup
National youth teams,Lithuanian Supercup
National youth teams,A Lyga
National youth teams,LFF Cup
National youth teams,SFL Cup
National youth teams,Sunday Football League
National youth teams,Lithuanian U-19 Elite League
National youth teams,Lithuanian U-19 I League
National youth teams,Lithuanian U-19 II League
National youth teams,Lithuanian U-17 Elite League
National youth teams,Lithuanian U-17 I League
National youth teams,Lithuanian U-16 I League
National youth teams,Lithuanian U-16 II League
National youth teams,Lithuanian U-15 I League
National youth teams,Lithuanian U-15 II League
National youth teams,Lithuanian U-14 I League
National youth teams,Lithuanian U-14 II League
National youth teams,A Lyga
National youth teams,I Lyga
National youth teams,A Lyga
National youth teams,Lithuanian Futsal Cup
National youth teams,Luxembourg National Division
National youth teams,Luxembourg Division of Honour
National youth teams,Luxembourg 1. Division
National youth teams,Luxembourg 2. Division
National youth teams,Luxembourg 3. Division
National youth teams,Luxembourg Cup
National youth teams,Coupe FLF
National youth teams,Dames Ligue 1
National youth teams,Dames Ligue 2
National youth teams,Dames Ligue 3
National youth teams,Luxembourg Women's Cup
National youth teams,Maltese Football League
National youth teams,Maltese Premier League
National youth teams,Maltese Challenge League
National youth teams,Maltese National Amateur League
National youth teams,Maltese FA Trophy
National youth teams,Maltese Super Cup
National youth teams,Divizia Națională
National youth teams,"Moldovan ""A"" Division"
National youth teams,"Moldovan ""B"" Division"
National youth teams,Moldovan Cup
National youth teams,Moldovan Super Cup
National youth teams,Montenegrin First League
National youth teams,Montenegrin Second League
National youth teams,Montenegrin Third League
National youth teams,Montenegrin Cup
National youth teams,Montenegrin Women's League
National youth teams,Eredivisie
National youth teams,Eerste Divisie
National youth teams,Tweede Divisie
National youth teams,Derde Divisie
National youth teams,Hoofdklasse
National youth teams,Eerste Klasse
National youth teams,Tweede Klasse
National youth teams,Derde Klasse
National youth teams,Vierde Klasse
National youth teams,Vijfde Klasse
National youth teams,KNVB Beker
National youth teams,Johan Cruijff Schaal
National youth teams,Eredivisie
National youth teams,KNVB Beker
National youth teams,KNVB Beker voor beloften
National youth teams,KNVB Beker voor amateurs
National youth teams,Districtsbeker
National youth teams,Vrouwen Eredivisie
National youth teams,Topklasse
National youth teams,Hoofdklasse
National youth teams,KNVB Beker voor Vrouwen
National youth teams,Irish Premiership
National youth teams,NIFL Championship
National youth teams,NIFL Premier Intermediate League
National youth teams,Irish Cup
National youth teams,Northern Ireland Football League Cup
National youth teams,NIFL Charity Shield
National youth teams,County Antrim Shield
National youth teams,Mid-Ulster Cup
National youth teams,North West Senior Cup
National youth teams,Irish Intermediate Cup
National youth teams,Steel & Sons Cup
National youth teams,Bob Radcliffe Cup
National youth teams,Craig Memorial Cup
National youth teams,George Wilson Cup
National youth teams,1. MFL
National youth teams,2. MFL
National youth teams,3. MFL
National youth teams,Macedonian Regional Football Leagues
National youth teams,Macedonian women's football championship
National youth teams,Macedonian Football Cup
National youth teams,Macedonian Supercup
National youth teams,Macedonian Women's Football Cup
National youth teams,Eliteserien
National youth teams,Norwegian First Division
National youth teams,Norwegian Second Division
National youth teams,Norwegian Third Division
National youth teams,Norwegian Fourth Division
National youth teams,NM Cupen
National youth teams,Mesterfinalen
National youth teams,Northern Norwegian Cup
National youth teams,Norwegian Youth Cup
National youth teams,Norwegian Under-16 Cup
National youth teams,Toppserien
National youth teams,Norwegian First Division (women)
National youth teams,Norwegian Second Division (women)
National youth teams,Norwegian Women's Cup
National youth teams,NFF Futsal Eliteserie
National youth teams,Ekstraklasa
National youth teams,I liga
National youth teams,II liga
National youth teams,III liga
National youth teams,IV liga
National youth teams,V liga
National youth teams,Liga okręgowa
National youth teams,Klasa A
National youth teams,Klasa B
National youth teams,Klasa C
National youth teams,Polish Cup
National youth teams,Polish Super Cup
National youth teams,Ekstraklasa
National youth teams,Polish Cup
National youth teams,Ekstraklasa Cup
National youth teams,Primeira Liga
National youth teams,Liga Portugal
National youth teams,Liga Portugal 2
National youth teams,Liga Portugal
National youth teams,Liga 3
National youth teams,Campeonato de Portugal
National youth teams,Portuguese District Championships First Levels
National youth teams,Portuguese District Championships Second Levels
National youth teams,Portuguese District Championships Third Levels
National youth teams,Portuguese District Championships Fourth Levels
National youth teams,Taça de Portugal
National youth teams,Taça da Liga
National youth teams,Liga Portugal
National youth teams,Supertaça Cândido de Oliveira
National youth teams,Primeira Liga
National youth teams,Taça de Portugal
National youth teams,Revelation League
National youth teams,pt
National youth teams,Campeonato Nacional Feminino
National youth teams,Campeonato Nacional II Divisão Feminino
National youth teams,Taça de Portugal Feminina
National youth teams,Taça da Liga Feminina
National youth teams,Supertaça de Portugal Feminina
National youth teams,League of Ireland Premier Division
National youth teams,League of Ireland First Division
National youth teams,Women's National League
National youth teams,FAI Cup
National youth teams,League of Ireland Cup
National youth teams,President of Ireland's Cup
National youth teams,Leinster Senior Cup
National youth teams,Munster Senior Cup
National youth teams,FAI Women's Cup
National youth teams,Liga I
National youth teams,Liga II
National youth teams,Liga III
National youth teams,Liga IV
National youth teams,Liga V
National youth teams,Liga VI
National youth teams,Cupa României
National youth teams,Supercupa României
National youth teams,Liga I
National youth teams,Cupa României
National youth teams,Russian Premier League
National youth teams,Russian Football National League
National youth teams,Russian Football National League 2
National youth teams,Russian championship among amateur football clubs (III division)
National youth teams,Russian Cup
National youth teams,Russian Super Cup
National youth teams,Russian Premier League
National youth teams,Russian Cup
National youth teams,FNL Cup
National youth teams,Russian Premier League Cup
National youth teams,Football Cup of the Russian SFSR
National youth teams,Youth football championship of Russia
National youth teams,Campionato Sammarinese di Calcio
National youth teams,Coppa Titano
National youth teams,Super Coppa Sammarinese
National youth teams,Trofeo Federale
National youth teams,Scottish Premiership
National youth teams,Scottish Professional Football League
National youth teams,Scottish Premier League
National youth teams,Scottish Championship
National youth teams,Scottish Football League First Division
National youth teams,Scottish League One
National youth teams,Scottish Football League Second Division
National youth teams,Scottish League Two
National youth teams,Scottish Football League Third Division
National youth teams,Highland Football League
National youth teams,Lowland Football League
National youth teams,Scottish Cup
National youth teams,Scottish League Cup
National youth teams,Scottish Challenge Cup
National youth teams,Highland
National youth teams,Lowland
National youth teams,Republic of Ireland
National youth teams,Northern Ireland
National youth teams,Wales
National youth teams,England
National youth teams,Scottish Women's Premier League
National youth teams,Scottish Women's First Division
National youth teams,Scottish Women's Second Divisions
National youth teams,North
National youth teams,East & Central
National youth teams,Southeast
National youth teams,West & Southwest
National youth teams,Scottish Women's Cup
National youth teams,Scottish Women's Premier League Cup
National youth teams,Scottish Women's First Division Cup
National youth teams,Scottish Women's Second Division Cup
National youth teams,SuperLiga
National youth teams,Prva Liga Srbije
National youth teams,Srpska Liga
National youth teams,Serbian Zone League
National youth teams,Kup Srbije
National youth teams,Serbian Super Liga (women)
National youth teams,Serbian Women's Cup
National youth teams,Prva Futsal Liga
National youth teams,Niké Liga
National youth teams,2. liga
National youth teams,3. liga
National youth teams,4. liga
National youth teams,5. liga
National youth teams,Slovak Women's First League
National youth teams,Slovak Cup
National youth teams,Slovak Super Cup
National youth teams,Slovak Women's Cup
National youth teams,1.SNL
National youth teams,2.SNL
National youth teams,3.SNL
National youth teams,Slovenian Regional Leagues
National youth teams,Slovenian Women's League
National youth teams,Hervis Pokal
National youth teams,Slovenian Women's Cup
National youth teams,La Liga
National youth teams,Liga Nacional de Fútbol Profesional
National youth teams,Segunda División
National youth teams,Primera Federación
National youth teams,Segunda Federación
National youth teams,Tercera Federación
National youth teams,Divisiones Regionales
National youth teams,Segunda División B
National youth teams,Tercera División
National youth teams,Copa del Rey
National youth teams,Supercopa de España
National youth teams,La Liga
National youth teams,Copa del Rey
National youth teams,Copa Federación
National youth teams,RFEF
National youth teams,Teresa Herrera Trophy
National youth teams,División de Honor Juvenil
National youth teams,Divisiones Regionales
National youth teams,Copa del Rey Juvenil
National youth teams,Copa de Campeones Juvenil
National youth teams,División de Honor Juvenil
National youth teams,Liga F
National youth teams,Primera Federación
National youth teams,Segunda Federación
National youth teams,Primera Nacional de Fútbol
National youth teams,Divisiones Regionales de Fútbol Femenino
National youth teams,Copa de la Reina
National youth teams,Allsvenskan
National youth teams,Superettan
National youth teams,Division 1
National youth teams,Division 2
National youth teams,Division 3
National youth teams,Division 4
National youth teams,Division 5
National youth teams,Division 6
National youth teams,Division 7
National youth teams,Division 8
National youth teams,Damallsvenskan
National youth teams,Elitettan
National youth teams,Svenska Cupen
National youth teams,Svenska Cupen (women)
National youth teams,Swiss Super League
National youth teams,Swiss Challenge League
National youth teams,Promotion League
National youth teams,1. Liga Classic
National youth teams,2. Liga Interregional
National youth teams,2. Liga
National youth teams,Swiss Women's Super League
National youth teams,Schweizer Cup
National youth teams,Uhrencup
National youth teams,Cup of the Alps
National youth teams,Swiss League Cup
National youth teams,Swiss Super Cup
National youth teams,Swiss Women's Cup
National youth teams,Süper Lig
National youth teams,TFF 1. Lig
National youth teams,TFF 2. Lig
National youth teams,TFF 3. Lig
National youth teams,Bölgesel Amatör Ligi
National youth teams,Süper Amatör Ligleri
National youth teams,Birinci Amatör Küme
National youth teams,İkinci Amatör Küme
National youth teams,Turkish Cup
National youth teams,Turkish Super Cup
National youth teams,Chancellor Cup
National youth teams,Atatürk Cup
National youth teams,Kadınlar Süper Ligi
National youth teams,Kadınlar 1. Ligi
National youth teams,Kadınlar 2. Ligi
National youth teams,Kadınlar 3. Ligi
National youth teams,Ukrainian Premier League
National youth teams,Ukrainian First League
National youth teams,Ukrainian Second League
National youth teams,Ukrainian Amateur Football Championship
National youth teams,Regional championships
National youth teams,Ukrainian Cup
National youth teams,Ukrainian Super Cup
National youth teams,Ukrainian Premier League
National youth teams,Ukrainian Cup
National youth teams,Ukrainian Amateur Cup
National youth teams,FFU Region's Cup
National youth teams,Cymru Premier
National youth teams,Cymru North
National youth teams,Cymru South
National youth teams,Ardal Leagues
National youth teams,Area leagues
National youth teams,Lower tier leagues
National youth teams,Welsh Premier Women's Football League
National youth teams,Welsh Cup
National youth teams,FAW Premier Cup
National youth teams,Welsh League Cup
National youth teams,FAW Trophy
National youth teams,Welsh Football League Cup
National youth teams,Cymru Alliance League Cup
National youth teams,FAW Women's Cup
National youth teams,FAW Welsh Youth Cup
National youth teams,FIFA
National youth teams,Clericus Cup
National youth teams,CONIFA World Football Cup
National youth teams,Viva World Cup
National youth teams,FIFI Wild Cup
National youth teams,Island Games
National youth teams,UNPO Cup
National youth teams,Europeada
National youth teams,ELF Cup
National youth teams,Homeless World Cup
National youth teams,Unofficial Football World Championships
National youth teams,Women's Unofficial Football World Championships
National youth teams,Abkhazian Premier League
National youth teams,Abkhazian Cup
National youth teams,Abkhazia Super Cup
National youth teams,Ascension Island Football League
National youth teams,Ascension Island League Cup
National youth teams,Ascension Island District Cup
National youth teams,J. Lawrence Knock-out Cup
National youth teams,Flipper Cup
National youth teams,Christmas Island Soccer League
National youth teams,Crimean Premier League
National youth teams,Master-Torg DPR Premier League
National youth teams,Falkland Islands Football League
National youth teams,Pohnpei Premier League
National youth teams,Micronesian Games
National youth teams,Gozo Football League First Division
National youth teams,Gozo Football League Second Division
National youth teams,Gozo Football Female League
National youth teams,G.F.A. Cup
National youth teams,Independence Cup
National youth teams,Freedom Day Cup
National youth teams,Second Division Knock-Out
National youth teams,Greenlandic Men's Football Championship
National youth teams,Greenland Cup
National youth teams,Priaulx League
National youth teams,FNB Jackson League
National youth teams,Railway League 1
National youth teams,Railway League 2
National youth teams,Guernsey Veterans League
National youth teams,Guernsey Women's League
National youth teams,Guernsey FA Cup
National youth teams,Frederick Martinez Cup
National youth teams,Stranger Charity Cup
National youth teams,Mauger Cup
National youth teams,Rouget Cup
National youth teams,Rawlinson Cup
National youth teams,Le Vallee Cup
National youth teams,Upton Park Trophy
National youth teams,Guernsey Women's Knock-out Cup
National youth teams,Guernsey Women's Secondary Cup
National youth teams,Kurdistan Premier League
National youth teams,Kurdistan Cup
National youth teams,Kurdistan Super Cup
National youth teams,Isle of Man Football League
National youth teams,Isle of Man Premier League
National youth teams,Isle of Man Division 2
National youth teams,Isle of Man Football Combination
National youth teams,Isle of Man FA Cup
National youth teams,Isle of Man Hospital Cup
National youth teams,Isle of Man Railway Cup
National youth teams,Isle of Man Gold Cup
National youth teams,Isle of Man Woods Memorial Cup
National youth teams,Isle of Man Charity Shield
National youth teams,Isles of Scilly Football League
National youth teams,Wholesalers Cup
National youth teams,Foredeck Cup
National youth teams,Jersey Football Combination
National youth teams,Jersey Championship
National youth teams,Le Riche Cup
National youth teams,Wheway Trophy
National youth teams,Jersey Charity Cup
National youth teams,Upton Park Trophy
National youth teams,Luhansk Football League
National youth teams,Marshallese Soccer League
National youth teams,Mayotte Division Honneur
National youth teams,Coupe de Mayotte
National youth teams,Liga de Balompié Mexicano
National youth teams,Challenge Prince Rainier III
National youth teams,Trophée Ville de Monaco
National youth teams,Challenge Monégasque
National youth teams,Nauru Soccer League
National youth teams,Niue Soccer Tournament
National youth teams,KTFF Süper Lig
National youth teams,CTFA
National youth teams,KTFF 1. Lig
National youth teams,KTFF 2. Lig
National youth teams,KTFF Women's League
National youth teams,Cypriot Cup
National youth teams,KTFF Super Cup
National youth teams,Palau Soccer League
National youth teams,Palau Youth Soccer League
National youth teams,Sahrawi Republic Cup
National youth teams,Saint-Barthelemy Championships
National youth teams,Coupe de Saint-Barth
National youth teams,Trophée José da Silva
National youth teams,St. Helena Island Football League
National youth teams,Ligue de Football de Saint Pierre et Miquelon
National youth teams,Cosmopolitan Football League
National youth teams,Somaliland Football League
National youth teams,Telesom Cup
National youth teams,Somaliland Regional Games
National youth teams,South Ossetian Football League
National youth teams,South Ossetia Youth League
National youth teams,Soccer in Tokelau
National youth teams,Tuvalu A-Division
National youth teams,Tuvalu B-Division
National youth teams,Tuvalu A-Division League (women's)
National youth teams,Taganoa Cup
National youth teams,Independence Cup
National youth teams,Christmas Cup
National youth teams,Tuvalu Games
National youth teams,Vatican City Championship
National youth teams,Coppa Sergio Valci
National youth teams,Supercoppa
National youth teams,Clericus Cup
National youth teams,Wallis Première Division
National youth teams,Wallis Deuxième Division
National youth teams,Futuna Première Division
National youth teams,Futuna Deuxième Division
National youth teams,Coupe de l'Outre-Mer
National youth teams,Outremer Champions Cup
National youth teams,Austria-Hungary
National youth teams,Tagblatt Pokal
National youth teams,Austria-Hungary Challenge Cup
National youth teams,Commonwealth of Independent States
National youth teams,CIS Super League
National youth teams,United Tournament
National youth teams,United Supercup
National youth teams,Czechoslovakia
National youth teams,Czechoslovak First League
National youth teams,Czechoslovak Second League
National youth teams,Czechoslovak Third League
National youth teams,Czechoslovak Cup
National youth teams,German Democratic Republic
National youth teams,DDR-Oberliga
National youth teams,DDR-Liga
National youth teams,DDR-Liga
National youth teams,II. DDR-Liga
National youth teams,FDGB-Pokal
National youth teams,DFV-Supercup
National youth teams,Mandatory Palestine
National youth teams,Mandatory Palestine League
National youth teams,Palestine Premier League (1945–1947)
National youth teams,Mis'chakei HaBechora
National youth teams,Haifa League
National youth teams,Jerusalem Services and Police League
National youth teams,Jerusalem League
National youth teams,Liga Bet (Division 2)
National youth teams,Samaria Division
National youth teams,Sharon Division
National youth teams,Liga Gimel (Division 3)
National youth teams,Palestine Youth League
National youth teams,Palestine Cup (1922–1947)
National youth teams,Hebrew Cup
National youth teams,People's Cup (1928)
National youth teams,Tel Aviv District Cup
National youth teams,Palestine Mond Cup
National youth teams,Jerusalem Cup
National youth teams,Nashashibi Cup
National youth teams,Jaffa Mayor Cup
National youth teams,Mr. Guth Cup
National youth teams,Melchett Cup
National youth teams,Palestine Autumn Cup
National youth teams,Palestine National Shield
National youth teams,Nesher Cup
National youth teams,Haifa Cup
National youth teams,Palestine North Cup
National youth teams,Jezreel Valley Cup
National youth teams,Jordan Valley Cup
National youth teams,The Wartime Cup
National youth teams,Netherlands Antilles
National youth teams,Netherlands Antilles Championship
National youth teams,North Vietnam
National youth teams,North Vietnam V-League
National youth teams,Ottoman Empire
National youth teams,Constantinople Football League
National youth teams,People's Democratic Republic of Yemen
National youth teams,South Yemeni League
National youth teams,South Yemen Cup
National youth teams,Republic of Artsakh
National youth teams,Artsakh Football League
National youth teams,Artsakh Cup
National youth teams,Saar Protectorate
National youth teams,Amateurliga Saarland
National youth teams,Saarland
National youth teams,Germany
National youth teams,Serbia and Montenegro
National youth teams,First League of Serbia and Montenegro
National youth teams,Second League of Serbia and Montenegro
National youth teams,Serbian First League (2004–2006)
National youth teams,Montenegrin First League (2004–2006)
National youth teams,Serbia and Montenegro Cup
National youth teams,South Vietnam
National youth teams,South Vietnam V-League
National youth teams,South Vietnam V-League Division 2
National youth teams,South Vietnam League Cup
National youth teams,Soviet Union
National youth teams,Soviet Union football league system
National youth teams,Soviet Top League
National youth teams,Soviet First League
National youth teams,Soviet Second League
National youth teams,Soviet Second League B
National youth teams,Soviet Cup
National youth teams,Soviet Super Cup
National youth teams,USSR Federation Cup
National youth teams,All-Union Committee of Physical Culture and Sports Tournament
National youth teams,Soviet Season Opener Cup
National youth teams,Nedel Cup
National youth teams,USSR 60th Anniversary Cup
National youth teams,Valentin Granatkin Memorial Tournament
National youth teams,Snowdrop Tournament
National youth teams,Soviet Sport Prize
National youth teams,Yemen Arab Republic
National youth teams,North Yemeni League
National youth teams,North Yemen Cup of the Republic
National youth teams,Yugoslavia
National youth teams,Yugoslav First League
National youth teams,Yugoslav Second League
National youth teams,Yugoslav Third League
National youth teams,Yugoslav Cup
National youth teams,Yugoslav Super Cup
National youth teams,Geography of association football
National youth teams,Geography of women's association football
National youth teams,International competitions in women's association football
National youth teams,List of association football clubs
National youth teams,List of football clubs by competitive honours won
National youth teams,List of men's national association football teams
National youth teams,List of women's national association football teams
National youth teams,Exhibition/charity/legends/friendly/preseason
National youth teams,match
National youth teams,Playoffs/postseason/finals
National youth teams,List of futsal competitions
National youth teams,Beach Soccer Worldwide
National youth teams,Japanese
National youth teams,sponsorship
National youth teams,Toyota
National youth teams,Japanese
National youth teams,"""Kurdish football prospers in new Iraq"""
National youth teams,Archived
National youth teams,"""Two Erbil teams competing for this year's Kurdistan Premier League football cup"""
National youth teams,Archived
National youth teams,"""Kurdistan football team coach elected"""
National youth teams,Archived
National youth teams,"""Scilly Isles: Scoring like Ronaldo in the world's smallest league"""
National youth teams,Archived
National youth teams,"""WHEN WILL I SEE YOU AGAIN? THE SMALLEST LEAGUE IN THE WORLD"""
National youth teams,Archived
National youth teams,"""Scilly old game: the football league with two teams"""
National youth teams,Archived
National youth teams,"""Scilly games: warming up for the world's smallest football trophy"""
National youth teams,Archived
National youth teams,"""It's a Scilly old game"""
National youth teams,Archived
National youth teams,"""Le football reprend avec le Trophée José Da Silva"""
National youth teams,Archived
National youth teams,"""Le Trophée José Da Silva commence ce samedi"""
National youth teams,Archived
National youth teams,"""Waxqabadka Sadexdii Bilood ee U Danbeeyay"""
National youth teams,Archived
National youth teams,"""Qoraalka Xukuumadda Ee waxqabadka Wasaaradaha Qorshaynta Qaranka, Dhalinyarada Iyo Ciyaaraha Ee Somaliland Sadexdii Bilood Ee Lasoo Dhaafay Qaybtii 8aad"""
National youth teams,Archived
National youth teams,History
National youth teams,Timeline
National youth teams,First association
National youth teams,First international
National youth teams,Oldest clubs
National youth teams,Oldest competitions
National youth teams,Attempts to ban the sport
National youth teams,Caid
National youth teams,Cuju
National youth teams,Calcio Fiorentino
National youth teams,English school games
National youth teams,Episkyros
National youth teams,Harpastum
National youth teams,La soule
National youth teams,Marn Grook
National youth teams,Medieval
National youth teams,Ba
National youth teams,Camping
National youth teams,Cnapan
National youth teams,Cornish hurling
National youth teams,Old Division
National youth teams,Royal Shrovetide
National youth teams,Uppies and Downies
National youth teams,Away goals rule
National youth teams,Ball
National youth teams,Ball in/out
National youth teams,Corner kick
National youth teams,Duration of the match
National youth teams,Equipment
National youth teams,Field
National youth teams,Fouls and misconduct
National youth teams,Free kick
National youth teams,Goal kick
National youth teams,Goal difference
National youth teams,Offside
National youth teams,Penalty kick
National youth teams,Penalty shoot-out
National youth teams,Players
National youth teams,Referee
National youth teams,Assistants
National youth teams,Scoring
National youth teams,Start and restart
National youth teams,Throw-in
National youth teams,Sheffield rules
National youth teams,Cambridge rules
National youth teams,IFAB
National youth teams,Ball
National youth teams,Boots
National youth teams,Kit
National youth teams,Away colours
National youth teams,Third jersey
National youth teams,Throwback uniform
National youth teams,Amputee
National youth teams,Beach
National youth teams,College
National youth teams,Crab
National youth teams,Five-a-side
National youth teams,Futsal
National youth teams,Indoor
National youth teams,Freestyle
National youth teams,Keepie uppie
National youth teams,Footbag
National youth teams,Paralympic
National youth teams,Powerchair
National youth teams,Jorkyball
National youth teams,Roller
National youth teams,Rush goalie
National youth teams,Seven-a-side
National youth teams,Sevens
National youth teams,Swamp
National youth teams,Street
National youth teams,Three-sided
National youth teams,3v3 Soccer
National youth teams,Walking
National youth teams,Goalkeeper
National youth teams,Defender
National youth teams,Midfielder
National youth teams,Forward
National youth teams,Formation
National youth teams,Tactics
National youth teams,History
National youth teams,Dribble
National youth teams,Cruyff turn
National youth teams,Flip flap
National youth teams,Marseille turn
National youth teams,Runaround move
National youth teams,Seal dribble
National youth teams,Step over
National youth teams,Dummy
National youth teams,Header
National youth teams,Keepie uppie
National youth teams,Kick
National youth teams,Bicycle
National youth teams,Chip
National youth teams,Curl
National youth teams,Drop
National youth teams,Punt
National youth teams,Rabona
National youth teams,Rainbow
National youth teams,Scorpion
National youth teams,Volley
National youth teams,Nutmeg
National youth teams,Pass
National youth teams,Cross
National youth teams,Long ball
National youth teams,One-touch
National youth teams,Push and run
National youth teams,Shot
National youth teams,Panenka
National youth teams,Tackle
National youth teams,Slide tackle
National youth teams,Anti-football
National youth teams,Catenaccio
National youth teams,Tiki-taka
National youth teams,Total football
National youth teams,Zona mista
National youth teams,Equaliser
National youth teams,Trading cards
National youth teams,Barra brava
National youth teams,Curva
National youth teams,Hooliganism
National youth teams,Torcida
National youth teams,Ultras
National youth teams,Chant
National youth teams,Rugby union
National youth teams,FIFA
National youth teams,Africa
National youth teams,Asia
National youth teams,Europe
National youth teams,North & Central America
National youth teams,Oceania
National youth teams,South America
National youth teams,Summer Olympics
National youth teams,Youth Olympics
National youth teams,Competitions
National youth teams,Families
National youth teams,Players
National youth teams,Top scorers
National youth teams,Clubs
National youth teams,most successful clubs
National youth teams,National teams
National youth teams,Competitions
National youth teams,Families
National youth teams,Players
National youth teams,Top scorers
National youth teams,Clubs
National youth teams,most successful clubs
National youth teams,National teams
National youth teams,12th man
National youth teams,Alcohol
National youth teams,Association football films
National youth teams,Beautiful Game
National youth teams,Captain
National youth teams,Child abuse
National youth teams,Culture
National youth teams,Ethnicity
National youth teams,Football club
National youth teams,Geography
National youth teams,Homosexuality
National youth teams,IFFHS
National youth teams,Names
National youth teams,Politics
National youth teams,Professionalism
National youth teams,Racism
National youth teams,Retired numbers (list)
National youth teams,Rivalries (list)
National youth teams,RSSSF
National youth teams,Smoking
National youth teams,Squad number
National youth teams,Stadiums (list)
National youth teams,Stars on badges
National youth teams,Transfer
National youth teams,World XI
National youth teams,ASEAN All-Stars
National youth teams,Europe XI
National youth teams,Portal
National youth teams,FIFA
National youth teams,Federations
National youth teams,Teams
National youth teams,Competitions
National youth teams,World Rankings
National youth teams,The Best FIFA Football Awards
National youth teams,Timeline
National youth teams,Most successful clubs
National youth teams,FIFA World Cup
National youth teams,U-20
National youth teams,U-17
National youth teams,Olympic Games
National youth teams,Youth
National youth teams,FIFA Confederations Cup
National youth teams,FIFA Gold Cup
National youth teams,Africa Cup of Nations
National youth teams,U-23
National youth teams,U-20
National youth teams,U-17
National youth teams,African Nations League
National youth teams,African Games
National youth teams,African Nations Championship
National youth teams,CECAFA
National youth teams,COSAFA
National youth teams,WAFU
National youth teams,CEMAC
National youth teams,Central African Games
National youth teams,AFC Asian Cup
National youth teams,U-23
National youth teams,U-20
National youth teams,U-17
National youth teams,AFC Nations League
National youth teams,Asian Games
National youth teams,AFC Challenge Cup
National youth teams,AFC Solidarity Cup
National youth teams,AFF
National youth teams,FIFA
National youth teams,CAFA
National youth teams,EAFF
National youth teams,SAFF
National youth teams,WAFF
National youth teams,Arabian Gulf Cup
National youth teams,East Asian Games
National youth teams,South Asian Games
National youth teams,Southeast Asian Games
National youth teams,West Asian Games
National youth teams,Far Eastern Games
National youth teams,UEFA European Championship
National youth teams,U-21
National youth teams,U-19
National youth teams,U-17
National youth teams,UEFA Nations League
National youth teams,Baltic Cup
National youth teams,Central European Cup
National youth teams,Balkan Cup
National youth teams,British Home Championship
National youth teams,Nordic Championship
National youth teams,CONCACAF Gold Cup
National youth teams,U-23
National youth teams,U-20
National youth teams,U-17
National youth teams,U-15
National youth teams,CONCACAF Nations League
National youth teams,CONCACAF Championship
National youth teams,CONCACAF Cup
National youth teams,LIFA Cup
National youth teams,WIFA Cup
National youth teams,Central America and Caribbean Games
National youth teams,Central America Games
National youth teams,NAFC Championship
National youth teams,CCCF Championship
National youth teams,North American Nations Cup
National youth teams,Copa Centroamericana
National youth teams,CFU Championship
National youth teams,Caribbean Cup
National youth teams,OFC Nations Cup
National youth teams,U-23
National youth teams,U-19
National youth teams,U-16
National youth teams,Pacific Games
National youth teams,Mini
National youth teams,Melanesia Cup
National youth teams,Micronesian Games
National youth teams,Polynesia Cup
National youth teams,CONMEBOL Copa América
National youth teams,U-23
National youth teams,U-20
National youth teams,U-17
National youth teams,U-15
National youth teams,South American Games
National youth teams,Bolivarian Games
National youth teams,Indian Ocean Island Games
National youth teams,Afro-Asian Cup of Nations
National youth teams,Afro-Asian Games
National youth teams,AFC–OFC Challenge Cup
National youth teams,FIFA Arab Cup
National youth teams,Arab Games
National youth teams,Islamic Solidarity Games
National youth teams,Islamic Games
National youth teams,Palestine Cup
National youth teams,Kuneitra Cup
National youth teams,CONMEBOL–UEFA Cup of Champions
National youth teams,Francophone Games
National youth teams,Overseas Cup
National youth teams,Lusofonia Games
National youth teams,Mediterranean Games
National youth teams,Mediterranean Cup
National youth teams,Pan American Games
National youth teams,Panamerican Championship
National youth teams,Goodwill Games
National youth teams,GANEFO
National youth teams,World Football Cup
National youth teams,African Football Cup
National youth teams,Asian Football Cup
National youth teams,European Football Cup
National youth teams,South American Football Cup
National youth teams,UIAFA Great European Tournament
National youth teams,Island Games
National youth teams,Universiade
National youth teams,FIFI Wild Cup
National youth teams,WUFA World Series
National youth teams,Geography
National youth teams,Codes
National youth teams,Player
National youth teams,Club of the Century
National youth teams,Women's football
Worldwide (Clubs),FIFA Club World Cup
Worldwide (Clubs),FIFA Intercontinental Cup
Intercontinental (Clubs),UEFA–CONMEBOL Club Challenge
Intercontinental (Clubs),International Women's Club Championship
Intercontinental (Clubs),Intercontinental Futsal Cup
Intercontinental (Clubs),Intercontinental Cup
Intercontinental (Clubs),Copa Rio
Intercontinental (Clubs),Copa Interamericana
Intercontinental (Clubs),Afro-Asian Club Championship
Intercontinental (Clubs),Intercontinental Champions' Supercup
Intercontinental (Clubs),Supercopa Euroamericana
Pre-season friendly / invitational tournaments,ANFA Cup
Pre-season friendly / invitational tournaments,Audi Cup
Pre-season friendly / invitational tournaments,BTV Cup
Pre-season friendly / invitational tournaments,Coupang Play Series
Pre-season friendly / invitational tournaments,Emirates Cup
Pre-season friendly / invitational tournaments,Eusébio Cup
Pre-season friendly / invitational tournaments,Florida Cup
Pre-season friendly / invitational tournaments,Friendship Trophy
Pre-season friendly / invitational tournaments,Geoff Harvey Memorial Vase
Pre-season friendly / invitational tournaments,HKFC Soccer Sevens
Pre-season friendly / invitational tournaments,J.League Asia Challenge
Pre-season friendly / invitational tournaments,J.League World Challenge
Pre-season friendly / invitational tournaments,Lunar New Year Cup
Pre-season friendly / invitational tournaments,Maradona Cup
Pre-season friendly / invitational tournaments,MLS All-Star Game
Pre-season friendly / invitational tournaments,Orange Trophy
Pre-season friendly / invitational tournaments,Premier League Summer Series
Pre-season friendly / invitational tournaments,Ramón de Carranza Trophy
Pre-season friendly / invitational tournaments,Riyadh Season
Pre-season friendly / invitational tournaments,Saitama City Cup
Pre-season friendly / invitational tournaments,Soccer Champions Tour
Pre-season friendly / invitational tournaments,Sydney Super Cup
Pre-season friendly / invitational tournaments,Telekom Cup
Pre-season friendly / invitational tournaments,Teresa Herrera Trophy
Pre-season friendly / invitational tournaments,The Atlantic Cup
Pre-season friendly / invitational tournaments,The Women's Cup
Pre-season friendly / invitational tournaments,Torneo di Viareggio
Pre-season friendly / invitational tournaments,Trofeo Colombino
Pre-season friendly / invitational tournaments,Trofeo Costa del Sol
Pre-season friendly / invitational tournaments,Trofeo Joan Gamper
Pre-season friendly / invitational tournaments,Trofeo Santiago Bernabéu
Pre-season friendly / invitational tournaments,Uhrencup
Pre-season friendly / invitational tournaments,Women's International Champions Cup
Pre-season friendly / invitational tournaments,Amsterdam Tournament
Pre-season friendly / invitational tournaments,Copa del Sol
Pre-season friendly / invitational tournaments,Copa Euro-América
Pre-season friendly / invitational tournaments,Dubai Cup
Pre-season friendly / invitational tournaments,Edmonton Cup
Pre-season friendly / invitational tournaments,Football World Championship
Pre-season friendly / invitational tournaments,Global Tour for Peace
Pre-season friendly / invitational tournaments,International Champions Cup
Pre-season friendly / invitational tournaments,La Manga Cup
Pre-season friendly / invitational tournaments,Marbella Cup
Pre-season friendly / invitational tournaments,Mohammed V Cup
Pre-season friendly / invitational tournaments,Opel Master Cup
Pre-season friendly / invitational tournaments,Peace Cup
Pre-season friendly / invitational tournaments,Premier League Asia Trophy
Pre-season friendly / invitational tournaments,Russian Railways Cup
Pre-season friendly / invitational tournaments,Queen's Cup
Pre-season friendly / invitational tournaments,Small Club World Cup
Pre-season friendly / invitational tournaments,Tournoi de Paris
Pre-season friendly / invitational tournaments,Uli Hoeneß Cup
Pre-season friendly / invitational tournaments,Vodacom Challenge
Pre-season friendly / invitational tournaments,Wembley Cup
Pre-season friendly / invitational tournaments,Wembley International Tournament
Pre-season friendly / invitational tournaments,World Football Challenge
Pre-season friendly / invitational tournaments,Arab Club Champions Cup
Pre-season friendly / invitational tournaments,Arab Cup Winners' Cup
Pre-season friendly / invitational tournaments,Arab Super Cup
Pre-season friendly / invitational tournaments,J.League Cup / Copa Sudamericana Championship
Pre-season friendly / invitational tournaments,Lusail Super Cup
Pre-season friendly / invitational tournaments,Saudi-Egyptian Super Cup
Pre-season friendly / invitational tournaments,Alkass International Cup
Pre-season friendly / invitational tournaments,Balcom BMW CUP Prayer for Peace; Hiroshima International Youth Soccer Games
Pre-season friendly / invitational tournaments,Dallas Cup
Pre-season friendly / invitational tournaments,Gothia Cup
Pre-season friendly / invitational tournaments,J.League International Youth Cup
Pre-season friendly / invitational tournaments,K League International Youth Cup
Pre-season friendly / invitational tournaments,Manchester United Premier Cup
Pre-season friendly / invitational tournaments,Montaigu Tournament
Pre-season friendly / invitational tournaments,Otten Cup
Pre-season friendly / invitational tournaments,Torneo di Viareggio
Pre-season friendly / invitational tournaments,AFC
Pre-season friendly / invitational tournaments,AFC
Pre-season friendly / invitational tournaments,AFC Asian Cup
Pre-season friendly / invitational tournaments,AFC Nations League
Pre-season friendly / invitational tournaments,AFC U23 Asian Cup
Pre-season friendly / invitational tournaments,AFC U20 Asian Cup
Pre-season friendly / invitational tournaments,AFC U17 Asian Cup
Pre-season friendly / invitational tournaments,AFC Women's Asian Cup
Pre-season friendly / invitational tournaments,AFC Women's Olympic Qualifying Tournament
Pre-season friendly / invitational tournaments,AFC U20 Women's Asian Cup
Pre-season friendly / invitational tournaments,AFC U17 Women's Asian Cup
Pre-season friendly / invitational tournaments,Asian Games
Pre-season friendly / invitational tournaments,AFC Solidarity Cup
Pre-season friendly / invitational tournaments,AFC Challenge Cup
Pre-season friendly / invitational tournaments,ASEAN Championship
Pre-season friendly / invitational tournaments,CAFA Nations Cup
Pre-season friendly / invitational tournaments,EAFF E-1 Football Championship
Pre-season friendly / invitational tournaments,women
Pre-season friendly / invitational tournaments,SAFF Championship
Pre-season friendly / invitational tournaments,WAFF Championship
Pre-season friendly / invitational tournaments,AFF–EAFF Champions Trophy
Pre-season friendly / invitational tournaments,Arabian Gulf Cup
Pre-season friendly / invitational tournaments,Gulf Cup for Veteran Players
Pre-season friendly / invitational tournaments,East Asian Youth Games
Pre-season friendly / invitational tournaments,South Asian Games
Pre-season friendly / invitational tournaments,Southeast Asian Games
Pre-season friendly / invitational tournaments,West Asian Games
Pre-season friendly / invitational tournaments,East Asian Games
Pre-season friendly / invitational tournaments,Three Nations Cup
Pre-season friendly / invitational tournaments,Three Nations Cup
Pre-season friendly / invitational tournaments,AFC Champions League Elite
Pre-season friendly / invitational tournaments,AFC Champions League Two
Pre-season friendly / invitational tournaments,AFC Challenge League
Pre-season friendly / invitational tournaments,AFC Women's Champions League
Pre-season friendly / invitational tournaments,Asian Cup Winners' Cup
Pre-season friendly / invitational tournaments,Asian Super Cup
Pre-season friendly / invitational tournaments,Afro-Asian Club Championship
Pre-season friendly / invitational tournaments,AFC Women's Club Championship
Pre-season friendly / invitational tournaments,ASEAN Club Championship
Pre-season friendly / invitational tournaments,AGCFF Gulf Club Champions League
Pre-season friendly / invitational tournaments,Sheikh Kamal International Club Cup
Pre-season friendly / invitational tournaments,Mekong Club Championship
Pre-season friendly / invitational tournaments,Marianas Club Championship
Pre-season friendly / invitational tournaments,SAFF Club Championship
Pre-season friendly / invitational tournaments,WAFF Women's Clubs Championship
Pre-season friendly / invitational tournaments,SAFF Women's Club Championship
Pre-season friendly / invitational tournaments,Afghanistan Champions League
Pre-season friendly / invitational tournaments,Afghan Premier League
Pre-season friendly / invitational tournaments,Kabul Premier League
Pre-season friendly / invitational tournaments,Kabul City League
Pre-season friendly / invitational tournaments,Afghanistan Republic Day Festival Cup
Pre-season friendly / invitational tournaments,Women Kabul League
Pre-season friendly / invitational tournaments,A-League Men
Pre-season friendly / invitational tournaments,Playoffs
Pre-season friendly / invitational tournaments,New Zealand
Pre-season friendly / invitational tournaments,Australia Cup
Pre-season friendly / invitational tournaments,A-League Women
Pre-season friendly / invitational tournaments,Women's Australia Cup
Pre-season friendly / invitational tournaments,A-League Youth
Pre-season friendly / invitational tournaments,A-League All Stars Game
Pre-season friendly / invitational tournaments,National Soccer League
Pre-season friendly / invitational tournaments,Australia Cup
Pre-season friendly / invitational tournaments,NSL Cup
Pre-season friendly / invitational tournaments,F-League
Pre-season friendly / invitational tournaments,National Premier Leagues Capital Football
Pre-season friendly / invitational tournaments,Capital Premier League
Pre-season friendly / invitational tournaments,Capital Football State League
Pre-season friendly / invitational tournaments,Capital Football Federation Cup
Pre-season friendly / invitational tournaments,A.C.T Futsal Premier League
Pre-season friendly / invitational tournaments,National Premier Leagues ACT Women's
Pre-season friendly / invitational tournaments,National Premier Leagues NSW
Pre-season friendly / invitational tournaments,NSW League One
Pre-season friendly / invitational tournaments,NSW League Two
Pre-season friendly / invitational tournaments,Regional league
Pre-season friendly / invitational tournaments,NSW League Three
Pre-season friendly / invitational tournaments,Waratah Cup
Pre-season friendly / invitational tournaments,National Premier Leagues NSW Women's
Pre-season friendly / invitational tournaments,NSW League One Women's
Pre-season friendly / invitational tournaments,National Premier Leagues Northern NSW
Pre-season friendly / invitational tournaments,Northern NSW State League Division 1
Pre-season friendly / invitational tournaments,NorZone Premier League
Pre-season friendly / invitational tournaments,National Premier Leagues Queensland
Pre-season friendly / invitational tournaments,Football Queensland Premier League
Pre-season friendly / invitational tournaments,Football Queensland Premier League 2
Pre-season friendly / invitational tournaments,National Premier Leagues Queensland Women's
Pre-season friendly / invitational tournaments,Brisbane
Pre-season friendly / invitational tournaments,Football Queensland Premier League 3 − Metro
Pre-season friendly / invitational tournaments,Football Queensland Premier League 4 − Metro
Pre-season friendly / invitational tournaments,Football Queensland Premier League 5 − Metro
Pre-season friendly / invitational tournaments,Football Queensland Premier League 6 − Metro
Pre-season friendly / invitational tournaments,Canale Cup
Pre-season friendly / invitational tournaments,Far North Queensland
Pre-season friendly / invitational tournaments,Far North Queensland Premier League
Pre-season friendly / invitational tournaments,Gold Coast
Pre-season friendly / invitational tournaments,Football Queensland Premier League 3 − South Coast
Pre-season friendly / invitational tournaments,Football Queensland Premier League 4 − South Coast
Pre-season friendly / invitational tournaments,Sunshine Coast
Pre-season friendly / invitational tournaments,Football Queensland Premier League 3 – Sunshine Coast
Pre-season friendly / invitational tournaments,National Premier Leagues South Australia
Pre-season friendly / invitational tournaments,SA State League One
Pre-season friendly / invitational tournaments,SA State League Two
Pre-season friendly / invitational tournaments,Federation Cup
Pre-season friendly / invitational tournaments,Women's National Premier Leagues South Australia
Pre-season friendly / invitational tournaments,Women's State League South Australia
Pre-season friendly / invitational tournaments,National Premier Leagues Tasmania
Pre-season friendly / invitational tournaments,Milan Lakoseljac Cup
Pre-season friendly / invitational tournaments,Northern Championship
Pre-season friendly / invitational tournaments,Southern Championship
Pre-season friendly / invitational tournaments,National Premier Leagues Victoria
Pre-season friendly / invitational tournaments,National Premier Leagues Victoria 2
Pre-season friendly / invitational tournaments,National Premier Leagues Victoria 3
Pre-season friendly / invitational tournaments,Victorian State League 1
Pre-season friendly / invitational tournaments,Dockerty Cup
Pre-season friendly / invitational tournaments,National Premier Leagues Victoria Women
Pre-season friendly / invitational tournaments,National Premier Leagues Western Australia
Pre-season friendly / invitational tournaments,Football West State League Division 1
Pre-season friendly / invitational tournaments,Football West State League Division 2
Pre-season friendly / invitational tournaments,Football West State Cup
Pre-season friendly / invitational tournaments,National Premier Leagues WA Women
Pre-season friendly / invitational tournaments,Bahraini Premier League
Pre-season friendly / invitational tournaments,Bahraini Second Division
Pre-season friendly / invitational tournaments,Bahraini King's Cup
Pre-season friendly / invitational tournaments,Bahraini FA Cup
Pre-season friendly / invitational tournaments,Bahraini Crown Prince Cup
Pre-season friendly / invitational tournaments,Bahraini Super Cup
Pre-season friendly / invitational tournaments,Bahraini Elite Cup
Pre-season friendly / invitational tournaments,ar
Pre-season friendly / invitational tournaments,Bahraini Premier League
Pre-season friendly / invitational tournaments,Bahraini King's Cup
Pre-season friendly / invitational tournaments,Bangladesh Football League
Pre-season friendly / invitational tournaments,Bangladesh Championship League
Pre-season friendly / invitational tournaments,Dhaka Senior Division Football League
Pre-season friendly / invitational tournaments,Dhaka Second Division Football League
Pre-season friendly / invitational tournaments,Dhaka Third Division Football League
Pre-season friendly / invitational tournaments,Pioneer Football League
Pre-season friendly / invitational tournaments,Independence Cup
Pre-season friendly / invitational tournaments,Federation Cup
Pre-season friendly / invitational tournaments,Super Cup
Pre-season friendly / invitational tournaments,Aga Khan Gold Cup
Pre-season friendly / invitational tournaments,President Gold Cup
Pre-season friendly / invitational tournaments,Bangabandhu Cup
Pre-season friendly / invitational tournaments,Bangladesh Women's Football League
Pre-season friendly / invitational tournaments,Bhutan Premier League
Pre-season friendly / invitational tournaments,Bhutan Super League
Pre-season friendly / invitational tournaments,Dzongkhag
Pre-season friendly / invitational tournaments,Jigme Dorji Wangchuk Memorial Gold Cup
Pre-season friendly / invitational tournaments,Brunei Super League
Pre-season friendly / invitational tournaments,Brunei Premier League
Pre-season friendly / invitational tournaments,Brunei FA Cup
Pre-season friendly / invitational tournaments,Brunei Super Cup
Pre-season friendly / invitational tournaments,Borneo Cup
Pre-season friendly / invitational tournaments,Cambodian Premier League
Pre-season friendly / invitational tournaments,Cambodian League 2
Pre-season friendly / invitational tournaments,Hun Sen Cup
Pre-season friendly / invitational tournaments,CNCC Charity Cup
Pre-season friendly / invitational tournaments,CNCC League Cup
Pre-season friendly / invitational tournaments,FFC Cup
Pre-season friendly / invitational tournaments,FFC Challenge Cup
Pre-season friendly / invitational tournaments,Chinese Super League
Pre-season friendly / invitational tournaments,China League One
Pre-season friendly / invitational tournaments,China League Two
Pre-season friendly / invitational tournaments,Chinese Champions League
Pre-season friendly / invitational tournaments,Member Football Association leagues
Pre-season friendly / invitational tournaments,CFA Cup
Pre-season friendly / invitational tournaments,CFA Super Cup
Pre-season friendly / invitational tournaments,Chinese Super League
Pre-season friendly / invitational tournaments,CFA Cup
Pre-season friendly / invitational tournaments,Chinese Super League Cup
Pre-season friendly / invitational tournaments,Guangdong–Hong Kong Cup
Pre-season friendly / invitational tournaments,Jingjinji Champions Cup
Pre-season friendly / invitational tournaments,Hong Kong–Shanghai Inter Club Championship
Pre-season friendly / invitational tournaments,Chinese Women's Super League
Pre-season friendly / invitational tournaments,Chinese Women's Football League
Pre-season friendly / invitational tournaments,zh
Pre-season friendly / invitational tournaments,Guam Soccer League
Pre-season friendly / invitational tournaments,Guam FA Cup
Pre-season friendly / invitational tournaments,Hong Kong Premier League
Pre-season friendly / invitational tournaments,First Division
Pre-season friendly / invitational tournaments,Second Division
Pre-season friendly / invitational tournaments,Third Division
Pre-season friendly / invitational tournaments,Hong Kong Community Cup
Pre-season friendly / invitational tournaments,Hong Kong FA Cup
Pre-season friendly / invitational tournaments,Hong Kong FA Cup Junior Division
Pre-season friendly / invitational tournaments,Senior Shield
Pre-season friendly / invitational tournaments,Sapling Cup
Pre-season friendly / invitational tournaments,Viceroy Cup
Pre-season friendly / invitational tournaments,Hong Kong League Cup
Pre-season friendly / invitational tournaments,Indian Super League
Pre-season friendly / invitational tournaments,I-League
Pre-season friendly / invitational tournaments,National Football League
Pre-season friendly / invitational tournaments,I-League 2
Pre-season friendly / invitational tournaments,I-League 3
Pre-season friendly / invitational tournaments,AIFF Super Cup
Pre-season friendly / invitational tournaments,Federation Cup
Pre-season friendly / invitational tournaments,Durand Cup
Pre-season friendly / invitational tournaments,IFA Shield
Pre-season friendly / invitational tournaments,Rovers Cup
Pre-season friendly / invitational tournaments,Indian Super Cup
Pre-season friendly / invitational tournaments,Elite League
Pre-season friendly / invitational tournaments,Futsal Club Championship
Pre-season friendly / invitational tournaments,Intercontinental Cup
Pre-season friendly / invitational tournaments,Nehru Cup
Pre-season friendly / invitational tournaments,Santosh Trophy
Pre-season friendly / invitational tournaments,Indian State Leagues
Pre-season friendly / invitational tournaments,Assam
Pre-season friendly / invitational tournaments,Assam State Premier League
Pre-season friendly / invitational tournaments,Arunachal Pradesh
Pre-season friendly / invitational tournaments,Indrajit Namchoom Arunachal League
Pre-season friendly / invitational tournaments,Delhi
Pre-season friendly / invitational tournaments,Delhi Football League
Pre-season friendly / invitational tournaments,Goa
Pre-season friendly / invitational tournaments,Goa Professional League
Pre-season friendly / invitational tournaments,Himachal Pradesh
Pre-season friendly / invitational tournaments,Himachal Football League
Pre-season friendly / invitational tournaments,Jammu and Kashmir
Pre-season friendly / invitational tournaments,J&K Premier Football League
Pre-season friendly / invitational tournaments,Karnataka
Pre-season friendly / invitational tournaments,Bangalore Football League
Pre-season friendly / invitational tournaments,Kerala
Pre-season friendly / invitational tournaments,Kerala Premier League
Pre-season friendly / invitational tournaments,Madhya Pradesh
Pre-season friendly / invitational tournaments,Madhya Pradesh Premier League
Pre-season friendly / invitational tournaments,Maharashtra
Pre-season friendly / invitational tournaments,Mumbai Football League
Pre-season friendly / invitational tournaments,Manipur
Pre-season friendly / invitational tournaments,Manipur State League
Pre-season friendly / invitational tournaments,Meghalaya
Pre-season friendly / invitational tournaments,Shillong Premier League
Pre-season friendly / invitational tournaments,Mizoram
Pre-season friendly / invitational tournaments,Mizoram Premier League
Pre-season friendly / invitational tournaments,Nagaland
Pre-season friendly / invitational tournaments,Nagaland Premier League
Pre-season friendly / invitational tournaments,Odisha
Pre-season friendly / invitational tournaments,FAO League
Pre-season friendly / invitational tournaments,Punjab
Pre-season friendly / invitational tournaments,Punjab State Super Football League
Pre-season friendly / invitational tournaments,Rajasthan
Pre-season friendly / invitational tournaments,R-League A Division
Pre-season friendly / invitational tournaments,Tamil Nadu
Pre-season friendly / invitational tournaments,Chennai Football League
Pre-season friendly / invitational tournaments,Uttarakhand
Pre-season friendly / invitational tournaments,Uttarakhand Super League
Pre-season friendly / invitational tournaments,West Bengal
Pre-season friendly / invitational tournaments,Calcutta Football League
Pre-season friendly / invitational tournaments,Indian Women's League
Pre-season friendly / invitational tournaments,Indian Women's League 2
Pre-season friendly / invitational tournaments,Indian Women's National Championship
Pre-season friendly / invitational tournaments,Indian State Leagues
Pre-season friendly / invitational tournaments,Delhi
Pre-season friendly / invitational tournaments,FD Women's League
Pre-season friendly / invitational tournaments,Goa
Pre-season friendly / invitational tournaments,Goa Women's League
Pre-season friendly / invitational tournaments,Karnataka
Pre-season friendly / invitational tournaments,Karnataka Women's League
Pre-season friendly / invitational tournaments,Kerala
Pre-season friendly / invitational tournaments,Kerala Women's League
Pre-season friendly / invitational tournaments,Maharashtra
Pre-season friendly / invitational tournaments,WIFA Women's Football League
Pre-season friendly / invitational tournaments,Manipur
Pre-season friendly / invitational tournaments,Manipur Women's League
Pre-season friendly / invitational tournaments,Meghalaya
Pre-season friendly / invitational tournaments,SSA Women's Football League
Pre-season friendly / invitational tournaments,Odisha
Pre-season friendly / invitational tournaments,Odisha Women's League
Pre-season friendly / invitational tournaments,Punjab
Pre-season friendly / invitational tournaments,Punjab Women's League
Pre-season friendly / invitational tournaments,Tamil Nadu
Pre-season friendly / invitational tournaments,Tamil Nadu Women's League
Pre-season friendly / invitational tournaments,West Bengal
Pre-season friendly / invitational tournaments,Calcutta Women's Football League
Pre-season friendly / invitational tournaments,Super League
Pre-season friendly / invitational tournaments,Championship
Pre-season friendly / invitational tournaments,Liga Nusantara
Pre-season friendly / invitational tournaments,Liga 4
Pre-season friendly / invitational tournaments,Elite Pro Academy
Pre-season friendly / invitational tournaments,Piala Indonesia
Pre-season friendly / invitational tournaments,Piala Presiden
Pre-season friendly / invitational tournaments,Soeratin Cup
Pre-season friendly / invitational tournaments,Liga 1 Putri
Pre-season friendly / invitational tournaments,Pertiwi Cup
Pre-season friendly / invitational tournaments,Persian Gulf Pro League
Pre-season friendly / invitational tournaments,Azadegan League
Pre-season friendly / invitational tournaments,League 2
Pre-season friendly / invitational tournaments,League 3
Pre-season friendly / invitational tournaments,Provincial Leagues
Pre-season friendly / invitational tournaments,Hazfi Cup
Pre-season friendly / invitational tournaments,Iranian Super Cup
Pre-season friendly / invitational tournaments,Persian Gulf Pro League
Pre-season friendly / invitational tournaments,Hazfi Cup
Pre-season friendly / invitational tournaments,Takht Jamshid Cup
Pre-season friendly / invitational tournaments,Kowsar Women Football League
Pre-season friendly / invitational tournaments,Iraq Stars League
Pre-season friendly / invitational tournaments,Iraqi Premier Division League
Pre-season friendly / invitational tournaments,Iraqi First Division League
Pre-season friendly / invitational tournaments,Iraqi Second Division League
Pre-season friendly / invitational tournaments,Iraqi Third Division League
Pre-season friendly / invitational tournaments,Iraq FA Cup
Pre-season friendly / invitational tournaments,Iraqi Super Cup
Pre-season friendly / invitational tournaments,Baghdad Championship
Pre-season friendly / invitational tournaments,Iraqi National First Division
Pre-season friendly / invitational tournaments,Iraq FA Baghdad Cup
Pre-season friendly / invitational tournaments,Iraq Central FA Premier League
Pre-season friendly / invitational tournaments,Iraq Central FA Perseverance Cup
Pre-season friendly / invitational tournaments,Independent Baghdad Tournament
Pre-season friendly / invitational tournaments,Iraq FA Basra Premier League
Pre-season friendly / invitational tournaments,Iraq FA Kirkuk Premier League
Pre-season friendly / invitational tournaments,J1 League
Pre-season friendly / invitational tournaments,J.League
Pre-season friendly / invitational tournaments,J2 League
Pre-season friendly / invitational tournaments,J3 League
Pre-season friendly / invitational tournaments,J.League 100 Year Vision League
Pre-season friendly / invitational tournaments,ja
Pre-season friendly / invitational tournaments,J1 100 Year Vision League
Pre-season friendly / invitational tournaments,J2/J3 100 Year Vision League
Pre-season friendly / invitational tournaments,Japan Football League
Pre-season friendly / invitational tournaments,J3 League
Pre-season friendly / invitational tournaments,JFL CUP
Pre-season friendly / invitational tournaments,ja
Pre-season friendly / invitational tournaments,Japan Regional Football Champions League
Pre-season friendly / invitational tournaments,Japanese Regional Leagues
Pre-season friendly / invitational tournaments,Prefectural Leagues
Pre-season friendly / invitational tournaments,ja
Pre-season friendly / invitational tournaments,Emperor's Cup
Pre-season friendly / invitational tournaments,J.League Cup
Pre-season friendly / invitational tournaments,J1 League
Pre-season friendly / invitational tournaments,J2 League
Pre-season friendly / invitational tournaments,J3 League
Pre-season friendly / invitational tournaments,Japanese Super Cup
Pre-season friendly / invitational tournaments,J1 League
Pre-season friendly / invitational tournaments,Emperor's Cup
Pre-season friendly / invitational tournaments,J.League All-Star Soccer
Pre-season friendly / invitational tournaments,All Japan Adults Football Tournament
Pre-season friendly / invitational tournaments,5th-tier league
Pre-season friendly / invitational tournaments,All Japan Club Teams Football Tournament
Pre-season friendly / invitational tournaments,National Sports Festival (Football)
Pre-season friendly / invitational tournaments,ja
Pre-season friendly / invitational tournaments,All Japan University Football Championship
Pre-season friendly / invitational tournaments,Prime Minister's Cup All Japan University Football Tournament
Pre-season friendly / invitational tournaments,Prince Takamado Trophy
Pre-season friendly / invitational tournaments,All Japan High School Soccer Tournament
Pre-season friendly / invitational tournaments,Inter High School Sports Festival
Pre-season friendly / invitational tournaments,Japan Club Youth U-18 Championship
Pre-season friendly / invitational tournaments,J.Youth Cup
Pre-season friendly / invitational tournaments,WE League
Pre-season friendly / invitational tournaments,Nadeshiko League
Pre-season friendly / invitational tournaments,Empress's Cup
Pre-season friendly / invitational tournaments,WE League Cup
Pre-season friendly / invitational tournaments,WE League
Pre-season friendly / invitational tournaments,Nadeshiko League Cup
Pre-season friendly / invitational tournaments,Nadeshiko League
Pre-season friendly / invitational tournaments,Japan Soccer League
Pre-season friendly / invitational tournaments,Japan Football League (former)
Pre-season friendly / invitational tournaments,Japan Soccer League Cup
Pre-season friendly / invitational tournaments,Japan Soccer League
Pre-season friendly / invitational tournaments,Japanese Super Cup
Pre-season friendly / invitational tournaments,Japan Soccer League
Pre-season friendly / invitational tournaments,Emperor's Cup
Pre-season friendly / invitational tournaments,F.League
Pre-season friendly / invitational tournaments,All Japan Futsal Championship
Pre-season friendly / invitational tournaments,F.League Ocean Cup
Pre-season friendly / invitational tournaments,Jordanian Pro League
Pre-season friendly / invitational tournaments,Jordan League Division 1
Pre-season friendly / invitational tournaments,FA Cup
Pre-season friendly / invitational tournaments,Super Cup
Pre-season friendly / invitational tournaments,FA Shield
Pre-season friendly / invitational tournaments,Kuwait Premier League
Pre-season friendly / invitational tournaments,Kuwaiti Division One
Pre-season friendly / invitational tournaments,Kuwait Emir Cup
Pre-season friendly / invitational tournaments,Kuwait Crown Prince Cup
Pre-season friendly / invitational tournaments,Kuwait Federation Cup
Pre-season friendly / invitational tournaments,Kuwait Super Cup
Pre-season friendly / invitational tournaments,Al Kurafi Cup
Pre-season friendly / invitational tournaments,Kyrgyz Premier League
Pre-season friendly / invitational tournaments,Kyrgyz First League
Pre-season friendly / invitational tournaments,Qyrğyz Ekinçi Ligasy
Pre-season friendly / invitational tournaments,Kyrgyzstan Cup
Pre-season friendly / invitational tournaments,Kyrgyzstan Super Cup
Pre-season friendly / invitational tournaments,Lao League 1
Pre-season friendly / invitational tournaments,Lao League 2
Pre-season friendly / invitational tournaments,Laotian Prime Minister's Cup
Pre-season friendly / invitational tournaments,Lao FF Cup
Pre-season friendly / invitational tournaments,Lebanese Premier League
Pre-season friendly / invitational tournaments,Lebanese Second Division
Pre-season friendly / invitational tournaments,Lebanese Third Division
Pre-season friendly / invitational tournaments,Lebanese Fourth Division
Pre-season friendly / invitational tournaments,Lebanese Fifth Division
Pre-season friendly / invitational tournaments,Lebanese FA Cup
Pre-season friendly / invitational tournaments,Lebanese Federation Cup
Pre-season friendly / invitational tournaments,Lebanese Super Cup
Pre-season friendly / invitational tournaments,Lebanese Elite Cup
Pre-season friendly / invitational tournaments,Lebanese Challenge Cup
Pre-season friendly / invitational tournaments,Liga de Elite
Pre-season friendly / invitational tournaments,Campeonato da 2ª Divisão do Futebol
Pre-season friendly / invitational tournaments,Taça de Macau em futebol
Pre-season friendly / invitational tournaments,Malaysia Super League
Pre-season friendly / invitational tournaments,Malaysia A1 Semi-Pro League
Pre-season friendly / invitational tournaments,Malaysia A2 Amateur League
Pre-season friendly / invitational tournaments,Malaysia A3 Community League
Pre-season friendly / invitational tournaments,Malaysia FA Cup
Pre-season friendly / invitational tournaments,Piala Sumbangsih
Pre-season friendly / invitational tournaments,Malaysia Cup
Pre-season friendly / invitational tournaments,MFL Challenge Cup
Pre-season friendly / invitational tournaments,Malaysia FAM Cup
Pre-season friendly / invitational tournaments,Airmarine Cup
Pre-season friendly / invitational tournaments,Merdeka Cup
Pre-season friendly / invitational tournaments,Dhivehi Premier League
Pre-season friendly / invitational tournaments,Second Division
Pre-season friendly / invitational tournaments,Third Division
Pre-season friendly / invitational tournaments,FA Cup
Pre-season friendly / invitational tournaments,President's Cup
Pre-season friendly / invitational tournaments,FA Charity Shield
Pre-season friendly / invitational tournaments,Mongolian Premier League
Pre-season friendly / invitational tournaments,Mongolian First League
Pre-season friendly / invitational tournaments,Mongolia Second League
Pre-season friendly / invitational tournaments,National Amateur Cup
Pre-season friendly / invitational tournaments,MFF Cup
Pre-season friendly / invitational tournaments,MFF Super Cup
Pre-season friendly / invitational tournaments,Myanmar National League
Pre-season friendly / invitational tournaments,MNL II
Pre-season friendly / invitational tournaments,FIFA-MFF U15 Youth League
Pre-season friendly / invitational tournaments,General Aung San Shield
Pre-season friendly / invitational tournaments,MFF Charity Cup
Pre-season friendly / invitational tournaments,Myanmar National League
Pre-season friendly / invitational tournaments,General Aung San Shield
Pre-season friendly / invitational tournaments,MNL League Cup
Pre-season friendly / invitational tournaments,Myanmar Women League
Pre-season friendly / invitational tournaments,Myanmar Futsal League
Pre-season friendly / invitational tournaments,Martyr's Memorial A-Division League
Pre-season friendly / invitational tournaments,Martyr's Memorial B-Division League
Pre-season friendly / invitational tournaments,Martyr's Memorial C-Division League
Pre-season friendly / invitational tournaments,Aaha Gold Cup
Pre-season friendly / invitational tournaments,Budda Subba Gold Cup
Pre-season friendly / invitational tournaments,Pokhara Cup
Pre-season friendly / invitational tournaments,Simara Gold Cup
Pre-season friendly / invitational tournaments,Ncell Cup
Pre-season friendly / invitational tournaments,Birat Gold Cup
Pre-season friendly / invitational tournaments,M★League
Pre-season friendly / invitational tournaments,M*League Division 2
Pre-season friendly / invitational tournaments,DPR Korea Premier Football League
Pre-season friendly / invitational tournaments,DPR Korea Football League 2
Pre-season friendly / invitational tournaments,de
Pre-season friendly / invitational tournaments,DPR Korea Football League 3
Pre-season friendly / invitational tournaments,ko
Pre-season friendly / invitational tournaments,Technical Innovation Contests
Pre-season friendly / invitational tournaments,Hwaebul Cup
Pre-season friendly / invitational tournaments,Man'gyŏngdae Prize
Pre-season friendly / invitational tournaments,Osandŏk Prize
Pre-season friendly / invitational tournaments,Paektusan Prize
Pre-season friendly / invitational tournaments,Poch'ŏnbo Torch Prize
Pre-season friendly / invitational tournaments,Republican Championship
Pre-season friendly / invitational tournaments,Oman Professional League
Pre-season friendly / invitational tournaments,Oman First Division League
Pre-season friendly / invitational tournaments,Sultan Qaboos Cup
Pre-season friendly / invitational tournaments,Super Cup
Pre-season friendly / invitational tournaments,Oman Professional League Cup
Pre-season friendly / invitational tournaments,Omani Prince Cup
Pre-season friendly / invitational tournaments,Gaza Strip Premier League
Pre-season friendly / invitational tournaments,Gaza Strip First League
Pre-season friendly / invitational tournaments,Gaza Strip Second League
Pre-season friendly / invitational tournaments,West Bank Second League
Pre-season friendly / invitational tournaments,Palestine Cup
Pre-season friendly / invitational tournaments,Gaza Strip Super Cup
Pre-season friendly / invitational tournaments,West Bank Super Cup
Pre-season friendly / invitational tournaments,Yasser Arafat Cup
Pre-season friendly / invitational tournaments,Pakistan Premier League
Pre-season friendly / invitational tournaments,PFF League
Pre-season friendly / invitational tournaments,National Football Championship
Pre-season friendly / invitational tournaments,Karachi Football League
Pre-season friendly / invitational tournaments,Super Football League
Pre-season friendly / invitational tournaments,PFF National Challenge Cup
Pre-season friendly / invitational tournaments,National Women Football Championship
Pre-season friendly / invitational tournaments,Quaid-e-Azam International Tournament
Pre-season friendly / invitational tournaments,Philippines Football League
Pre-season friendly / invitational tournaments,Copa Paulino Alcantara
Pre-season friendly / invitational tournaments,PFF Women's League
Pre-season friendly / invitational tournaments,PFF Women's Cup
Pre-season friendly / invitational tournaments,PFF National Men's Club Championship
Pre-season friendly / invitational tournaments,United Football League Cup
Pre-season friendly / invitational tournaments,PFF National Men's Under-19 Championship
Pre-season friendly / invitational tournaments,Philippine Football League
Pre-season friendly / invitational tournaments,Filipino Premier League
Pre-season friendly / invitational tournaments,United Football League
Pre-season friendly / invitational tournaments,Philippine Premier League
Pre-season friendly / invitational tournaments,University Athletic Association of the Philippines
Pre-season friendly / invitational tournaments,Aboitiz Football Cup
Pre-season friendly / invitational tournaments,Qatar Stars League
Pre-season friendly / invitational tournaments,Second Division League
Pre-season friendly / invitational tournaments,Reserve League
Pre-season friendly / invitational tournaments,Amir Cup
Pre-season friendly / invitational tournaments,Qatari Stars Cup
Pre-season friendly / invitational tournaments,Stars League
Pre-season friendly / invitational tournaments,Qatar Cup
Pre-season friendly / invitational tournaments,Stars League
Pre-season friendly / invitational tournaments,Sheikh Jassim Cup
Pre-season friendly / invitational tournaments,Stars League
Pre-season friendly / invitational tournaments,Amir Cup
Pre-season friendly / invitational tournaments,Saudi Pro League
Pre-season friendly / invitational tournaments,First Division League
Pre-season friendly / invitational tournaments,Second Division League
Pre-season friendly / invitational tournaments,Saudi League 3rd Division
Pre-season friendly / invitational tournaments,Saudi League 4th Division
Pre-season friendly / invitational tournaments,King's Cup
Pre-season friendly / invitational tournaments,Saudi Crown Prince Cup
Pre-season friendly / invitational tournaments,Saudi Pro League
Pre-season friendly / invitational tournaments,First Division League
Pre-season friendly / invitational tournaments,Saudi Super Cup
Pre-season friendly / invitational tournaments,Saudi Pro League
Pre-season friendly / invitational tournaments,King's Cup
Pre-season friendly / invitational tournaments,Saudi Federation Cup
Pre-season friendly / invitational tournaments,Saudi Women's Premier League
Pre-season friendly / invitational tournaments,Singapore Premier League
Pre-season friendly / invitational tournaments,Singapore Football League Division 1
Pre-season friendly / invitational tournaments,Singapore Football League Division 2
Pre-season friendly / invitational tournaments,Singapore Island Wide League
Pre-season friendly / invitational tournaments,Cosmopolitan Football League
Pre-season friendly / invitational tournaments,Cosmopolitan League Cup
Pre-season friendly / invitational tournaments,Equatorial Football League
Pre-season friendly / invitational tournaments,Singapore Cup
Pre-season friendly / invitational tournaments,Singapore FA Cup
Pre-season friendly / invitational tournaments,Singapore Community Shield
Pre-season friendly / invitational tournaments,FAS Centre of Excellence Developmental Leagues
Pre-season friendly / invitational tournaments,Football Association of Singapore
Pre-season friendly / invitational tournaments,FAS Women's Premier League
Pre-season friendly / invitational tournaments,Football Association of Singapore
Pre-season friendly / invitational tournaments,FAS Women's National League
Pre-season friendly / invitational tournaments,Football Association of Singapore
Pre-season friendly / invitational tournaments,ESPZEN
Pre-season friendly / invitational tournaments,Football Association of Singapore
Pre-season friendly / invitational tournaments,D2D International Futsal League
Pre-season friendly / invitational tournaments,D2D Arena Futsal League
Pre-season friendly / invitational tournaments,D2D Futsal Cup
Pre-season friendly / invitational tournaments,K League 1
Pre-season friendly / invitational tournaments,K League 2
Pre-season friendly / invitational tournaments,K3 League
Pre-season friendly / invitational tournaments,K4 League
Pre-season friendly / invitational tournaments,ko
Pre-season friendly / invitational tournaments,K6 League
Pre-season friendly / invitational tournaments,ko
Pre-season friendly / invitational tournaments,K7 League
Pre-season friendly / invitational tournaments,ko
Pre-season friendly / invitational tournaments,Korea National League
Pre-season friendly / invitational tournaments,Korea Cup
Pre-season friendly / invitational tournaments,K League Super Cup
Pre-season friendly / invitational tournaments,K3-K4 Championship
Pre-season friendly / invitational tournaments,ko
Pre-season friendly / invitational tournaments,K League All-Star Game
Pre-season friendly / invitational tournaments,Korean League Cup
Pre-season friendly / invitational tournaments,Challengers Cup
Pre-season friendly / invitational tournaments,Korea National League Championship
Pre-season friendly / invitational tournaments,Adidas Cup
Pre-season friendly / invitational tournaments,Daehan Fire Insurance Cup
Pre-season friendly / invitational tournaments,Phillip Morriss Cup
Pre-season friendly / invitational tournaments,Prospecs Cup
Pre-season friendly / invitational tournaments,Hauzen Cup
Pre-season friendly / invitational tournaments,WK League
Pre-season friendly / invitational tournaments,S1 League
Pre-season friendly / invitational tournaments,Kit Premier League Division I
Pre-season friendly / invitational tournaments,Kit Premier League Division II
Pre-season friendly / invitational tournaments,Sri Lanka FA Cup
Pre-season friendly / invitational tournaments,Syrian Premier League
Pre-season friendly / invitational tournaments,Syrian League 1st Division
Pre-season friendly / invitational tournaments,Syrian League 2nd Division
Pre-season friendly / invitational tournaments,Syrian Cup
Pre-season friendly / invitational tournaments,Syrian Super Cup
Pre-season friendly / invitational tournaments,Taiwan Football Premier League
Pre-season friendly / invitational tournaments,Taiwan Football Challenge League
Pre-season friendly / invitational tournaments,Intercity Football League
Pre-season friendly / invitational tournaments,Taiwan Football Premier League
Pre-season friendly / invitational tournaments,Enterprise Football League
Pre-season friendly / invitational tournaments,Intercity Football League
Pre-season friendly / invitational tournaments,Highschool Football League
Pre-season friendly / invitational tournaments,National Youth Cup
Pre-season friendly / invitational tournaments,National High School Games
Pre-season friendly / invitational tournaments,Chinese Taipei FA Cup
Pre-season friendly / invitational tournaments,Taiwan Mulan Football League
Pre-season friendly / invitational tournaments,Vysshaya Liga
Pre-season friendly / invitational tournaments,Tajikistan First League
Pre-season friendly / invitational tournaments,Tajikistan Second League
Pre-season friendly / invitational tournaments,Tajikistan Cup
Pre-season friendly / invitational tournaments,Tajikistan Super Cup
Pre-season friendly / invitational tournaments,TFF Cup
Pre-season friendly / invitational tournaments,Thai League 1
Pre-season friendly / invitational tournaments,Thai League 2
Pre-season friendly / invitational tournaments,Thai League 3
Pre-season friendly / invitational tournaments,Thailand Semi-Pro League
Pre-season friendly / invitational tournaments,Thailand Amateur League
Pre-season friendly / invitational tournaments,Thai League 4
Pre-season friendly / invitational tournaments,Thai FA Cup
Pre-season friendly / invitational tournaments,Thai League Cup
Pre-season friendly / invitational tournaments,Thailand Champions Cup
Pre-season friendly / invitational tournaments,Thai League 1
Pre-season friendly / invitational tournaments,Thai FA Cup
Pre-season friendly / invitational tournaments,Thai League All-Star Football
Pre-season friendly / invitational tournaments,Provincial League
Pre-season friendly / invitational tournaments,Kor Royal Cup
Pre-season friendly / invitational tournaments,Khǒr Royal Cup
Pre-season friendly / invitational tournaments,Khor Royal Cup
Pre-season friendly / invitational tournaments,Ngor Royal Cup
Pre-season friendly / invitational tournaments,Liga Futebol Timor-Leste
Pre-season friendly / invitational tournaments,Liga Futebol Amadora Primeira Divisão
Pre-season friendly / invitational tournaments,Liga Futebol Amadora Segunda Divisão
Pre-season friendly / invitational tournaments,Liga Futebol Amadora Terceira Divisão
Pre-season friendly / invitational tournaments,Taça 12 de Novembro
Pre-season friendly / invitational tournaments,LFA Super Taça
Pre-season friendly / invitational tournaments,Ýokary Liga
Pre-season friendly / invitational tournaments,Birinji Liga
Pre-season friendly / invitational tournaments,Turkmenistan Cup
Pre-season friendly / invitational tournaments,Turkmenistan Super Cup
Pre-season friendly / invitational tournaments,UAE Pro League
Pre-season friendly / invitational tournaments,UAE First Division League
Pre-season friendly / invitational tournaments,UAE Second Division League
Pre-season friendly / invitational tournaments,UAE Third Division League
Pre-season friendly / invitational tournaments,UAE President's Cup
Pre-season friendly / invitational tournaments,UAE League Cup
Pre-season friendly / invitational tournaments,UAE FA cup
Pre-season friendly / invitational tournaments,UAE Super Cup
Pre-season friendly / invitational tournaments,Uzbekistan Super League
Pre-season friendly / invitational tournaments,Uzbekistan Pro League
Pre-season friendly / invitational tournaments,Uzbekistan Pro-B League
Pre-season friendly / invitational tournaments,Uzbekistan Second League
Pre-season friendly / invitational tournaments,Uzbekistan Cup
Pre-season friendly / invitational tournaments,Uzbekistan League Cup
Pre-season friendly / invitational tournaments,Uzbekistan Super Cup
Pre-season friendly / invitational tournaments,Uzbekistan PFL Cup
Pre-season friendly / invitational tournaments,V.League 1
Pre-season friendly / invitational tournaments,V.League 2
Pre-season friendly / invitational tournaments,Vietnamese League Two
Pre-season friendly / invitational tournaments,Vietnamese League Three
Pre-season friendly / invitational tournaments,Vietnamese Women's Football Championship
Pre-season friendly / invitational tournaments,Vietnamese National Football Cup
Pre-season friendly / invitational tournaments,Vietnamese Super Cup
Pre-season friendly / invitational tournaments,Yemeni League
Pre-season friendly / invitational tournaments,Yemeni Second Division
Pre-season friendly / invitational tournaments,Yemeni President Cup
Pre-season friendly / invitational tournaments,Yemeni Super Cup
Pre-season friendly / invitational tournaments,Confederation of African Football
Pre-season friendly / invitational tournaments,Africa Cup of Nations
Pre-season friendly / invitational tournaments,African Nations League
Pre-season friendly / invitational tournaments,U-23 Africa Cup of Nations
Pre-season friendly / invitational tournaments,U-20 Africa Cup of Nations
Pre-season friendly / invitational tournaments,U-17 Africa Cup of Nations
Pre-season friendly / invitational tournaments,Women's Africa Cup of Nations
Pre-season friendly / invitational tournaments,CAF Women's Olympic Qualifying Tournament
Pre-season friendly / invitational tournaments,African U-20 Women's World Cup qualification
Pre-season friendly / invitational tournaments,African U-17 Women's World Cup qualification
Pre-season friendly / invitational tournaments,African Games
Pre-season friendly / invitational tournaments,African Nations Championship
Pre-season friendly / invitational tournaments,Afro-Asian Cup of Nations
Pre-season friendly / invitational tournaments,CECAFA Cup
Pre-season friendly / invitational tournaments,COSAFA Cup
Pre-season friendly / invitational tournaments,COSAFA Women's Championship
Pre-season friendly / invitational tournaments,WAFU Nations Cup
Pre-season friendly / invitational tournaments,U-17 UNIFFAC Cup
Pre-season friendly / invitational tournaments,UNAF U-23 Tournament
Pre-season friendly / invitational tournaments,CEMAC Cup
Pre-season friendly / invitational tournaments,Amílcar Cabral Cup
Pre-season friendly / invitational tournaments,CAF Champions League
Pre-season friendly / invitational tournaments,CAF Confederation Cup
Pre-season friendly / invitational tournaments,CAF Super Cup
Pre-season friendly / invitational tournaments,CAF Women's Champions League
Pre-season friendly / invitational tournaments,CAF Cup
Pre-season friendly / invitational tournaments,African Football League
Pre-season friendly / invitational tournaments,African Cup Winners' Cup
Pre-season friendly / invitational tournaments,Afro-Asian Club Championship
Pre-season friendly / invitational tournaments,UNAF Nessma Cup
Pre-season friendly / invitational tournaments,West African Club Championship
Pre-season friendly / invitational tournaments,CECAFA Club Cup
Pre-season friendly / invitational tournaments,Algerian Ligue Professionnelle 1
Pre-season friendly / invitational tournaments,Algerian Ligue Professionnelle 2
Pre-season friendly / invitational tournaments,Ligue Nationale
Pre-season friendly / invitational tournaments,Ligue Inter-Régions
Pre-season friendly / invitational tournaments,Ligue Régional I
Pre-season friendly / invitational tournaments,II
Pre-season friendly / invitational tournaments,Algerian Cup
Pre-season friendly / invitational tournaments,Algerian Super Cup
Pre-season friendly / invitational tournaments,Algerian Championnat National
Pre-season friendly / invitational tournaments,Algerian Cup
Pre-season friendly / invitational tournaments,Algerian League Cup
Pre-season friendly / invitational tournaments,Algerian Women's Championship
Pre-season friendly / invitational tournaments,Algerian Women's Cup
Pre-season friendly / invitational tournaments,Girabola
Pre-season friendly / invitational tournaments,Segundona
Pre-season friendly / invitational tournaments,Angolan Provincial Football Stage
Pre-season friendly / invitational tournaments,Angolan SuperCup
Pre-season friendly / invitational tournaments,Girabola
Pre-season friendly / invitational tournaments,Angolan Cup
Pre-season friendly / invitational tournaments,Angolan Cup
Pre-season friendly / invitational tournaments,Angolan Women's Football League
Pre-season friendly / invitational tournaments,Campeonato Provincial de Futebol Feminino de Angola
Pre-season friendly / invitational tournaments,Benin Premier League
Pre-season friendly / invitational tournaments,Benin Second Division
Pre-season friendly / invitational tournaments,Benin Cup
Pre-season friendly / invitational tournaments,Benin Super Cup
Pre-season friendly / invitational tournaments,Botswana Premier League
Pre-season friendly / invitational tournaments,Botswana First Division North
Pre-season friendly / invitational tournaments,Botswana First Division South
Pre-season friendly / invitational tournaments,Botswana Division One
Pre-season friendly / invitational tournaments,FA Challenge Cup (Botswana)
Pre-season friendly / invitational tournaments,Botswana Independence Cup
Pre-season friendly / invitational tournaments,Orange Kabelano Charity Cup
Pre-season friendly / invitational tournaments,Mascom Top 8 Cup
Pre-season friendly / invitational tournaments,Burkinabé Premier League
Pre-season friendly / invitational tournaments,Coupe du Faso
Pre-season friendly / invitational tournaments,Burkinabé SuperCup
Pre-season friendly / invitational tournaments,Burundi Premier League
Pre-season friendly / invitational tournaments,Burundian Cup
Pre-season friendly / invitational tournaments,Burundi Super Cup
Pre-season friendly / invitational tournaments,Championnat du Cameroun de football
Pre-season friendly / invitational tournaments,Cameroon Deuxième Division
Pre-season friendly / invitational tournaments,Cameroon Cup
Pre-season friendly / invitational tournaments,Super Coupe Roger Milla
Pre-season friendly / invitational tournaments,Cape Verdean Football Championship
Pre-season friendly / invitational tournaments,Santiago South Premier Division
Pre-season friendly / invitational tournaments,Cape Verdean Cup
Pre-season friendly / invitational tournaments,Cape Verdean Super Cup
Pre-season friendly / invitational tournaments,Cape Verde Independence Cup
Pre-season friendly / invitational tournaments,Central African Republic League
Pre-season friendly / invitational tournaments,Central African Republic League D2
Pre-season friendly / invitational tournaments,Coupe Nationale
Pre-season friendly / invitational tournaments,Central African Republic Supercoupe
Pre-season friendly / invitational tournaments,Chad Premier League
Pre-season friendly / invitational tournaments,Chad Division 2
Pre-season friendly / invitational tournaments,Chad Cup
Pre-season friendly / invitational tournaments,Chad Super Cup
Pre-season friendly / invitational tournaments,Coupe de Ligue de N'Djaména
Pre-season friendly / invitational tournaments,Comoros Premier League
Pre-season friendly / invitational tournaments,Comoros Cup
Pre-season friendly / invitational tournaments,Comoros Super Cup
Pre-season friendly / invitational tournaments,Congo Premier League
Pre-season friendly / invitational tournaments,Coupe du Congo
Pre-season friendly / invitational tournaments,Super Coupe du Congo
Pre-season friendly / invitational tournaments,Linafoot
Pre-season friendly / invitational tournaments,Linafoot Ligue 2
Pre-season friendly / invitational tournaments,Coupe du Congo
Pre-season friendly / invitational tournaments,Super Coupe du Congo
Pre-season friendly / invitational tournaments,Djibouti Premier League
Pre-season friendly / invitational tournaments,Djibouti Cup
Pre-season friendly / invitational tournaments,Djibouti Super Cup
Pre-season friendly / invitational tournaments,Egyptian Premier League
Pre-season friendly / invitational tournaments,Egyptian Second Division A
Pre-season friendly / invitational tournaments,Egyptian Second Division B
Pre-season friendly / invitational tournaments,Egyptian Third Division
Pre-season friendly / invitational tournaments,Egypt Development League
Pre-season friendly / invitational tournaments,Egypt Cup
Pre-season friendly / invitational tournaments,Egyptian Super Cup
Pre-season friendly / invitational tournaments,Egyptian League Cup
Pre-season friendly / invitational tournaments,Egypt's Love Cup
Pre-season friendly / invitational tournaments,EFA League Cup
Pre-season friendly / invitational tournaments,Sultan Hussein Cup
Pre-season friendly / invitational tournaments,Equatoguinean Primera División
Pre-season friendly / invitational tournaments,Equatorial Guinea Segunda División
Pre-season friendly / invitational tournaments,Equatoguinean Cup
Pre-season friendly / invitational tournaments,Equatoguinean SuperCup
Pre-season friendly / invitational tournaments,Eritrean Premier League
Pre-season friendly / invitational tournaments,Eritrean Cup
Pre-season friendly / invitational tournaments,Premier League of Eswatini
Pre-season friendly / invitational tournaments,Swazi Cup
Pre-season friendly / invitational tournaments,Swazi Charity Cup
Pre-season friendly / invitational tournaments,Ethiopian Premier League
Pre-season friendly / invitational tournaments,Ethiopian Higher League
Pre-season friendly / invitational tournaments,Ethiopian First League
Pre-season friendly / invitational tournaments,Ethiopian Cup
Pre-season friendly / invitational tournaments,Addis Ababa City Cup
Pre-season friendly / invitational tournaments,Ethiopian Super Cup
Pre-season friendly / invitational tournaments,Gabon Championnat National D1
Pre-season friendly / invitational tournaments,Gabon Championnat National D2
Pre-season friendly / invitational tournaments,Coupe du Gabon Interclubs
Pre-season friendly / invitational tournaments,Supercoupe du Gabon
Pre-season friendly / invitational tournaments,GFA League First Division
Pre-season friendly / invitational tournaments,GFA League Second Division
Pre-season friendly / invitational tournaments,GFA League Third Division
Pre-season friendly / invitational tournaments,Gambian Cup
Pre-season friendly / invitational tournaments,Gambian Super Cup
Pre-season friendly / invitational tournaments,Ghana Premier League
Pre-season friendly / invitational tournaments,Ghana Football Leagues
Pre-season friendly / invitational tournaments,Ghanaian FA Cup
Pre-season friendly / invitational tournaments,Ghana Super Cup
Pre-season friendly / invitational tournaments,Guinée Championnat National
Pre-season friendly / invitational tournaments,Guinée Coupe Nationale
Pre-season friendly / invitational tournaments,Supercoupe de Guinée
Pre-season friendly / invitational tournaments,Campeonato Nacional da Guiné-Bissau
Pre-season friendly / invitational tournaments,Taça Nacional da Guiné Bissau
Pre-season friendly / invitational tournaments,SuperTaça Nacional da Guiné-Bissau
Pre-season friendly / invitational tournaments,Ligue 1
Pre-season friendly / invitational tournaments,Ligue 2
Pre-season friendly / invitational tournaments,Championnat Division 3
Pre-season friendly / invitational tournaments,Coupe de Côte d'Ivoire de football
Pre-season friendly / invitational tournaments,Coupe Houphouët-Boigny
Pre-season friendly / invitational tournaments,Kenyan Premier League
Pre-season friendly / invitational tournaments,Kenyan National Super League
Pre-season friendly / invitational tournaments,FKF Division One
Pre-season friendly / invitational tournaments,Kenyan Regional Leagues
Pre-season friendly / invitational tournaments,Kenyan County Champions League
Pre-season friendly / invitational tournaments,Kenyan Sub-County Leagues
Pre-season friendly / invitational tournaments,FKF President's Cup
Pre-season friendly / invitational tournaments,Kenyan Super Cup
Pre-season friendly / invitational tournaments,KPL Top 8 Cup
Pre-season friendly / invitational tournaments,Lesotho Premier League
Pre-season friendly / invitational tournaments,Lesotho A Division
Pre-season friendly / invitational tournaments,Lesotho Independence Cup
Pre-season friendly / invitational tournaments,MGC Supa 8
Pre-season friendly / invitational tournaments,Liberian First Division
Pre-season friendly / invitational tournaments,Liberian Second Division League
Pre-season friendly / invitational tournaments,LFA Sub-Committee League
Pre-season friendly / invitational tournaments,Liberian Cup
Pre-season friendly / invitational tournaments,Liberian National County Meet
Pre-season friendly / invitational tournaments,Liberian Super Cup
Pre-season friendly / invitational tournaments,Libyan Premier League
Pre-season friendly / invitational tournaments,Libyan Second Division
Pre-season friendly / invitational tournaments,Libyan Third Division
Pre-season friendly / invitational tournaments,Libyan Fourth Division
Pre-season friendly / invitational tournaments,Libyan Cup
Pre-season friendly / invitational tournaments,Libyan League Cup
Pre-season friendly / invitational tournaments,Libyan Super Cup
Pre-season friendly / invitational tournaments,Malagasy Pro League
Pre-season friendly / invitational tournaments,Coupe de Madagascar
Pre-season friendly / invitational tournaments,Super Coupe de Madagascar
Pre-season friendly / invitational tournaments,Malawi Premier Division
Pre-season friendly / invitational tournaments,SRF League
Pre-season friendly / invitational tournaments,FMB Under 20 Youth League
Pre-season friendly / invitational tournaments,Malawi Carlsberg Cup
Pre-season friendly / invitational tournaments,FISD Challenge Cup
Pre-season friendly / invitational tournaments,Malawi Presidential Cup
Pre-season friendly / invitational tournaments,Malawi Charity Shield
Pre-season friendly / invitational tournaments,Malian Première Division
Pre-season friendly / invitational tournaments,Malian Division 1
Pre-season friendly / invitational tournaments,Malian Cup
Pre-season friendly / invitational tournaments,Super Coupe National du Mali
Pre-season friendly / invitational tournaments,Ligue 1 Mauritania
Pre-season friendly / invitational tournaments,Ligue 2 Mauritania
Pre-season friendly / invitational tournaments,Coupe du Président de la République
Pre-season friendly / invitational tournaments,Mauritanian Super Cup
Pre-season friendly / invitational tournaments,Mauritian League
Pre-season friendly / invitational tournaments,Mauritian First Division
Pre-season friendly / invitational tournaments,Mauritian Cup
Pre-season friendly / invitational tournaments,Mauritian Republic Cup
Pre-season friendly / invitational tournaments,Millenium Cup
Pre-season friendly / invitational tournaments,Ram Ruhee Memorial Cup
Pre-season friendly / invitational tournaments,MFA Super Cup
Pre-season friendly / invitational tournaments,Botola Pro
Pre-season friendly / invitational tournaments,Botola Pro 2
Pre-season friendly / invitational tournaments,Amateur National Championship
Pre-season friendly / invitational tournaments,Moroccan Throne Cup
Pre-season friendly / invitational tournaments,Moroccan Super Cup
Pre-season friendly / invitational tournaments,Botola
Pre-season friendly / invitational tournaments,Moroccan Throne Cup
Pre-season friendly / invitational tournaments,Moçambola
Pre-season friendly / invitational tournaments,Taça de Moçambique
Pre-season friendly / invitational tournaments,Supertaça de Moçambique
Pre-season friendly / invitational tournaments,Namibia Premier League
Pre-season friendly / invitational tournaments,Namibia First Division
Pre-season friendly / invitational tournaments,Namibia Women's Super League
Pre-season friendly / invitational tournaments,Namibia FA Cup
Pre-season friendly / invitational tournaments,Namibian Newspaper Cup
Pre-season friendly / invitational tournaments,Namibia Super Cup
Pre-season friendly / invitational tournaments,Niger Premier League
Pre-season friendly / invitational tournaments,Niger Cup
Pre-season friendly / invitational tournaments,Niger Super Cup
Pre-season friendly / invitational tournaments,Nigeria Premier Football League
Pre-season friendly / invitational tournaments,Nigeria National League
Pre-season friendly / invitational tournaments,Nigeria Nationwide League One
Pre-season friendly / invitational tournaments,Nigeria Nationwide League Division Two
Pre-season friendly / invitational tournaments,Nigeria Nationwide League Division Three
Pre-season friendly / invitational tournaments,Non-League
Pre-season friendly / invitational tournaments,Nigerian FA Cup
Pre-season friendly / invitational tournaments,Nigerian Super Cup
Pre-season friendly / invitational tournaments,Super 4 (Nigeria)
Pre-season friendly / invitational tournaments,Réunion Premier League
Pre-season friendly / invitational tournaments,Coupe de la Réunion
Pre-season friendly / invitational tournaments,Coupe de France
Pre-season friendly / invitational tournaments,Rwanda Premier League
Pre-season friendly / invitational tournaments,Rwandan Second Division
Pre-season friendly / invitational tournaments,Rwandan Third Division
Pre-season friendly / invitational tournaments,Rwanda Women's Football League
Pre-season friendly / invitational tournaments,Rwandan Cup
Pre-season friendly / invitational tournaments,Rwandan Super Cup
Pre-season friendly / invitational tournaments,São Tomé and Príncipe Championship
Pre-season friendly / invitational tournaments,São Tomé Island League
Pre-season friendly / invitational tournaments,Príncipe Island League
Pre-season friendly / invitational tournaments,Taça Nacional de São Tomé e Principe
Pre-season friendly / invitational tournaments,São Tomé Island Cup
Pre-season friendly / invitational tournaments,Príncipe Island Cup
Pre-season friendly / invitational tournaments,São Tomé and Príncipe Super Cup
Pre-season friendly / invitational tournaments,Senegal Premier League
Pre-season friendly / invitational tournaments,Senegal Ligue 1
Pre-season friendly / invitational tournaments,Senegal Ligue 2
Pre-season friendly / invitational tournaments,Senegal Nationale 1
Pre-season friendly / invitational tournaments,Senegal Nationale 2
Pre-season friendly / invitational tournaments,Senegal FA Cup
Pre-season friendly / invitational tournaments,Senegalese Super Cup
Pre-season friendly / invitational tournaments,Senegalese League Cup
Pre-season friendly / invitational tournaments,Seychelles First Division
Pre-season friendly / invitational tournaments,Seychelles Division Two
Pre-season friendly / invitational tournaments,Seychelles Division Three
Pre-season friendly / invitational tournaments,Airtel Cup
Pre-season friendly / invitational tournaments,Seychelles FA Cup
Pre-season friendly / invitational tournaments,Sierra Leone National Premier League
Pre-season friendly / invitational tournaments,Sierra Leone FA Division One
Pre-season friendly / invitational tournaments,Sierra Leone FA Division Two
Pre-season friendly / invitational tournaments,Sierra Leonean FA Cup
Pre-season friendly / invitational tournaments,Sierra Leonean Charity Shield
Pre-season friendly / invitational tournaments,Somali First Division
Pre-season friendly / invitational tournaments,Somali Second Division
Pre-season friendly / invitational tournaments,Somali Third Division
Pre-season friendly / invitational tournaments,Somalia Fourth League
Pre-season friendly / invitational tournaments,Somalia Cup
Pre-season friendly / invitational tournaments,Somalia Super Cup
Pre-season friendly / invitational tournaments,Premier Soccer League
Pre-season friendly / invitational tournaments,South African Premiership
Pre-season friendly / invitational tournaments,South African Championship
Pre-season friendly / invitational tournaments,SAFA Second Division
Pre-season friendly / invitational tournaments,SAFA Regional League
Pre-season friendly / invitational tournaments,LFA Super League
Pre-season friendly / invitational tournaments,PSL Reserve League
Pre-season friendly / invitational tournaments,Knockout Cup
Pre-season friendly / invitational tournaments,Nedbank Cup
Pre-season friendly / invitational tournaments,MTN 8
Pre-season friendly / invitational tournaments,South Sudan Football Championship
Pre-season friendly / invitational tournaments,South Sudan Premier League
Pre-season friendly / invitational tournaments,South Sudan National Cup
Pre-season friendly / invitational tournaments,Sudan Premier League
Pre-season friendly / invitational tournaments,Khartoum League
Pre-season friendly / invitational tournaments,Sudan Cup
Pre-season friendly / invitational tournaments,Sudan Super Cup
Pre-season friendly / invitational tournaments,Tanzanian Premier League
Pre-season friendly / invitational tournaments,Tanzanian First Division League
Pre-season friendly / invitational tournaments,Tanzanian Second Division League
Pre-season friendly / invitational tournaments,Tanzania FA Cup
Pre-season friendly / invitational tournaments,Tanzania Community Shield
Pre-season friendly / invitational tournaments,Championnat National de Premiere Division
Pre-season friendly / invitational tournaments,Coupe du Togo
Pre-season friendly / invitational tournaments,Supercoupe du Togo
Pre-season friendly / invitational tournaments,Tunisian Ligue Professionnelle 1
Pre-season friendly / invitational tournaments,Tunisian Ligue Professionnelle 2
Pre-season friendly / invitational tournaments,Tunisian Ligue 3
Pre-season friendly / invitational tournaments,Tunisian Ligue Amateur 4
Pre-season friendly / invitational tournaments,Tunisian Ligue Amateur 5
Pre-season friendly / invitational tournaments,Tunisian Cup
Pre-season friendly / invitational tournaments,Tunisian Super Cup
Pre-season friendly / invitational tournaments,Uganda Premier League
Pre-season friendly / invitational tournaments,FUFA Big League
Pre-season friendly / invitational tournaments,FUFA Women Super League
Pre-season friendly / invitational tournaments,FUFA Women Elite League
Pre-season friendly / invitational tournaments,Ugandan Cup
Pre-season friendly / invitational tournaments,Uganda Super 8 Cup
Pre-season friendly / invitational tournaments,Zambia Super League
Pre-season friendly / invitational tournaments,Zambia National Division One
Pre-season friendly / invitational tournaments,Zambian Cup
Pre-season friendly / invitational tournaments,Zambian Independence Cup
Pre-season friendly / invitational tournaments,Northern Rhodesia Castle Cup
Pre-season friendly / invitational tournaments,ABSA Cup
Pre-season friendly / invitational tournaments,Zambian Challenge Cup
Pre-season friendly / invitational tournaments,Zambian Coca-Cola Cup
Pre-season friendly / invitational tournaments,Zambian Charity Shield
Pre-season friendly / invitational tournaments,Zanzibar Premier League
Pre-season friendly / invitational tournaments,Zanzibar Cup
Pre-season friendly / invitational tournaments,Zanzibari Charity Shield
Pre-season friendly / invitational tournaments,Zimbabwe Premier Soccer League
Pre-season friendly / invitational tournaments,Zimbabwe Division 1
Pre-season friendly / invitational tournaments,Zimbabwe Third Division
Pre-season friendly / invitational tournaments,Zimbabwean Independence Trophy
Pre-season friendly / invitational tournaments,Cup of Zimbabwe
Pre-season friendly / invitational tournaments,BancABC Super8 Cup
Pre-season friendly / invitational tournaments,NetOne Charity Shield
Pre-season friendly / invitational tournaments,Bob 91 Super Cup
Pre-season friendly / invitational tournaments,Uhuru Cup
Pre-season friendly / invitational tournaments,Zimbabwe National Army Charity Shield
Pre-season friendly / invitational tournaments,CONCACAF
Pre-season friendly / invitational tournaments,CONCACAF Gold Cup
Pre-season friendly / invitational tournaments,CONCACAF Nations League
Pre-season friendly / invitational tournaments,CONCACAF Men's Olympic Qualifying
Pre-season friendly / invitational tournaments,CONCACAF Under-20 Championship
Pre-season friendly / invitational tournaments,Pan American Games
Pre-season friendly / invitational tournaments,CONCACAF Under-17 Championship
Pre-season friendly / invitational tournaments,CONCACAF Boys' Under-15 Championship
Pre-season friendly / invitational tournaments,CONCACAF W Championship
Pre-season friendly / invitational tournaments,CONCACAF W Gold Cup
Pre-season friendly / invitational tournaments,CONCACAF Women's Olympic Qualifying
Pre-season friendly / invitational tournaments,CONCACAF Women's Under-20 Championship
Pre-season friendly / invitational tournaments,CONCACAF Women's Under-17 Championship
Pre-season friendly / invitational tournaments,CONCACAF Girls' Under-15 Championship
Pre-season friendly / invitational tournaments,CONCACAF Championship
Pre-season friendly / invitational tournaments,CONCACAF Cup
Pre-season friendly / invitational tournaments,ABCS Tournament
Pre-season friendly / invitational tournaments,CFU
Pre-season friendly / invitational tournaments,North American Nations Cup
Pre-season friendly / invitational tournaments,Copa Centroamericana
Pre-season friendly / invitational tournaments,Caribbean Cup
Pre-season friendly / invitational tournaments,CONCACAF Champions Cup
Pre-season friendly / invitational tournaments,CONCACAF Under-13 Champions League
Pre-season friendly / invitational tournaments,CONCACAF League
Pre-season friendly / invitational tournaments,CONCACAF Cup Winners Cup
Pre-season friendly / invitational tournaments,CONCACAF Giants Cup
Pre-season friendly / invitational tournaments,SuperLiga
Pre-season friendly / invitational tournaments,Copa Interamericana
Pre-season friendly / invitational tournaments,UNCAF Interclub Cup
Pre-season friendly / invitational tournaments,Leagues Cup
Pre-season friendly / invitational tournaments,Campeones Cup
Pre-season friendly / invitational tournaments,CONCACAF Central American Cup
Pre-season friendly / invitational tournaments,UNCAF
Pre-season friendly / invitational tournaments,CONCACAF Caribbean Cup
Pre-season friendly / invitational tournaments,CFU
Pre-season friendly / invitational tournaments,CFU Club Shield
Pre-season friendly / invitational tournaments,UNCAF Interclub Cup
Pre-season friendly / invitational tournaments,UNCAF
Pre-season friendly / invitational tournaments,CONCACAF Caribbean Club Championship
Pre-season friendly / invitational tournaments,CFU
Pre-season friendly / invitational tournaments,AFA Senior Male League
Pre-season friendly / invitational tournaments,AFA Senior Female League
Pre-season friendly / invitational tournaments,AFA Knockout Cup
Pre-season friendly / invitational tournaments,Antigua and Barbuda Premier Division
Pre-season friendly / invitational tournaments,Antigua and Barbuda First Division
Pre-season friendly / invitational tournaments,Antigua and Barbuda FA Cup
Pre-season friendly / invitational tournaments,Aruban Division di Honor
Pre-season friendly / invitational tournaments,Aruban Division Uno
Pre-season friendly / invitational tournaments,Aruban Division Dos
Pre-season friendly / invitational tournaments,Aruban Liga Hubenil
Pre-season friendly / invitational tournaments,Torneo Copa Betico Croes
Pre-season friendly / invitational tournaments,BFA Senior League
Pre-season friendly / invitational tournaments,Grand Bahama Football League
Pre-season friendly / invitational tournaments,New Providence Football League
Pre-season friendly / invitational tournaments,Bahamas President's Cup
Pre-season friendly / invitational tournaments,Grand Bahama FA Cup
Pre-season friendly / invitational tournaments,New Providence FA Cup
Pre-season friendly / invitational tournaments,Barbados Premier League
Pre-season friendly / invitational tournaments,Barbados Division One
Pre-season friendly / invitational tournaments,Barbados Division Two
Pre-season friendly / invitational tournaments,Barbados FA Cup
Pre-season friendly / invitational tournaments,Premier League of Belize
Pre-season friendly / invitational tournaments,Belize Premier Football League
Pre-season friendly / invitational tournaments,Super League of Belize
Pre-season friendly / invitational tournaments,Bermudian Premier Division
Pre-season friendly / invitational tournaments,Bermuda First Division
Pre-season friendly / invitational tournaments,Bermuda FA Cup
Pre-season friendly / invitational tournaments,Bonaire League
Pre-season friendly / invitational tournaments,Kopa MCB
Pre-season friendly / invitational tournaments,BVIFA National Football League
Pre-season friendly / invitational tournaments,Tortola League
Pre-season friendly / invitational tournaments,Virgin Gorda League
Pre-season friendly / invitational tournaments,Terry Evans Knockout Cup
Pre-season friendly / invitational tournaments,Wendol Williams Cup
Pre-season friendly / invitational tournaments,Canadian Premier League
Pre-season friendly / invitational tournaments,Canadian Premier League Finals
Pre-season friendly / invitational tournaments,CPL champion
Pre-season friendly / invitational tournaments,CONCACAF Champions League
Pre-season friendly / invitational tournaments,Major League Soccer
Pre-season friendly / invitational tournaments,Vancouver Whitecaps
Pre-season friendly / invitational tournaments,Toronto FC
Pre-season friendly / invitational tournaments,CF Montréal
Pre-season friendly / invitational tournaments,League1 Ontario
Pre-season friendly / invitational tournaments,Canadian Championship
Pre-season friendly / invitational tournaments,Premiere Ligue de soccer du Quebec
Pre-season friendly / invitational tournaments,League1 British Columbia
Pre-season friendly / invitational tournaments,Canadian Championship
Pre-season friendly / invitational tournaments,CONCACAF Champions League
Pre-season friendly / invitational tournaments,Challenge Trophy
Pre-season friendly / invitational tournaments,Cayman Islands Premier League
Pre-season friendly / invitational tournaments,Cayman Islands First Division
Pre-season friendly / invitational tournaments,Cayman Islands FA Cup
Pre-season friendly / invitational tournaments,Cayman Islands Digicel Cup
Pre-season friendly / invitational tournaments,Liga FPD
Pre-season friendly / invitational tournaments,Liga de Ascenso
Pre-season friendly / invitational tournaments,Linafa
Pre-season friendly / invitational tournaments,Costa Rican women's football championship
Pre-season friendly / invitational tournaments,Costa Rican Cup
Pre-season friendly / invitational tournaments,Supercopa de Costa Rica
Pre-season friendly / invitational tournaments,Campeonato Nacional de Fútbol de Cuba
Pre-season friendly / invitational tournaments,Torneo de Ascenso
Pre-season friendly / invitational tournaments,Curaçao Promé Divishon
Pre-season friendly / invitational tournaments,Sekshon Amatùr
Pre-season friendly / invitational tournaments,Dominica Premiere League
Pre-season friendly / invitational tournaments,Dominica First Division
Pre-season friendly / invitational tournaments,CFU Club Championship
Pre-season friendly / invitational tournaments,Liga Dominicana de Fútbol
Pre-season friendly / invitational tournaments,Primera División de Republica Dominicana
Pre-season friendly / invitational tournaments,Copa Dominicana de Fútbol
Pre-season friendly / invitational tournaments,Salvadoran Primera División
Pre-season friendly / invitational tournaments,Segunda División de Fútbol Salvadoreño
Pre-season friendly / invitational tournaments,Tercera Division de Fútbol Salvadoreño
Pre-season friendly / invitational tournaments,Salvadoran women's football championship
Pre-season friendly / invitational tournaments,Copa Presidente
Pre-season friendly / invitational tournaments,French Guiana Honor Division
Pre-season friendly / invitational tournaments,French Guiana Promotion of Honor
Pre-season friendly / invitational tournaments,Coupe de Guyane
Pre-season friendly / invitational tournaments,Liga Guate
Pre-season friendly / invitational tournaments,Primera División de Ascenso
Pre-season friendly / invitational tournaments,Segunda División de Ascenso
Pre-season friendly / invitational tournaments,Tercera División de Guatemala
Pre-season friendly / invitational tournaments,Copa de Guatemala
Pre-season friendly / invitational tournaments,Liga Guate
Pre-season friendly / invitational tournaments,Primera División de Ascenso
Pre-season friendly / invitational tournaments,National Women's Football League of Guatemala
Pre-season friendly / invitational tournaments,GFA Premier Division
Pre-season friendly / invitational tournaments,GFA First Division
Pre-season friendly / invitational tournaments,GFA Second Division
Pre-season friendly / invitational tournaments,GFA Super Knockout Cup
Pre-season friendly / invitational tournaments,Guadeloupe Division of Honor
Pre-season friendly / invitational tournaments,Guadalupe Honorary Promotion Championship
Pre-season friendly / invitational tournaments,Coupe de Guadeloupe
Pre-season friendly / invitational tournaments,Coupe de France
Pre-season friendly / invitational tournaments,GFF National Super League
Pre-season friendly / invitational tournaments,Guyana Mayors Cup
Pre-season friendly / invitational tournaments,GFF Super 8 Cup
Pre-season friendly / invitational tournaments,Georgetown Regional Cup
Pre-season friendly / invitational tournaments,Ligue Haitienne
Pre-season friendly / invitational tournaments,Coupe d'Haïti
Pre-season friendly / invitational tournaments,Liga Nacional de Fútbol Profesional de Honduras
Pre-season friendly / invitational tournaments,Liga Nacional de Ascenso de Honduras
Pre-season friendly / invitational tournaments,Liga Mayor de Futbol de Honduras
Pre-season friendly / invitational tournaments,Honduran Cup
Pre-season friendly / invitational tournaments,Honduran Supercup
Pre-season friendly / invitational tournaments,Jamaica National Premier League
Pre-season friendly / invitational tournaments,KSAFA Super League
Pre-season friendly / invitational tournaments,South Central Confederation Super League
Pre-season friendly / invitational tournaments,Eastern Confederation Super League
Pre-season friendly / invitational tournaments,Western Confederation Super League
Pre-season friendly / invitational tournaments,JFF Champions Cup
Pre-season friendly / invitational tournaments,Martinique Championnat National
Pre-season friendly / invitational tournaments,Martinique Promotion d'Honneur
Pre-season friendly / invitational tournaments,Coupe de la Martinique
Pre-season friendly / invitational tournaments,Coupe de France
Pre-season friendly / invitational tournaments,Liga MX
Pre-season friendly / invitational tournaments,Liga de Expansión MX
Pre-season friendly / invitational tournaments,Liga MX
Pre-season friendly / invitational tournaments,Liga Premier de México
Pre-season friendly / invitational tournaments,Serie A de México
Pre-season friendly / invitational tournaments,Liga de Expansión MX
Pre-season friendly / invitational tournaments,Serie B de México
Pre-season friendly / invitational tournaments,Serie A de México
Pre-season friendly / invitational tournaments,Liga TDP
Pre-season friendly / invitational tournaments,Ascenso MX
Pre-season friendly / invitational tournaments,Copa MX
Pre-season friendly / invitational tournaments,Liga MX
Pre-season friendly / invitational tournaments,Liga de Expansión MX
Pre-season friendly / invitational tournaments,Campeón de Campeones
Pre-season friendly / invitational tournaments,Liga MX
Pre-season friendly / invitational tournaments,Supercopa MX
Pre-season friendly / invitational tournaments,Copa MX
Pre-season friendly / invitational tournaments,Liga MX Femenil
Pre-season friendly / invitational tournaments,Super Liga Femenil de Fútbol
Pre-season friendly / invitational tournaments,Montserrat Championship
Pre-season friendly / invitational tournaments,Nicaraguan Primera División
Pre-season friendly / invitational tournaments,Segunda División de Nicaragua
Pre-season friendly / invitational tournaments,Tercera Division de Nicaragua
Pre-season friendly / invitational tournaments,Nicaraguan women's football championship
Pre-season friendly / invitational tournaments,Copa de Nicaragua
Pre-season friendly / invitational tournaments,Liga Panameña de Fútbol
Pre-season friendly / invitational tournaments,Liga Nacional de Ascenso
Pre-season friendly / invitational tournaments,Copa Rommel Fernández
Pre-season friendly / invitational tournaments,Copa Panamá
Pre-season friendly / invitational tournaments,Liga Puerto Rico
Pre-season friendly / invitational tournaments,Puerto Rico Soccer League
Pre-season friendly / invitational tournaments,Liga Mayor de Fútbol Nacional
Pre-season friendly / invitational tournaments,Campeonato Nacional de Fútbol de Puerto Rico
Pre-season friendly / invitational tournaments,Liga Nacional de Fútbol de Puerto Rico
Pre-season friendly / invitational tournaments,Torneo de Copa de Puerto Rico
Pre-season friendly / invitational tournaments,Copa Luis Villarejo
Pre-season friendly / invitational tournaments,Puerto Rico Soccer League Regular Season Cup
Pre-season friendly / invitational tournaments,Puerto Rico Soccer League PlayOff Cup
Pre-season friendly / invitational tournaments,Puerto Rico Cup of Excellence
Pre-season friendly / invitational tournaments,SKNFA Super League
Pre-season friendly / invitational tournaments,SKNFA Division 1
Pre-season friendly / invitational tournaments,Saint Kitts and Nevis National Cup
Pre-season friendly / invitational tournaments,SLFA First Division
Pre-season friendly / invitational tournaments,SLFA Second Division
Pre-season friendly / invitational tournaments,Saint Lucia FA Cup
Pre-season friendly / invitational tournaments,SLFA President's Cup
Pre-season friendly / invitational tournaments,Saint-Martin Senior League
Pre-season friendly / invitational tournaments,Coupe des Îles du Nord
Pre-season friendly / invitational tournaments,Coupe de Saint-Martin
Pre-season friendly / invitational tournaments,Saint Vincent and the Grenadines Football Federation
Pre-season friendly / invitational tournaments,Sint Maarten Senior League
Pre-season friendly / invitational tournaments,Suriname Major League
Pre-season friendly / invitational tournaments,SVB Tweede Divisie
Pre-season friendly / invitational tournaments,SVB Derde Divisie
Pre-season friendly / invitational tournaments,Beker van Suriname
Pre-season friendly / invitational tournaments,Suriname President's Cup
Pre-season friendly / invitational tournaments,Provo Premier League
Pre-season friendly / invitational tournaments,Turks and Caicos FA Cup
Pre-season friendly / invitational tournaments,TT Premier Football League
Pre-season friendly / invitational tournaments,TT Super League
Pre-season friendly / invitational tournaments,Tobago Premier Division
Pre-season friendly / invitational tournaments,Trinidad and Tobago FA Trophy
Pre-season friendly / invitational tournaments,Trinidad and Tobago Charity Shield
Pre-season friendly / invitational tournaments,Trinidad and Tobago League Cup
Pre-season friendly / invitational tournaments,Trinidad and Tobago Classic
Pre-season friendly / invitational tournaments,Trinidad and Tobago Goal Shield
Pre-season friendly / invitational tournaments,Trinidad and Tobago Pro Bowl
Pre-season friendly / invitational tournaments,Trinidad and Tobago Super League Cup
Pre-season friendly / invitational tournaments,U.S. Virgin Islands Championship
Pre-season friendly / invitational tournaments,St Croix Soccer League
Pre-season friendly / invitational tournaments,St Thomas League
Pre-season friendly / invitational tournaments,Major League Soccer
Pre-season friendly / invitational tournaments,MLS Cup Playoffs
Pre-season friendly / invitational tournaments,MLS Cup
Pre-season friendly / invitational tournaments,Canada
Pre-season friendly / invitational tournaments,USL Championship
Pre-season friendly / invitational tournaments,United Soccer League
Pre-season friendly / invitational tournaments,USL Championship Final
Pre-season friendly / invitational tournaments,MLS Next Pro
Pre-season friendly / invitational tournaments,National Independent Soccer Association
Pre-season friendly / invitational tournaments,USL League One
Pre-season friendly / invitational tournaments,United Soccer League
Pre-season friendly / invitational tournaments,National Premier Soccer League
Pre-season friendly / invitational tournaments,NISA Nation
Pre-season friendly / invitational tournaments,USL League Two
Pre-season friendly / invitational tournaments,United Soccer League
Pre-season friendly / invitational tournaments,Canada
Pre-season friendly / invitational tournaments,United Premier Soccer League
Pre-season friendly / invitational tournaments,USASA
Pre-season friendly / invitational tournaments,Regional Elite Amateur and State Premier Leagues
Pre-season friendly / invitational tournaments,State Leagues
Pre-season friendly / invitational tournaments,United Premier Soccer League
Pre-season friendly / invitational tournaments,U.S. Open Cup
Pre-season friendly / invitational tournaments,MLS All-Star Game
Pre-season friendly / invitational tournaments,George F. Donnelly Cup
Pre-season friendly / invitational tournaments,Hank Steinbrecher Cup
Pre-season friendly / invitational tournaments,National Amateur Cup
Pre-season friendly / invitational tournaments,MLS Next
Pre-season friendly / invitational tournaments,United States Club Soccer
Pre-season friendly / invitational tournaments,Super-20 League
Pre-season friendly / invitational tournaments,United Soccer League
Pre-season friendly / invitational tournaments,Super Y-League
Pre-season friendly / invitational tournaments,United Soccer League
Pre-season friendly / invitational tournaments,National Women's Soccer League
Pre-season friendly / invitational tournaments,United Women's Soccer
Pre-season friendly / invitational tournaments,one team
Pre-season friendly / invitational tournaments,Canada
Pre-season friendly / invitational tournaments,Women's Premier Soccer League
Pre-season friendly / invitational tournaments,Canada
Pre-season friendly / invitational tournaments,Puerto Rico
Pre-season friendly / invitational tournaments,United States Adult Soccer Association
Pre-season friendly / invitational tournaments,NWSL Challenge Cup
Pre-season friendly / invitational tournaments,USASA National Women's Cup
Pre-season friendly / invitational tournaments,USASA National Women's Amateur
Pre-season friendly / invitational tournaments,US Soccer National Amateur Championships
Pre-season friendly / invitational tournaments,United Soccer Association
Pre-season friendly / invitational tournaments,National Professional Soccer League
Pre-season friendly / invitational tournaments,North American Soccer League (former)
Pre-season friendly / invitational tournaments,American Soccer League (1933–83)
Pre-season friendly / invitational tournaments,United Soccer League (former)
Pre-season friendly / invitational tournaments,Western Soccer Alliance
Pre-season friendly / invitational tournaments,American Soccer League (1988–89)
Pre-season friendly / invitational tournaments,American Professional Soccer League
Pre-season friendly / invitational tournaments,A-League
Pre-season friendly / invitational tournaments,United Soccer Leagues
Pre-season friendly / invitational tournaments,USL First Division
Pre-season friendly / invitational tournaments,United Soccer Leagues
Pre-season friendly / invitational tournaments,USSF Division 2 Professional League
Pre-season friendly / invitational tournaments,USL Second Division
Pre-season friendly / invitational tournaments,United Soccer Leagues
Pre-season friendly / invitational tournaments,Women's United Soccer Association
Pre-season friendly / invitational tournaments,Women's Professional Soccer
Pre-season friendly / invitational tournaments,Women's Premier Soccer League Elite
Pre-season friendly / invitational tournaments,USL W-League
Pre-season friendly / invitational tournaments,United Soccer Leagues
Pre-season friendly / invitational tournaments,Major Arena Soccer League
Pre-season friendly / invitational tournaments,Canada
Pre-season friendly / invitational tournaments,Mexico
Pre-season friendly / invitational tournaments,Major Arena Soccer League 2
Pre-season friendly / invitational tournaments,Premier Arena Soccer League
Pre-season friendly / invitational tournaments,Mexico
Pre-season friendly / invitational tournaments,United States Open Cup for Arena Soccer
Pre-season friendly / invitational tournaments,North American Soccer League (1968–1984)
Pre-season friendly / invitational tournaments,Major Indoor Soccer League (1978–92)
Pre-season friendly / invitational tournaments,Continental Indoor Soccer League
Pre-season friendly / invitational tournaments,National Professional Soccer League (1984–2001)
Pre-season friendly / invitational tournaments,Major Indoor Soccer League (2001–08)
Pre-season friendly / invitational tournaments,Major Indoor Soccer League (2008–14)
Pre-season friendly / invitational tournaments,American Indoor Soccer League
Pre-season friendly / invitational tournaments,Xtreme Soccer League
Pre-season friendly / invitational tournaments,CONMEBOL
Pre-season friendly / invitational tournaments,CONMEBOL
Pre-season friendly / invitational tournaments,CONMEBOL Copa América
Pre-season friendly / invitational tournaments,CONMEBOL Preolímpico
Pre-season friendly / invitational tournaments,CONMEBOL Sudamericano Sub20
Pre-season friendly / invitational tournaments,CONMEBOL Sudamericano Sub17
Pre-season friendly / invitational tournaments,CONMEBOL Sudamericano Sub15
Pre-season friendly / invitational tournaments,CONMEBOL Copa América Femenina
Pre-season friendly / invitational tournaments,CONMEBOL Sudamericano Sub20 Femenino
Pre-season friendly / invitational tournaments,CONMEBOL Sudamericano Sub17 Femenino
Pre-season friendly / invitational tournaments,Pan American Games
Pre-season friendly / invitational tournaments,Copa del Pacífico
Pre-season friendly / invitational tournaments,Panamerican Championship
Pre-season friendly / invitational tournaments,Superclásico de las Américas
Pre-season friendly / invitational tournaments,CONMEBOL Libertadores
Pre-season friendly / invitational tournaments,CONMEBOL Sudamericana
Pre-season friendly / invitational tournaments,CONMEBOL Recopa
Pre-season friendly / invitational tournaments,CONMEBOL Libertadores Femenina
Pre-season friendly / invitational tournaments,Supercopa Libertadores
Pre-season friendly / invitational tournaments,Copa Conmebol
Pre-season friendly / invitational tournaments,Copa Mercosur
Pre-season friendly / invitational tournaments,Copa Merconorte
Pre-season friendly / invitational tournaments,Copa Simón Bolívar
Pre-season friendly / invitational tournaments,Copa Ganadores de Copa
Pre-season friendly / invitational tournaments,Copa Interamericana
Pre-season friendly / invitational tournaments,Copa de Oro
Pre-season friendly / invitational tournaments,Copa Master de CONMEBOL
Pre-season friendly / invitational tournaments,Copa Master de Supercopa
Pre-season friendly / invitational tournaments,Copa Iberoamericana
Pre-season friendly / invitational tournaments,Intercontinental Champions' Supercup
Pre-season friendly / invitational tournaments,South American Championship of Champions
Pre-season friendly / invitational tournaments,J.League Cup / Copa Sudamericana Championship
Pre-season friendly / invitational tournaments,Intercontinental Cup
Pre-season friendly / invitational tournaments,Liga Profesional de Fútbol
Pre-season friendly / invitational tournaments,Primera Nacional
Pre-season friendly / invitational tournaments,Copa Argentina
Pre-season friendly / invitational tournaments,Trofeo de Campeones de la Liga Profesional
Pre-season friendly / invitational tournaments,Supercopa Argentina
Pre-season friendly / invitational tournaments,Supercopa Internacional
Pre-season friendly / invitational tournaments,Campeonato de Fútbol Femenino de Primera División A
Pre-season friendly / invitational tournaments,Campeonato de Fútbol Femenino de Primera División B
Pre-season friendly / invitational tournaments,Campeonato de Fútbol Femenino de Primera División C
Pre-season friendly / invitational tournaments,es
Pre-season friendly / invitational tournaments,Primera B
Pre-season friendly / invitational tournaments,Primera C
Pre-season friendly / invitational tournaments,Torneo Promocional Amateur
Pre-season friendly / invitational tournaments,Torneo Federal A
Pre-season friendly / invitational tournaments,Torneo Regional Federal
Pre-season friendly / invitational tournaments,Torneo Federal A
Pre-season friendly / invitational tournaments,Regional Leagues
Pre-season friendly / invitational tournaments,División de Fútbol Profesional
Pre-season friendly / invitational tournaments,Copa Simón Bolívar
Pre-season friendly / invitational tournaments,Bolivian Football Regional Leagues
Pre-season friendly / invitational tournaments,Liga Nacional B
Pre-season friendly / invitational tournaments,Copa Bolivia
Pre-season friendly / invitational tournaments,Campeonato Brasileiro Série A
Pre-season friendly / invitational tournaments,Campeonato Brasileiro Série B
Pre-season friendly / invitational tournaments,Campeonato Brasileiro Série C
Pre-season friendly / invitational tournaments,Campeonato Brasileiro Série D
Pre-season friendly / invitational tournaments,Copa do Brasil
Pre-season friendly / invitational tournaments,Copa Verde
Pre-season friendly / invitational tournaments,Copa do Nordeste
Pre-season friendly / invitational tournaments,Supercopa do Brasil
Pre-season friendly / invitational tournaments,Copa Verde
Pre-season friendly / invitational tournaments,Copa do Nordeste
Pre-season friendly / invitational tournaments,Copa Paulista
Pre-season friendly / invitational tournaments,Copa Centro-Oeste
Pre-season friendly / invitational tournaments,Copa Norte
Pre-season friendly / invitational tournaments,Campeonato Brasileiro Sub-23
Pre-season friendly / invitational tournaments,Campeonato Brasileiro Sub-20
Pre-season friendly / invitational tournaments,Copa do Brasil Sub-20
Pre-season friendly / invitational tournaments,Supercopa do Brasil Sub-20
Pre-season friendly / invitational tournaments,Campeonato Brasileiro Sub-17
Pre-season friendly / invitational tournaments,Copa do Brasil Sub-17
Pre-season friendly / invitational tournaments,Supercopa do Brasil Sub-17
Pre-season friendly / invitational tournaments,Campeonato Brasileiro de Futebol Feminino Série A1
Pre-season friendly / invitational tournaments,Campeonato Brasileiro de Futebol Feminino Série A2
Pre-season friendly / invitational tournaments,Campeonato Brasileiro de Futebol Feminino Série A3
Pre-season friendly / invitational tournaments,Copa do Brasil de Futebol Feminino
Pre-season friendly / invitational tournaments,Copa Sul-Minas
Pre-season friendly / invitational tournaments,Torneio Rio-São Paulo
Pre-season friendly / invitational tournaments,Primeira Liga
Pre-season friendly / invitational tournaments,Copa dos Campeões
Pre-season friendly / invitational tournaments,Brazilian states football championships
Pre-season friendly / invitational tournaments,Campeonato Acreano
Pre-season friendly / invitational tournaments,Campeonato Amazonense
Pre-season friendly / invitational tournaments,Campeonato Roraimense
Pre-season friendly / invitational tournaments,Campeonato Paraense
Pre-season friendly / invitational tournaments,Campeonato Rondoniense
Pre-season friendly / invitational tournaments,Campeonato Tocantinense
Pre-season friendly / invitational tournaments,Campeonato Amapaense
Pre-season friendly / invitational tournaments,Campeonato Baiano
Pre-season friendly / invitational tournaments,Campeonato Pernambucano
Pre-season friendly / invitational tournaments,Campeonato Alagoano
Pre-season friendly / invitational tournaments,Campeonato Sergipano
Pre-season friendly / invitational tournaments,Campeonato Potiguar
Pre-season friendly / invitational tournaments,Campeonato Maranhense
Pre-season friendly / invitational tournaments,Campeonato Piauiense
Pre-season friendly / invitational tournaments,Campeonato Cearense
Pre-season friendly / invitational tournaments,Campeonato Paraibano
Pre-season friendly / invitational tournaments,Campeonato Matogrossense
Pre-season friendly / invitational tournaments,Campeonato Sul-Matogrossense
Pre-season friendly / invitational tournaments,Campeonato Goiano
Pre-season friendly / invitational tournaments,Campeonato Brasiliense
Pre-season friendly / invitational tournaments,Campeonato Paulista
Pre-season friendly / invitational tournaments,Campeonato Carioca
Pre-season friendly / invitational tournaments,Campeonato Mineiro
Pre-season friendly / invitational tournaments,Campeonato Capixaba
Pre-season friendly / invitational tournaments,Campeonato Gaúcho
Pre-season friendly / invitational tournaments,Campeonato Catarinense
Pre-season friendly / invitational tournaments,Campeonato Paranaense
Pre-season friendly / invitational tournaments,Primera División
Pre-season friendly / invitational tournaments,Primera División B
Pre-season friendly / invitational tournaments,Segunda División Profesional
Pre-season friendly / invitational tournaments,Tercera División A
Pre-season friendly / invitational tournaments,Tercera División B
Pre-season friendly / invitational tournaments,Copa Chile
Pre-season friendly / invitational tournaments,Supercopa de Chile
Pre-season friendly / invitational tournaments,Primera División Femenina
Pre-season friendly / invitational tournaments,Primera División B Femenina
Pre-season friendly / invitational tournaments,Primera A
Pre-season friendly / invitational tournaments,Primera B
Pre-season friendly / invitational tournaments,Copa Colombia
Pre-season friendly / invitational tournaments,Superliga Colombiana
Pre-season friendly / invitational tournaments,Serie A
Pre-season friendly / invitational tournaments,Serie B
Pre-season friendly / invitational tournaments,Segunda Categoría
Pre-season friendly / invitational tournaments,Copa Ecuador
Pre-season friendly / invitational tournaments,Supercopa Ecuador
Pre-season friendly / invitational tournaments,Primera División
Pre-season friendly / invitational tournaments,Segunda División
Pre-season friendly / invitational tournaments,Tercera División
Pre-season friendly / invitational tournaments,Primera División B Metropolitana
Pre-season friendly / invitational tournaments,Paraguayan Primera División B Nacional
Pre-season friendly / invitational tournaments,Campeonato Nacional de Interligas
Pre-season friendly / invitational tournaments,Cuarta División
Pre-season friendly / invitational tournaments,Primera División C
Pre-season friendly / invitational tournaments,Paraguay's regional leagues
Pre-season friendly / invitational tournaments,Copa Paraguay
Pre-season friendly / invitational tournaments,Supercopa Paraguay
Pre-season friendly / invitational tournaments,Liga 1
Pre-season friendly / invitational tournaments,Liga 2
Pre-season friendly / invitational tournaments,Liga 3
Pre-season friendly / invitational tournaments,Copa Perú
Pre-season friendly / invitational tournaments,Ligas Departamentales del Perú
Pre-season friendly / invitational tournaments,Ligas Provinciales del Peru
Pre-season friendly / invitational tournaments,Ligas Distritales del Peru
Pre-season friendly / invitational tournaments,Copa LFP - FPF
Pre-season friendly / invitational tournaments,Copa Bicentenario
Pre-season friendly / invitational tournaments,Torneo del Inca
Pre-season friendly / invitational tournaments,Supercopa Peruana
Pre-season friendly / invitational tournaments,Copa Federación
Pre-season friendly / invitational tournaments,Copa de Campeones del Perú
Pre-season friendly / invitational tournaments,Primera División
Pre-season friendly / invitational tournaments,Segunda División
Pre-season friendly / invitational tournaments,Primera División Amateur
Pre-season friendly / invitational tournaments,Uruguayan Liga Metropolitana Amateur
Pre-season friendly / invitational tournaments,Supercopa Uruguaya
Pre-season friendly / invitational tournaments,Copa Uruguay
Pre-season friendly / invitational tournaments,Torneo Intermedio(Uruguay)
Pre-season friendly / invitational tournaments,es
Pre-season friendly / invitational tournaments,Primera División
Pre-season friendly / invitational tournaments,Segunda División
Pre-season friendly / invitational tournaments,Tercera Division
Pre-season friendly / invitational tournaments,Copa Venezuela
Pre-season friendly / invitational tournaments,OFC
Pre-season friendly / invitational tournaments,OFC
Pre-season friendly / invitational tournaments,Tahiti
Pre-season friendly / invitational tournaments,OFC Men's Nations Cup
Pre-season friendly / invitational tournaments,Pacific Games
Pre-season friendly / invitational tournaments,OFC Men's Olympic Qualifier
Pre-season friendly / invitational tournaments,OFC U-19 Championship
Pre-season friendly / invitational tournaments,OFC U-16 Championship
Pre-season friendly / invitational tournaments,OFC Women's Nations Cup
Pre-season friendly / invitational tournaments,OFC U-19 Women's Championship
Pre-season friendly / invitational tournaments,OFC U-16 Women's Championship
Pre-season friendly / invitational tournaments,MSG Prime Minister's Cup
Pre-season friendly / invitational tournaments,Wantok Cup
Pre-season friendly / invitational tournaments,Polynesia Cup
Pre-season friendly / invitational tournaments,OFC Men's Champions League
Pre-season friendly / invitational tournaments,OFC Pro League
Pre-season friendly / invitational tournaments,OFC Women's Champions League
Pre-season friendly / invitational tournaments,Oceania Cup Winners' Cup
Pre-season friendly / invitational tournaments,OFC President's Cup
Pre-season friendly / invitational tournaments,Melanesian Super Cup
Pre-season friendly / invitational tournaments,ASFA Soccer League
Pre-season friendly / invitational tournaments,1
Pre-season friendly / invitational tournaments,2
Pre-season friendly / invitational tournaments,FFAS President's Cup
Pre-season friendly / invitational tournaments,Cook Islands Round Cup
Pre-season friendly / invitational tournaments,Cook Islands Cup
Pre-season friendly / invitational tournaments,Fiji Premier League
Pre-season friendly / invitational tournaments,Fiji Senior League
Pre-season friendly / invitational tournaments,Inter-District Championship
Pre-season friendly / invitational tournaments,Club Franchise League
Pre-season friendly / invitational tournaments,FF Cup
Pre-season friendly / invitational tournaments,Fiji Battle of the Giants
Pre-season friendly / invitational tournaments,Fiji Champion versus Champion
Pre-season friendly / invitational tournaments,Girmit Soccer Tournament
Pre-season friendly / invitational tournaments,Kiribati National Championship
Pre-season friendly / invitational tournaments,New Caledonia Super Ligue
Pre-season friendly / invitational tournaments,New Caledonia Second Level
Pre-season friendly / invitational tournaments,Coupe de Calédonie
Pre-season friendly / invitational tournaments,National League
Pre-season friendly / invitational tournaments,Northern League
Pre-season friendly / invitational tournaments,National League
Pre-season friendly / invitational tournaments,Central League
Pre-season friendly / invitational tournaments,National League
Pre-season friendly / invitational tournaments,Southern League
Pre-season friendly / invitational tournaments,National League
Pre-season friendly / invitational tournaments,Chatham Cup
Pre-season friendly / invitational tournaments,Charity Cup
Pre-season friendly / invitational tournaments,New Zealand National League
Pre-season friendly / invitational tournaments,Chatham Cup
Pre-season friendly / invitational tournaments,Women's National League
Pre-season friendly / invitational tournaments,Kate Sheppard Cup
Pre-season friendly / invitational tournaments,NRFL Championship
Pre-season friendly / invitational tournaments,NRFL Conference
Pre-season friendly / invitational tournaments,NRF League One
Pre-season friendly / invitational tournaments,Central League 2
Pre-season friendly / invitational tournaments,Central Federation League
Pre-season friendly / invitational tournaments,Capital Premier
Pre-season friendly / invitational tournaments,Central Federation Cup
Pre-season friendly / invitational tournaments,Central Football
Pre-season friendly / invitational tournaments,Canterbury Premiership League
Pre-season friendly / invitational tournaments,Nelson Bays Premiership League
Pre-season friendly / invitational tournaments,Southern Premiership League
Pre-season friendly / invitational tournaments,Canterbury Championship League
Pre-season friendly / invitational tournaments,South Canterbury Division 1
Pre-season friendly / invitational tournaments,Fletcher Cup
Pre-season friendly / invitational tournaments,Donald Gray Memorial Cup
Pre-season friendly / invitational tournaments,English Cup
Pre-season friendly / invitational tournaments,Mainland Football
Pre-season friendly / invitational tournaments,Reta Fitzpatrick Cup
Pre-season friendly / invitational tournaments,Mainland Football
Pre-season friendly / invitational tournaments,Papua New Guinea National Soccer League
Pre-season friendly / invitational tournaments,Papua New Guinea National Club Championship
Pre-season friendly / invitational tournaments,Papua New Guinea FA Cup
Pre-season friendly / invitational tournaments,Samoa National League
Pre-season friendly / invitational tournaments,Samoa Cup
Pre-season friendly / invitational tournaments,Solomon Islands S-League
Pre-season friendly / invitational tournaments,Honiara FA League
Pre-season friendly / invitational tournaments,The Solomon Islands Knockout Championship
Pre-season friendly / invitational tournaments,Solomon Islands National Club Championship (2000–10)
Pre-season friendly / invitational tournaments,Interprovincial Tournament 1977–1985
Pre-season friendly / invitational tournaments,Solomon Cup
Pre-season friendly / invitational tournaments,Malaita Cup
Pre-season friendly / invitational tournaments,Tahitian Ligue 1
Pre-season friendly / invitational tournaments,Tahitian Ligue 2
Pre-season friendly / invitational tournaments,Tahiti Cup
Pre-season friendly / invitational tournaments,Tahiti Coupe des Champions
Pre-season friendly / invitational tournaments,Tonga Major League
Pre-season friendly / invitational tournaments,Tonga Division II
Pre-season friendly / invitational tournaments,Tonga Cup
Pre-season friendly / invitational tournaments,Tuvalu A-Division
Pre-season friendly / invitational tournaments,Tuvalu B-Division
Pre-season friendly / invitational tournaments,Tuvalu A-Division League (women's)
Pre-season friendly / invitational tournaments,Taganoa Cup
Pre-season friendly / invitational tournaments,Independence Cup
Pre-season friendly / invitational tournaments,Christmas Cup
Pre-season friendly / invitational tournaments,Tuvalu Games
Pre-season friendly / invitational tournaments,Port Vila Football League
Pre-season friendly / invitational tournaments,VFF National Super League
Pre-season friendly / invitational tournaments,Port Vila Shield
Pre-season friendly / invitational tournaments,Port Vila FA Cup
Pre-season friendly / invitational tournaments,UEFA
Pre-season friendly / invitational tournaments,UEFA
Pre-season friendly / invitational tournaments,UEFA European Championship
Pre-season friendly / invitational tournaments,UEFA Nations League
Pre-season friendly / invitational tournaments,UEFA Euro
Pre-season friendly / invitational tournaments,European Qualifiers
Pre-season friendly / invitational tournaments,FIFA World Cup
Pre-season friendly / invitational tournaments,UEFA Nations League Finals
Pre-season friendly / invitational tournaments,Baltic Cup
Pre-season friendly / invitational tournaments,Estonian
Pre-season friendly / invitational tournaments,Latvian
Pre-season friendly / invitational tournaments,Lithuanian
Pre-season friendly / invitational tournaments,UEFA Under-21 Championship
Pre-season friendly / invitational tournaments,Men's Olympic Football Tournament
Pre-season friendly / invitational tournaments,UEFA Under-19 Championship
Pre-season friendly / invitational tournaments,UEFA Under-17 Championship
Pre-season friendly / invitational tournaments,UEFA Women's Championship
Pre-season friendly / invitational tournaments,UEFA Women's Nations League
Pre-season friendly / invitational tournaments,UEFA Women's Championship
Pre-season friendly / invitational tournaments,FIFA Women's World Cup
Pre-season friendly / invitational tournaments,Women's Olympic Football Tournament
Pre-season friendly / invitational tournaments,Baltic Women's Cup
Pre-season friendly / invitational tournaments,Estonian
Pre-season friendly / invitational tournaments,Latvian
Pre-season friendly / invitational tournaments,Lithuanian
Pre-season friendly / invitational tournaments,UEFA Women's Under-19 Championship
Pre-season friendly / invitational tournaments,UEFA Women's Under-17 Championship
Pre-season friendly / invitational tournaments,UEFA Futsal Championship
Pre-season friendly / invitational tournaments,UEFA Amateur Cup
Pre-season friendly / invitational tournaments,4 Associations' Tournament
Pre-season friendly / invitational tournaments,2011
Pre-season friendly / invitational tournaments,Northern Ireland
Pre-season friendly / invitational tournaments,Republic of Ireland
Pre-season friendly / invitational tournaments,Scotland
Pre-season friendly / invitational tournaments,Wales
Pre-season friendly / invitational tournaments,Balkan Cup
Pre-season friendly / invitational tournaments,Balkan
Pre-season friendly / invitational tournaments,British Home Championship
Pre-season friendly / invitational tournaments,United Kingdom
Pre-season friendly / invitational tournaments,Central European International Cup
Pre-season friendly / invitational tournaments,Nordic Football Championship
Pre-season friendly / invitational tournaments,Scandinavia
Pre-season friendly / invitational tournaments,UEFA Super Cup
Pre-season friendly / invitational tournaments,UEFA Champions League
Pre-season friendly / invitational tournaments,UEFA Europa League
Pre-season friendly / invitational tournaments,UEFA Champions League
Pre-season friendly / invitational tournaments,UEFA Europa League
Pre-season friendly / invitational tournaments,UEFA Conference League
Pre-season friendly / invitational tournaments,UEFA Regions' Cup
Pre-season friendly / invitational tournaments,Amateur
Pre-season friendly / invitational tournaments,FENIX Trophy
Pre-season friendly / invitational tournaments,Livonia Cup
Pre-season friendly / invitational tournaments,Estonian
Pre-season friendly / invitational tournaments,Latvian
Pre-season friendly / invitational tournaments,Champions Cup (All-Ireland)
Pre-season friendly / invitational tournaments,League of Ireland Premier Division
Pre-season friendly / invitational tournaments,NIFL Premiership
Pre-season friendly / invitational tournaments,UEFA Youth League
Pre-season friendly / invitational tournaments,UEFA Women's Champions League
Pre-season friendly / invitational tournaments,UEFA Futsal Champions League
Pre-season friendly / invitational tournaments,UEFA Intertoto Cup
Pre-season friendly / invitational tournaments,UEFA Cup Winners' Cup
Pre-season friendly / invitational tournaments,Intercontinental Cup
Pre-season friendly / invitational tournaments,UEFA
Pre-season friendly / invitational tournaments,CONMEBOL
Pre-season friendly / invitational tournaments,Baltic League
Pre-season friendly / invitational tournaments,Estonian
Pre-season friendly / invitational tournaments,Latvian
Pre-season friendly / invitational tournaments,Lithuanian
Pre-season friendly / invitational tournaments,Royal League
Pre-season friendly / invitational tournaments,Danish
Pre-season friendly / invitational tournaments,Norwegian
Pre-season friendly / invitational tournaments,Swedish
Pre-season friendly / invitational tournaments,Setanta Sports Cup
Pre-season friendly / invitational tournaments,Irish
Pre-season friendly / invitational tournaments,Northern Irish
Pre-season friendly / invitational tournaments,Blaxnit Cup
Pre-season friendly / invitational tournaments,Irish
Pre-season friendly / invitational tournaments,Northern Irish
Pre-season friendly / invitational tournaments,Inter-Cities Fairs Cup
Pre-season friendly / invitational tournaments,Balkans Cup
Pre-season friendly / invitational tournaments,Balkan
Pre-season friendly / invitational tournaments,Latin Cup
Pre-season friendly / invitational tournaments,French
Pre-season friendly / invitational tournaments,Italian
Pre-season friendly / invitational tournaments,Portuguese
Pre-season friendly / invitational tournaments,Spanish
Pre-season friendly / invitational tournaments,Mitropa Cup
Pre-season friendly / invitational tournaments,Anglo-Italian Cup
Pre-season friendly / invitational tournaments,Kategoria Superiore
Pre-season friendly / invitational tournaments,Kategoria e Parë
Pre-season friendly / invitational tournaments,Kategoria e Dytë
Pre-season friendly / invitational tournaments,A
Pre-season friendly / invitational tournaments,B
Pre-season friendly / invitational tournaments,Kategoria e Tretë
Pre-season friendly / invitational tournaments,Superkupa e Shqipërisë
Pre-season friendly / invitational tournaments,Kategoria Superiore
Pre-season friendly / invitational tournaments,Kupa e Shqipërisë
Pre-season friendly / invitational tournaments,Kupa e Shqipërisë
Pre-season friendly / invitational tournaments,Albanian U-19 Superliga
Pre-season friendly / invitational tournaments,Albanian U-19 First Division
Pre-season friendly / invitational tournaments,Albanian U-17 Superliga
Pre-season friendly / invitational tournaments,Albanian U-17 First Division
Pre-season friendly / invitational tournaments,Albanian women's football championship
Pre-season friendly / invitational tournaments,Albanian Women's Cup
Pre-season friendly / invitational tournaments,Albanian Futsal Cup
Pre-season friendly / invitational tournaments,Primera Divisió
Pre-season friendly / invitational tournaments,Segona Divisió
Pre-season friendly / invitational tournaments,Andorran Supercup
Pre-season friendly / invitational tournaments,Campionat de Lliga
Pre-season friendly / invitational tournaments,Copa Constitució
Pre-season friendly / invitational tournaments,Copa Constitució
Pre-season friendly / invitational tournaments,Armenian Premier League
Pre-season friendly / invitational tournaments,Armenian First League
Pre-season friendly / invitational tournaments,Armenian Supercup
Pre-season friendly / invitational tournaments,Armenian Premier League
Pre-season friendly / invitational tournaments,Armenian Cup
Pre-season friendly / invitational tournaments,Armenian Cup
Pre-season friendly / invitational tournaments,Bundesliga
Pre-season friendly / invitational tournaments,2. Liga
Pre-season friendly / invitational tournaments,Austrian Regionalliga
Pre-season friendly / invitational tournaments,Central
Pre-season friendly / invitational tournaments,East
Pre-season friendly / invitational tournaments,West
Pre-season friendly / invitational tournaments,Austrian Landesliga
Pre-season friendly / invitational tournaments,Vorarlberg
Pre-season friendly / invitational tournaments,Tirol
Pre-season friendly / invitational tournaments,Salzburg
Pre-season friendly / invitational tournaments,Oberösterreich
Pre-season friendly / invitational tournaments,Steiermark
Pre-season friendly / invitational tournaments,Kärnten
Pre-season friendly / invitational tournaments,Niederösterreich
Pre-season friendly / invitational tournaments,Wien
Pre-season friendly / invitational tournaments,Burgenland
Pre-season friendly / invitational tournaments,Austrian 2. Landesliga
Pre-season friendly / invitational tournaments,ÖFB-Cup
Pre-season friendly / invitational tournaments,ÖFB-Supercup
Pre-season friendly / invitational tournaments,ÖFB:Bundesliga
Pre-season friendly / invitational tournaments,ÖFB-Cup
Pre-season friendly / invitational tournaments,Niederösterreichischer Landespokal
Pre-season friendly / invitational tournaments,Azerbaijan Premier League
Pre-season friendly / invitational tournaments,Azerbaijan First Division
Pre-season friendly / invitational tournaments,A
Pre-season friendly / invitational tournaments,B
Pre-season friendly / invitational tournaments,Azerbaijan Regional League
Pre-season friendly / invitational tournaments,AFFA Amateur League
Pre-season friendly / invitational tournaments,Azerbaijan Cup
Pre-season friendly / invitational tournaments,Azerbaijan Supercup
Pre-season friendly / invitational tournaments,Azerbaijan Premier League
Pre-season friendly / invitational tournaments,Azerbaijan Cup
Pre-season friendly / invitational tournaments,Belarusian Premier League
Pre-season friendly / invitational tournaments,Belarusian First League
Pre-season friendly / invitational tournaments,Belarusian Second League
Pre-season friendly / invitational tournaments,Belarusian Cup
Pre-season friendly / invitational tournaments,Belarusian Super Cup
Pre-season friendly / invitational tournaments,Belarusian Premier League
Pre-season friendly / invitational tournaments,Belarusian Cup
Pre-season friendly / invitational tournaments,Belgian Pro League
Pre-season friendly / invitational tournaments,Challenger Pro League
Pre-season friendly / invitational tournaments,Belgian National Division 1
Pre-season friendly / invitational tournaments,Belgian Division 2
Pre-season friendly / invitational tournaments,Belgian Division 3
Pre-season friendly / invitational tournaments,Belgian Provincial Leagues
Pre-season friendly / invitational tournaments,Belgian Cup
Pre-season friendly / invitational tournaments,Belgian Super Cup
Pre-season friendly / invitational tournaments,Belgian First Division A
Pre-season friendly / invitational tournaments,Belgian Cup
Pre-season friendly / invitational tournaments,Premier League of Bosnia and Herzegovina
Pre-season friendly / invitational tournaments,Prva Liga Federacija Bosne i Hercegovine
Pre-season friendly / invitational tournaments,First League of the Republika Srpska
Pre-season friendly / invitational tournaments,Druga Liga Federacija Bosne i Hercegovine
Pre-season friendly / invitational tournaments,Sjever
Pre-season friendly / invitational tournaments,Centar
Pre-season friendly / invitational tournaments,Jug
Pre-season friendly / invitational tournaments,Zapad
Pre-season friendly / invitational tournaments,Druga Liga Republike Srpske
Pre-season friendly / invitational tournaments,Istok
Pre-season friendly / invitational tournaments,Zapad
Pre-season friendly / invitational tournaments,Prva Liga TK
Pre-season friendly / invitational tournaments,Druga Liga TK
Pre-season friendly / invitational tournaments,Zapad
Pre-season friendly / invitational tournaments,Sjever
Pre-season friendly / invitational tournaments,Jug
Pre-season friendly / invitational tournaments,Kup Bosne i Hercegovine
Pre-season friendly / invitational tournaments,Kup Federacija Bosne i Hercegovine
Pre-season friendly / invitational tournaments,Kup Federacija Republike Srpske
Pre-season friendly / invitational tournaments,Bosnian Supercup
Pre-season friendly / invitational tournaments,Premier League of Bosnia and Herzegovina
Pre-season friendly / invitational tournaments,Kup Bosne i Hercegovine
Pre-season friendly / invitational tournaments,First League of Herzeg-Bosnia
Pre-season friendly / invitational tournaments,Bulgarian First League
Pre-season friendly / invitational tournaments,Bulgarian Second League
Pre-season friendly / invitational tournaments,Bulgarian Third Amateur Football League
Pre-season friendly / invitational tournaments,North-West
Pre-season friendly / invitational tournaments,North-East
Pre-season friendly / invitational tournaments,South-West
Pre-season friendly / invitational tournaments,South-East
Pre-season friendly / invitational tournaments,Bulgarian Regional Football Groups
Pre-season friendly / invitational tournaments,Bulgarian Army Championship
Pre-season friendly / invitational tournaments,Bulgarian Student Championship
Pre-season friendly / invitational tournaments,Bulgarian Cup
Pre-season friendly / invitational tournaments,Bulgarian Supercup
Pre-season friendly / invitational tournaments,Bulgarian A Professional Football Group
Pre-season friendly / invitational tournaments,Bulgarian Cup
Pre-season friendly / invitational tournaments,Bulgarian Amateur Football League cup
Pre-season friendly / invitational tournaments,Bulgarian Village Championship
Pre-season friendly / invitational tournaments,Bulgarian Railway-man's Championship
Pre-season friendly / invitational tournaments,Bulgarian State Championship
Pre-season friendly / invitational tournaments,Bulgarian National Football Division
Pre-season friendly / invitational tournaments,Bulgarian Republican Championship
Pre-season friendly / invitational tournaments,Bulgarian Premier League
Pre-season friendly / invitational tournaments,Bulgarian Second League
Pre-season friendly / invitational tournaments,Bulgarian First League
Pre-season friendly / invitational tournaments,Bulgarian Tsar's Cup
Pre-season friendly / invitational tournaments,Soviet Army Cup
Pre-season friendly / invitational tournaments,Bulgarian Football Union Cup
Pre-season friendly / invitational tournaments,Bulgarian Profesional Football League Cup
Pre-season friendly / invitational tournaments,Bulgarian Women Championship
Pre-season friendly / invitational tournaments,HNL
Pre-season friendly / invitational tournaments,Prva NL
Pre-season friendly / invitational tournaments,Druga NL
Pre-season friendly / invitational tournaments,Treća NL
Pre-season friendly / invitational tournaments,First County Football League
Pre-season friendly / invitational tournaments,Hrvatski nogometni kup
Pre-season friendly / invitational tournaments,Croatian Football Super Cup
Pre-season friendly / invitational tournaments,HNL
Pre-season friendly / invitational tournaments,Hrvatski nogometni kup
Pre-season friendly / invitational tournaments,Eternal derby
Pre-season friendly / invitational tournaments,Hajduk Split
Pre-season friendly / invitational tournaments,Dinamo Zagreb
Pre-season friendly / invitational tournaments,Cypriot First Division
Pre-season friendly / invitational tournaments,Cypriot Second Division
Pre-season friendly / invitational tournaments,Cypriot Third Division
Pre-season friendly / invitational tournaments,Cypriot Fourth Division
Pre-season friendly / invitational tournaments,Cypriot Cup
Pre-season friendly / invitational tournaments,Cypriot Cup for lower divisions
Pre-season friendly / invitational tournaments,Cyprus FA Shield
Pre-season friendly / invitational tournaments,Cypriot First Division
Pre-season friendly / invitational tournaments,Cypriot Cup
Pre-season friendly / invitational tournaments,Czech First League
Pre-season friendly / invitational tournaments,Czech National League
Pre-season friendly / invitational tournaments,Bohemian Football League
Pre-season friendly / invitational tournaments,Moravian–Silesian Football League
Pre-season friendly / invitational tournaments,Czech Fourth Division
Pre-season friendly / invitational tournaments,Regional Championship
Pre-season friendly / invitational tournaments,Prague Championship
Pre-season friendly / invitational tournaments,Football I. A class
Pre-season friendly / invitational tournaments,Football I. B class
Pre-season friendly / invitational tournaments,Football II. class
Pre-season friendly / invitational tournaments,Prague II. class
Pre-season friendly / invitational tournaments,Football III. class
Pre-season friendly / invitational tournaments,Football IV. class
Pre-season friendly / invitational tournaments,Czech Cup
Pre-season friendly / invitational tournaments,Czech Supercup
Pre-season friendly / invitational tournaments,Czech First League
Pre-season friendly / invitational tournaments,Czech Cup
Pre-season friendly / invitational tournaments,Tipsport liga
Pre-season friendly / invitational tournaments,Czech Republic
Pre-season friendly / invitational tournaments,Women's Czech First Division
Pre-season friendly / invitational tournaments,Czech Women's Cup
Pre-season friendly / invitational tournaments,Danish Superliga
Pre-season friendly / invitational tournaments,Danish 1st Division
Pre-season friendly / invitational tournaments,Danish 2nd Division
Pre-season friendly / invitational tournaments,Danish 3rd Division
Pre-season friendly / invitational tournaments,Denmark Series
Pre-season friendly / invitational tournaments,Danish Cup
Pre-season friendly / invitational tournaments,Danish League Cup
Pre-season friendly / invitational tournaments,The Football Tournament
Pre-season friendly / invitational tournaments,Baneklubberne Tournaments
Pre-season friendly / invitational tournaments,Copenhagen football champions
Pre-season friendly / invitational tournaments,Copenhagen Cup
Pre-season friendly / invitational tournaments,Danish Supercup
Pre-season friendly / invitational tournaments,Fionia Bank Cup
Pre-season friendly / invitational tournaments,Viasat Cup
Pre-season friendly / invitational tournaments,Elitedivisionen
Pre-season friendly / invitational tournaments,Kvinde 1. division
Pre-season friendly / invitational tournaments,Danish Women's Cup
Pre-season friendly / invitational tournaments,Premier League
Pre-season friendly / invitational tournaments,EFL Championship
Pre-season friendly / invitational tournaments,English Football League
Pre-season friendly / invitational tournaments,EFL League One
Pre-season friendly / invitational tournaments,English Football League
Pre-season friendly / invitational tournaments,EFL League Two
Pre-season friendly / invitational tournaments,English Football League
Pre-season friendly / invitational tournaments,National League
Pre-season friendly / invitational tournaments,National League
Pre-season friendly / invitational tournaments,National League North
Pre-season friendly / invitational tournaments,National League South
Pre-season friendly / invitational tournaments,Northern Premier League
Pre-season friendly / invitational tournaments,Premier Division
Pre-season friendly / invitational tournaments,Division One East
Pre-season friendly / invitational tournaments,Division One West
Pre-season friendly / invitational tournaments,Southern Football League
Pre-season friendly / invitational tournaments,Premier Division
Pre-season friendly / invitational tournaments,Division One Midlands
Pre-season friendly / invitational tournaments,Division One South & West
Pre-season friendly / invitational tournaments,Isthmian League
Pre-season friendly / invitational tournaments,Premier Division
Pre-season friendly / invitational tournaments,Division One North
Pre-season friendly / invitational tournaments,Division One South
Pre-season friendly / invitational tournaments,Several interconnected sub-regional leagues
Pre-season friendly / invitational tournaments,Combined Counties League Premier Division North
Pre-season friendly / invitational tournaments,Combined Counties League Premier Division South
Pre-season friendly / invitational tournaments,Eastern Counties League Premier Division
Pre-season friendly / invitational tournaments,Essex Senior League
Pre-season friendly / invitational tournaments,Hellenic League Premier Division
Pre-season friendly / invitational tournaments,Midland League Premier Division
Pre-season friendly / invitational tournaments,North West Counties League Premier Division
Pre-season friendly / invitational tournaments,Northern Counties East League Premier Division
Pre-season friendly / invitational tournaments,Northern League Division One
Pre-season friendly / invitational tournaments,Southern Combination League Premier Division
Pre-season friendly / invitational tournaments,Southern Counties East League Premier Division
Pre-season friendly / invitational tournaments,Spartan South Midlands League Premier Division
Pre-season friendly / invitational tournaments,United Counties League Premier Division North
Pre-season friendly / invitational tournaments,United Counties League Premier Division South
Pre-season friendly / invitational tournaments,Wessex League Premier Division
Pre-season friendly / invitational tournaments,Western League Premier Division
Pre-season friendly / invitational tournaments,Combined Counties League Division One
Pre-season friendly / invitational tournaments,Eastern Counties League Division One North
Pre-season friendly / invitational tournaments,Eastern Counties League Division One South
Pre-season friendly / invitational tournaments,Hellenic League Division One
Pre-season friendly / invitational tournaments,Midland League Division One
Pre-season friendly / invitational tournaments,North West Counties League Division One North
Pre-season friendly / invitational tournaments,North West Counties League Division One South
Pre-season friendly / invitational tournaments,Northern Counties East League Division One
Pre-season friendly / invitational tournaments,Northern League Division Two
Pre-season friendly / invitational tournaments,South West Peninsula League Premier Division East
Pre-season friendly / invitational tournaments,South West Peninsula League Premier Division West
Pre-season friendly / invitational tournaments,Southern Combination Football League Division One
Pre-season friendly / invitational tournaments,Southern Counties East League Division One
Pre-season friendly / invitational tournaments,Spartan South Midlands League Division One
Pre-season friendly / invitational tournaments,United Counties League Division One
Pre-season friendly / invitational tournaments,Wessex League Division One
Pre-season friendly / invitational tournaments,Western League Division One
Pre-season friendly / invitational tournaments,Several regional/county feeder leagues
Pre-season friendly / invitational tournaments,Anglian Combination Premier Division
Pre-season friendly / invitational tournaments,Bedfordshire County League Premier Division
Pre-season friendly / invitational tournaments,Cambridgeshire County League Premier Division
Pre-season friendly / invitational tournaments,Central Midlands Alliance Premier Division North
Pre-season friendly / invitational tournaments,Central Midlands Alliance Premier Division South
Pre-season friendly / invitational tournaments,Cheshire League Premier Division
Pre-season friendly / invitational tournaments,Devon Football League
Pre-season friendly / invitational tournaments,Essex Alliance League
Pre-season friendly / invitational tournaments,Essex & Suffolk Border League Premier Division
Pre-season friendly / invitational tournaments,Essex Olympian League Premier Division
Pre-season friendly / invitational tournaments,Gloucestershire County League
Pre-season friendly / invitational tournaments,Hampshire Premier League
Pre-season friendly / invitational tournaments,Herefordshire football League Premier Division
Pre-season friendly / invitational tournaments,Hertfordshire Senior County League Premier Division
Pre-season friendly / invitational tournaments,Humber Premier League Premier Division
Pre-season friendly / invitational tournaments,Isle of Wight Saturday League Division One
Pre-season friendly / invitational tournaments,Kent County League Premier Division
Pre-season friendly / invitational tournaments,Leicestershire Senior League Premier Division
Pre-season friendly / invitational tournaments,Lincolnshire League
Pre-season friendly / invitational tournaments,Liverpool County Premier League Premier Division
Pre-season friendly / invitational tournaments,Manchester League Premier Division
Pre-season friendly / invitational tournaments,Mid-Sussex League Premier Division
Pre-season friendly / invitational tournaments,Middlesex County League Premier Division
Pre-season friendly / invitational tournaments,Midland League Division Two
Pre-season friendly / invitational tournaments,Northamptonshire Combination League Premier Division
Pre-season friendly / invitational tournaments,Northern Alliance Premier Division
Pre-season friendly / invitational tournaments,North Riding League Premier Division
Pre-season friendly / invitational tournaments,Nottinghamshire Senior League Senior Division
Pre-season friendly / invitational tournaments,Oxfordshire Senior League Premier Division
Pre-season friendly / invitational tournaments,Peterborough & District League Premier Division
Pre-season friendly / invitational tournaments,Sheffield & Hallamshire County Senior League Premier Division
Pre-season friendly / invitational tournaments,Shropshire County Football League Premier Division
Pre-season friendly / invitational tournaments,Shropshire County Football League Premier Division
Pre-season friendly / invitational tournaments,Somerset County League Premier Division
Pre-season friendly / invitational tournaments,Southern Combination League Division Two
Pre-season friendly / invitational tournaments,Spartan South Midlands League Division Two
Pre-season friendly / invitational tournaments,St Piran League Premier Division East
Pre-season friendly / invitational tournaments,St Piran League Premier Division West
Pre-season friendly / invitational tournaments,Staffordshire County Senior League Premier Division
Pre-season friendly / invitational tournaments,Suffolk & Ipswich League Senior Division
Pre-season friendly / invitational tournaments,Surrey Premier County Football League
Pre-season friendly / invitational tournaments,Thames Valley Premier League Premier Division
Pre-season friendly / invitational tournaments,Wearside League Premier Division
Pre-season friendly / invitational tournaments,West Cheshire League Division One
Pre-season friendly / invitational tournaments,West Lancashire League Premier Division
Pre-season friendly / invitational tournaments,West Midlands (Regional) League Division One
Pre-season friendly / invitational tournaments,West Yorkshire League Premier Division
Pre-season friendly / invitational tournaments,Wiltshire Senior League Premier Division
Pre-season friendly / invitational tournaments,York League Premier Division
Pre-season friendly / invitational tournaments,Yorkshire Amateur League Supreme Division
Pre-season friendly / invitational tournaments,FA Cup
Pre-season friendly / invitational tournaments,EFL Cup
Pre-season friendly / invitational tournaments,Premier League
Pre-season friendly / invitational tournaments,English Football League
Pre-season friendly / invitational tournaments,FA Community Shield
Pre-season friendly / invitational tournaments,Premier League
Pre-season friendly / invitational tournaments,FA Cup
Pre-season friendly / invitational tournaments,EFL Trophy
Pre-season friendly / invitational tournaments,EFL League One
Pre-season friendly / invitational tournaments,EFL League Two
Pre-season friendly / invitational tournaments,EFL Championship
Pre-season friendly / invitational tournaments,Premier League
Pre-season friendly / invitational tournaments,FA Trophy
Pre-season friendly / invitational tournaments,FA Vase
Pre-season friendly / invitational tournaments,FA Inter-League Cup
Pre-season friendly / invitational tournaments,county football associations
Pre-season friendly / invitational tournaments,Premier League 2
Pre-season friendly / invitational tournaments,Professional Development League
Pre-season friendly / invitational tournaments,National League Cup
Pre-season friendly / invitational tournaments,Premier League International Cup
Pre-season friendly / invitational tournaments,Premier League Cup
Pre-season friendly / invitational tournaments,U18 Premier League
Pre-season friendly / invitational tournaments,U18 Professional Development League
Pre-season friendly / invitational tournaments,FA Youth Cup
Pre-season friendly / invitational tournaments,Women's Super League
Pre-season friendly / invitational tournaments,FA Women's Championship
Pre-season friendly / invitational tournaments,FA Women's National League
Pre-season friendly / invitational tournaments,National Division
Pre-season friendly / invitational tournaments,Northern Division
Pre-season friendly / invitational tournaments,Southern Division
Pre-season friendly / invitational tournaments,Women's FA Cup
Pre-season friendly / invitational tournaments,FA Women's League Cup
Pre-season friendly / invitational tournaments,FA Women's National League Cup
Pre-season friendly / invitational tournaments,FA Women's National League
Pre-season friendly / invitational tournaments,Women's FA Community Shield
Pre-season friendly / invitational tournaments,Women's Super League
Pre-season friendly / invitational tournaments,Women's FA Cup
Pre-season friendly / invitational tournaments,Meistriliiga
Pre-season friendly / invitational tournaments,Esiliiga
Pre-season friendly / invitational tournaments,Esiliiga B
Pre-season friendly / invitational tournaments,II liiga
Pre-season friendly / invitational tournaments,III liiga
Pre-season friendly / invitational tournaments,IV liiga
Pre-season friendly / invitational tournaments,Naiste Meistriliiga
Pre-season friendly / invitational tournaments,Estonian Cup
Pre-season friendly / invitational tournaments,Estonian Supercup
Pre-season friendly / invitational tournaments,Estonian Small Cup
Pre-season friendly / invitational tournaments,Estonian Women's Cup
Pre-season friendly / invitational tournaments,Faroe Islands Premier League
Pre-season friendly / invitational tournaments,1. Deild
Pre-season friendly / invitational tournaments,2. Deild
Pre-season friendly / invitational tournaments,3. Deild
Pre-season friendly / invitational tournaments,1. delid kvinnur
Pre-season friendly / invitational tournaments,Faroe Islands Cup
Pre-season friendly / invitational tournaments,Faroe Islands Super Cup
Pre-season friendly / invitational tournaments,FSF Trophy
Pre-season friendly / invitational tournaments,Faroese Women's Cup
Pre-season friendly / invitational tournaments,Faroese Women's Super Cup
Pre-season friendly / invitational tournaments,Veikkausliiga
Pre-season friendly / invitational tournaments,Ykkönen
Pre-season friendly / invitational tournaments,Kakkonen
Pre-season friendly / invitational tournaments,Kolmonen
Pre-season friendly / invitational tournaments,Nelonen
Pre-season friendly / invitational tournaments,Finnish Cup
Pre-season friendly / invitational tournaments,Finnish League Cup
Pre-season friendly / invitational tournaments,Ligue 1
Pre-season friendly / invitational tournaments,Ligue de Football Professionnel
Pre-season friendly / invitational tournaments,Ligue 2
Pre-season friendly / invitational tournaments,Ligue de Football Professionnel
Pre-season friendly / invitational tournaments,National
Pre-season friendly / invitational tournaments,National 2
Pre-season friendly / invitational tournaments,A
Pre-season friendly / invitational tournaments,B
Pre-season friendly / invitational tournaments,C
Pre-season friendly / invitational tournaments,D
Pre-season friendly / invitational tournaments,National 3
Pre-season friendly / invitational tournaments,A
Pre-season friendly / invitational tournaments,B
Pre-season friendly / invitational tournaments,C
Pre-season friendly / invitational tournaments,D
Pre-season friendly / invitational tournaments,E
Pre-season friendly / invitational tournaments,F
Pre-season friendly / invitational tournaments,G
Pre-season friendly / invitational tournaments,H
Pre-season friendly / invitational tournaments,Régional 1
Pre-season friendly / invitational tournaments,Coupe de France
Pre-season friendly / invitational tournaments,Trophée des Champions
Pre-season friendly / invitational tournaments,Ligue 1
Pre-season friendly / invitational tournaments,Coupe de France
Pre-season friendly / invitational tournaments,Coupe de la Ligue
Pre-season friendly / invitational tournaments,Ligue de Football Professionnel
Pre-season friendly / invitational tournaments,Championnat National U19
Pre-season friendly / invitational tournaments,Coupe Gambardella
Pre-season friendly / invitational tournaments,Championnat National U17
Pre-season friendly / invitational tournaments,Division 1 Féminine
Pre-season friendly / invitational tournaments,Division 2 Féminine
Pre-season friendly / invitational tournaments,Coupe de France féminine
Pre-season friendly / invitational tournaments,Erovnuli Liga
Pre-season friendly / invitational tournaments,Erovnuli Liga 2
Pre-season friendly / invitational tournaments,Georgian Liga 3
Pre-season friendly / invitational tournaments,Liga 4
Pre-season friendly / invitational tournaments,Regionuli Liga
Pre-season friendly / invitational tournaments,Women's football championship
Pre-season friendly / invitational tournaments,Georgian Cup
Pre-season friendly / invitational tournaments,Georgian Super Cup
Pre-season friendly / invitational tournaments,Bundesliga
Pre-season friendly / invitational tournaments,2. Bundesliga
Pre-season friendly / invitational tournaments,3. Liga
Pre-season friendly / invitational tournaments,Regionalliga
Pre-season friendly / invitational tournaments,Nord
Pre-season friendly / invitational tournaments,Nordost
Pre-season friendly / invitational tournaments,West
Pre-season friendly / invitational tournaments,Südwest
Pre-season friendly / invitational tournaments,Bayern
Pre-season friendly / invitational tournaments,Oberliga
Pre-season friendly / invitational tournaments,Schleswig-Holstein
Pre-season friendly / invitational tournaments,Hamburg
Pre-season friendly / invitational tournaments,Bremen
Pre-season friendly / invitational tournaments,Niedersachsenliga
Pre-season friendly / invitational tournaments,Nordost-Nord
Pre-season friendly / invitational tournaments,Nordost-Süd
Pre-season friendly / invitational tournaments,Westfalen
Pre-season friendly / invitational tournaments,Südwest
Pre-season friendly / invitational tournaments,Hessen
Pre-season friendly / invitational tournaments,Baden-Württemberg
Pre-season friendly / invitational tournaments,Bayernliga
Pre-season friendly / invitational tournaments,Bayernliga
Pre-season friendly / invitational tournaments,Mittelrhein
Pre-season friendly / invitational tournaments,Niederrhein
Pre-season friendly / invitational tournaments,Landesliga
Pre-season friendly / invitational tournaments,Verbandsliga
Pre-season friendly / invitational tournaments,Gruppenliga
Pre-season friendly / invitational tournaments,Bezirksliga
Pre-season friendly / invitational tournaments,Kreisliga
Pre-season friendly / invitational tournaments,DFB-Pokal
Pre-season friendly / invitational tournaments,Verbandspokal
Pre-season friendly / invitational tournaments,Franz Beckenbauer Supercup
Pre-season friendly / invitational tournaments,Bundesliga
Pre-season friendly / invitational tournaments,DFB Pokal
Pre-season friendly / invitational tournaments,Under 19 Bundesliga
Pre-season friendly / invitational tournaments,Under 17 Bundesliga
Pre-season friendly / invitational tournaments,Frauen-Bundesliga
Pre-season friendly / invitational tournaments,2. Frauen-Bundesliga
Pre-season friendly / invitational tournaments,Frauen-Regionalliga
Pre-season friendly / invitational tournaments,DFB-Pokal Frauen
Pre-season friendly / invitational tournaments,Frauen Verbandspokal
Pre-season friendly / invitational tournaments,Gauliga
Pre-season friendly / invitational tournaments,Third Reich
Pre-season friendly / invitational tournaments,DDR-Oberliga
Pre-season friendly / invitational tournaments,East Germany
Pre-season friendly / invitational tournaments,FDGB-Pokal
Pre-season friendly / invitational tournaments,East Germany
Pre-season friendly / invitational tournaments,DFL-Ligapokal
Pre-season friendly / invitational tournaments,Gibraltar Football League
Pre-season friendly / invitational tournaments,Gibraltar Premier Division
Pre-season friendly / invitational tournaments,Gibraltar Second Division
Pre-season friendly / invitational tournaments,Gibraltar Intermediate League
Pre-season friendly / invitational tournaments,Gibraltar women's football championship
Pre-season friendly / invitational tournaments,Rock Cup
Pre-season friendly / invitational tournaments,Pepe Reyes Cup
Pre-season friendly / invitational tournaments,Gibraltar Division 2 Cup
Pre-season friendly / invitational tournaments,Gibraltar Intermediate Cup
Pre-season friendly / invitational tournaments,Gibraltar Premier Cup
Pre-season friendly / invitational tournaments,Women's Rock Cup
Pre-season friendly / invitational tournaments,Super League 1
Pre-season friendly / invitational tournaments,Super League 2
Pre-season friendly / invitational tournaments,Gamma Ethniki
Pre-season friendly / invitational tournaments,Hellenic Amateur Divisions (local championships)
Pre-season friendly / invitational tournaments,Football League Greece
Pre-season friendly / invitational tournaments,Delta Ethniki
Pre-season friendly / invitational tournaments,Greek Cup
Pre-season friendly / invitational tournaments,Cup of Friendship and Solidarity
Pre-season friendly / invitational tournaments,Super League 1
Pre-season friendly / invitational tournaments,Greek Cup
Pre-season friendly / invitational tournaments,Greek Football Amateur Cup
Pre-season friendly / invitational tournaments,Amateurs' Super Cup Greece
Pre-season friendly / invitational tournaments,Greek League Cup
Pre-season friendly / invitational tournaments,Gamma Ethniki Cup
Pre-season friendly / invitational tournaments,Greek A Division (women's football)
Pre-season friendly / invitational tournaments,Greek Women's Cup
Pre-season friendly / invitational tournaments,NBI
Pre-season friendly / invitational tournaments,NBII
Pre-season friendly / invitational tournaments,NBIII
Pre-season friendly / invitational tournaments,Megyei Bajnokság I
Pre-season friendly / invitational tournaments,Megyei Bajnokság II
Pre-season friendly / invitational tournaments,Női NB I
Pre-season friendly / invitational tournaments,Magyar Kupa
Pre-season friendly / invitational tournaments,Szuperkupa
Pre-season friendly / invitational tournaments,Hungarian Women's Cup
Pre-season friendly / invitational tournaments,Besta deild karla
Pre-season friendly / invitational tournaments,1. deild karla
Pre-season friendly / invitational tournaments,2. deild karla
Pre-season friendly / invitational tournaments,3. deild karla
Pre-season friendly / invitational tournaments,4. deild karla
Pre-season friendly / invitational tournaments,Besta deild kvenna
Pre-season friendly / invitational tournaments,1. deild kvenna
Pre-season friendly / invitational tournaments,2. deild kvenna
Pre-season friendly / invitational tournaments,Icelandic Men's Football Cup
Pre-season friendly / invitational tournaments,Icelandic Men's Football Super Cup
Pre-season friendly / invitational tournaments,Icelandic Men's Football League Cup
Pre-season friendly / invitational tournaments,Fótbolti.net Cup
Pre-season friendly / invitational tournaments,Reykjavik Tournament
Pre-season friendly / invitational tournaments,Icelandic Women's Football Cup
Pre-season friendly / invitational tournaments,Icelandic Women's Super Cup
Pre-season friendly / invitational tournaments,Icelandic Women's Football League Cup
Pre-season friendly / invitational tournaments,Ligat Ha`Al
Pre-season friendly / invitational tournaments,Liga Leumit
Pre-season friendly / invitational tournaments,Liga Alef
Pre-season friendly / invitational tournaments,Liga Bet
Pre-season friendly / invitational tournaments,Liga Gimel
Pre-season friendly / invitational tournaments,Ligat Nashim Rishona
Pre-season friendly / invitational tournaments,Ligat Nashim Shniya
Pre-season friendly / invitational tournaments,Noar Premier League
Pre-season friendly / invitational tournaments,Noar Leumit League
Pre-season friendly / invitational tournaments,Noar Arzit
Pre-season friendly / invitational tournaments,Israel State Cup
Pre-season friendly / invitational tournaments,Israel Super Cup
Pre-season friendly / invitational tournaments,Toto Cup
Pre-season friendly / invitational tournaments,Ligat Ha`Al
Pre-season friendly / invitational tournaments,Liga Leumit
Pre-season friendly / invitational tournaments,Israeli Women's Cup
Pre-season friendly / invitational tournaments,Israel Noar State Cup
Pre-season friendly / invitational tournaments,Serie A
Pre-season friendly / invitational tournaments,Lega Serie A
Pre-season friendly / invitational tournaments,Lega Nazionale Professionisti
Pre-season friendly / invitational tournaments,Serie B
Pre-season friendly / invitational tournaments,Lega B
Pre-season friendly / invitational tournaments,Serie C
Pre-season friendly / invitational tournaments,Lega Italiana Calcio Professionistico
Pre-season friendly / invitational tournaments,Supercoppa Serie C
Pre-season friendly / invitational tournaments,Lega Pro Prima Divisione
Pre-season friendly / invitational tournaments,Lega Pro Seconda Divisione
Pre-season friendly / invitational tournaments,Serie D
Pre-season friendly / invitational tournaments,Lega Nazionale Dilettanti
Pre-season friendly / invitational tournaments,Eccellenza
Pre-season friendly / invitational tournaments,Regional
Pre-season friendly / invitational tournaments,Promozione
Pre-season friendly / invitational tournaments,Prima Categoria
Pre-season friendly / invitational tournaments,Seconda Categoria
Pre-season friendly / invitational tournaments,Terza Categoria
Pre-season friendly / invitational tournaments,Provincial
Pre-season friendly / invitational tournaments,Trofeo delle Regioni
Pre-season friendly / invitational tournaments,Coppa Italia Primavera
Pre-season friendly / invitational tournaments,Coppa Italia
Pre-season friendly / invitational tournaments,Supercoppa Italiana
Pre-season friendly / invitational tournaments,Serie A
Pre-season friendly / invitational tournaments,Coppa Italia
Pre-season friendly / invitational tournaments,Coppa Italia Serie C
Pre-season friendly / invitational tournaments,Supercoppa Serie C
Pre-season friendly / invitational tournaments,Supercoppa di Lega di Seconda Divisione
Pre-season friendly / invitational tournaments,Coppa Italia Serie D
Pre-season friendly / invitational tournaments,Coppa Italia Dilettanti
Pre-season friendly / invitational tournaments,Campionato Primavera 1
Pre-season friendly / invitational tournaments,Campionato Nazionale Primavera
Pre-season friendly / invitational tournaments,Campionato Primavera 2
Pre-season friendly / invitational tournaments,Campionato Nazionale Dante Berretti
Pre-season friendly / invitational tournaments,Campionato Primavera 3
Pre-season friendly / invitational tournaments,Campionato Regionale Allievi
Pre-season friendly / invitational tournaments,Lega Nazionale Dilettanti
Pre-season friendly / invitational tournaments,Campionato Regionale Giovanissimi
Pre-season friendly / invitational tournaments,Campionato Provinciale Allievi
Pre-season friendly / invitational tournaments,Campionato Provinciale Giovanissimi
Pre-season friendly / invitational tournaments,Torneo Piccoli Amici
Pre-season friendly / invitational tournaments,Coppa Italia Primavera
Pre-season friendly / invitational tournaments,Supercoppa Primavera
Pre-season friendly / invitational tournaments,Campionato Primavera 1
Pre-season friendly / invitational tournaments,Coppa Italia Primavera
Pre-season friendly / invitational tournaments,Torneo di Viareggio
Pre-season friendly / invitational tournaments,Campionato Juniores Nazionali
Pre-season friendly / invitational tournaments,Serie A (women's football)
Pre-season friendly / invitational tournaments,Serie B (women's football)
Pre-season friendly / invitational tournaments,Serie C (women's football)
Pre-season friendly / invitational tournaments,Eccellenza (women's football)
Pre-season friendly / invitational tournaments,it
Pre-season friendly / invitational tournaments,Coppa Italia di calcio femminile
Pre-season friendly / invitational tournaments,Supercoppa Italiana di calcio femminile
Pre-season friendly / invitational tournaments,Serie A (women's football)
Pre-season friendly / invitational tournaments,Coppa Italia di calcio femminile
Pre-season friendly / invitational tournaments,Kazakhstan Premier League
Pre-season friendly / invitational tournaments,Kazakhstan First Division
Pre-season friendly / invitational tournaments,Kazakhstan Second League
Pre-season friendly / invitational tournaments,Kazakhstan Cup
Pre-season friendly / invitational tournaments,Kazakhstan Super Cup
Pre-season friendly / invitational tournaments,Kazakhstani women's football championship
Pre-season friendly / invitational tournaments,Kazakhstani Women's Cup
Pre-season friendly / invitational tournaments,Superliga
Pre-season friendly / invitational tournaments,Liga e Parë
Pre-season friendly / invitational tournaments,A
Pre-season friendly / invitational tournaments,B
Pre-season friendly / invitational tournaments,Liga e Dytë
Pre-season friendly / invitational tournaments,Liga e Tretë
Pre-season friendly / invitational tournaments,A
Pre-season friendly / invitational tournaments,B
Pre-season friendly / invitational tournaments,Kosovar Cup
Pre-season friendly / invitational tournaments,Kosovar Supercup
Pre-season friendly / invitational tournaments,Kosovar Cup
Pre-season friendly / invitational tournaments,Superliga
Pre-season friendly / invitational tournaments,Superliga – Juniorët
Pre-season friendly / invitational tournaments,Liga e Parë – Juniorët
Pre-season friendly / invitational tournaments,Liga e Femrave
Pre-season friendly / invitational tournaments,Superliga – Futsall
Pre-season friendly / invitational tournaments,Liga e parë – Futsall
Pre-season friendly / invitational tournaments,Virsliga
Pre-season friendly / invitational tournaments,1. līga
Pre-season friendly / invitational tournaments,2. līga
Pre-season friendly / invitational tournaments,Latvian Women's League
Pre-season friendly / invitational tournaments,Latvijas kauss
Pre-season friendly / invitational tournaments,Latvian Supercup
Pre-season friendly / invitational tournaments,Virsligas Winter Cup
Pre-season friendly / invitational tournaments,Liechtenstein Cup
Pre-season friendly / invitational tournaments,A Lyga
Pre-season friendly / invitational tournaments,I Lyga
Pre-season friendly / invitational tournaments,II Lyga
Pre-season friendly / invitational tournaments,III Lyga
Pre-season friendly / invitational tournaments,counties
Pre-season friendly / invitational tournaments,SFL
Pre-season friendly / invitational tournaments,Lithuanian Football Cup
Pre-season friendly / invitational tournaments,Lithuanian Supercup
Pre-season friendly / invitational tournaments,A Lyga
Pre-season friendly / invitational tournaments,LFF Cup
Pre-season friendly / invitational tournaments,SFL Cup
Pre-season friendly / invitational tournaments,Sunday Football League
Pre-season friendly / invitational tournaments,Lithuanian U-19 Elite League
Pre-season friendly / invitational tournaments,Lithuanian U-19 I League
Pre-season friendly / invitational tournaments,Lithuanian U-19 II League
Pre-season friendly / invitational tournaments,Lithuanian U-17 Elite League
Pre-season friendly / invitational tournaments,Lithuanian U-17 I League
Pre-season friendly / invitational tournaments,Lithuanian U-16 I League
Pre-season friendly / invitational tournaments,Lithuanian U-16 II League
Pre-season friendly / invitational tournaments,Lithuanian U-15 I League
Pre-season friendly / invitational tournaments,Lithuanian U-15 II League
Pre-season friendly / invitational tournaments,Lithuanian U-14 I League
Pre-season friendly / invitational tournaments,Lithuanian U-14 II League
Pre-season friendly / invitational tournaments,A Lyga
Pre-season friendly / invitational tournaments,I Lyga
Pre-season friendly / invitational tournaments,A Lyga
Pre-season friendly / invitational tournaments,Lithuanian Futsal Cup
Pre-season friendly / invitational tournaments,Luxembourg National Division
Pre-season friendly / invitational tournaments,Luxembourg Division of Honour
Pre-season friendly / invitational tournaments,Luxembourg 1. Division
Pre-season friendly / invitational tournaments,Luxembourg 2. Division
Pre-season friendly / invitational tournaments,Luxembourg 3. Division
Pre-season friendly / invitational tournaments,Luxembourg Cup
Pre-season friendly / invitational tournaments,Coupe FLF
Pre-season friendly / invitational tournaments,Dames Ligue 1
Pre-season friendly / invitational tournaments,Dames Ligue 2
Pre-season friendly / invitational tournaments,Dames Ligue 3
Pre-season friendly / invitational tournaments,Luxembourg Women's Cup
Pre-season friendly / invitational tournaments,Maltese Football League
Pre-season friendly / invitational tournaments,Maltese Premier League
Pre-season friendly / invitational tournaments,Maltese Challenge League
Pre-season friendly / invitational tournaments,Maltese National Amateur League
Pre-season friendly / invitational tournaments,Maltese FA Trophy
Pre-season friendly / invitational tournaments,Maltese Super Cup
Pre-season friendly / invitational tournaments,Divizia Națională
Pre-season friendly / invitational tournaments,"Moldovan ""A"" Division"
Pre-season friendly / invitational tournaments,"Moldovan ""B"" Division"
Pre-season friendly / invitational tournaments,Moldovan Cup
Pre-season friendly / invitational tournaments,Moldovan Super Cup
Pre-season friendly / invitational tournaments,Montenegrin First League
Pre-season friendly / invitational tournaments,Montenegrin Second League
Pre-season friendly / invitational tournaments,Montenegrin Third League
Pre-season friendly / invitational tournaments,Montenegrin Cup
Pre-season friendly / invitational tournaments,Montenegrin Women's League
Pre-season friendly / invitational tournaments,Eredivisie
Pre-season friendly / invitational tournaments,Eerste Divisie
Pre-season friendly / invitational tournaments,Tweede Divisie
Pre-season friendly / invitational tournaments,Derde Divisie
Pre-season friendly / invitational tournaments,Hoofdklasse
Pre-season friendly / invitational tournaments,Eerste Klasse
Pre-season friendly / invitational tournaments,Tweede Klasse
Pre-season friendly / invitational tournaments,Derde Klasse
Pre-season friendly / invitational tournaments,Vierde Klasse
Pre-season friendly / invitational tournaments,Vijfde Klasse
Pre-season friendly / invitational tournaments,KNVB Beker
Pre-season friendly / invitational tournaments,Johan Cruijff Schaal
Pre-season friendly / invitational tournaments,Eredivisie
Pre-season friendly / invitational tournaments,KNVB Beker
Pre-season friendly / invitational tournaments,KNVB Beker voor beloften
Pre-season friendly / invitational tournaments,KNVB Beker voor amateurs
Pre-season friendly / invitational tournaments,Districtsbeker
Pre-season friendly / invitational tournaments,Vrouwen Eredivisie
Pre-season friendly / invitational tournaments,Topklasse
Pre-season friendly / invitational tournaments,Hoofdklasse
Pre-season friendly / invitational tournaments,KNVB Beker voor Vrouwen
Pre-season friendly / invitational tournaments,Irish Premiership
Pre-season friendly / invitational tournaments,NIFL Championship
Pre-season friendly / invitational tournaments,NIFL Premier Intermediate League
Pre-season friendly / invitational tournaments,Irish Cup
Pre-season friendly / invitational tournaments,Northern Ireland Football League Cup
Pre-season friendly / invitational tournaments,NIFL Charity Shield
Pre-season friendly / invitational tournaments,County Antrim Shield
Pre-season friendly / invitational tournaments,Mid-Ulster Cup
Pre-season friendly / invitational tournaments,North West Senior Cup
Pre-season friendly / invitational tournaments,Irish Intermediate Cup
Pre-season friendly / invitational tournaments,Steel & Sons Cup
Pre-season friendly / invitational tournaments,Bob Radcliffe Cup
Pre-season friendly / invitational tournaments,Craig Memorial Cup
Pre-season friendly / invitational tournaments,George Wilson Cup
Pre-season friendly / invitational tournaments,1. MFL
Pre-season friendly / invitational tournaments,2. MFL
Pre-season friendly / invitational tournaments,3. MFL
Pre-season friendly / invitational tournaments,Macedonian Regional Football Leagues
Pre-season friendly / invitational tournaments,Macedonian women's football championship
Pre-season friendly / invitational tournaments,Macedonian Football Cup
Pre-season friendly / invitational tournaments,Macedonian Supercup
Pre-season friendly / invitational tournaments,Macedonian Women's Football Cup
Pre-season friendly / invitational tournaments,Eliteserien
Pre-season friendly / invitational tournaments,Norwegian First Division
Pre-season friendly / invitational tournaments,Norwegian Second Division
Pre-season friendly / invitational tournaments,Norwegian Third Division
Pre-season friendly / invitational tournaments,Norwegian Fourth Division
Pre-season friendly / invitational tournaments,NM Cupen
Pre-season friendly / invitational tournaments,Mesterfinalen
Pre-season friendly / invitational tournaments,Northern Norwegian Cup
Pre-season friendly / invitational tournaments,Norwegian Youth Cup
Pre-season friendly / invitational tournaments,Norwegian Under-16 Cup
Pre-season friendly / invitational tournaments,Toppserien
Pre-season friendly / invitational tournaments,Norwegian First Division (women)
Pre-season friendly / invitational tournaments,Norwegian Second Division (women)
Pre-season friendly / invitational tournaments,Norwegian Women's Cup
Pre-season friendly / invitational tournaments,NFF Futsal Eliteserie
Pre-season friendly / invitational tournaments,Ekstraklasa
Pre-season friendly / invitational tournaments,I liga
Pre-season friendly / invitational tournaments,II liga
Pre-season friendly / invitational tournaments,III liga
Pre-season friendly / invitational tournaments,IV liga
Pre-season friendly / invitational tournaments,V liga
Pre-season friendly / invitational tournaments,Liga okręgowa
Pre-season friendly / invitational tournaments,Klasa A
Pre-season friendly / invitational tournaments,Klasa B
Pre-season friendly / invitational tournaments,Klasa C
Pre-season friendly / invitational tournaments,Polish Cup
Pre-season friendly / invitational tournaments,Polish Super Cup
Pre-season friendly / invitational tournaments,Ekstraklasa
Pre-season friendly / invitational tournaments,Polish Cup
Pre-season friendly / invitational tournaments,Ekstraklasa Cup
Pre-season friendly / invitational tournaments,Primeira Liga
Pre-season friendly / invitational tournaments,Liga Portugal
Pre-season friendly / invitational tournaments,Liga Portugal 2
Pre-season friendly / invitational tournaments,Liga Portugal
Pre-season friendly / invitational tournaments,Liga 3
Pre-season friendly / invitational tournaments,Campeonato de Portugal
Pre-season friendly / invitational tournaments,Portuguese District Championships First Levels
Pre-season friendly / invitational tournaments,Portuguese District Championships Second Levels
Pre-season friendly / invitational tournaments,Portuguese District Championships Third Levels
Pre-season friendly / invitational tournaments,Portuguese District Championships Fourth Levels
Pre-season friendly / invitational tournaments,Taça de Portugal
Pre-season friendly / invitational tournaments,Taça da Liga
Pre-season friendly / invitational tournaments,Liga Portugal
Pre-season friendly / invitational tournaments,Supertaça Cândido de Oliveira
Pre-season friendly / invitational tournaments,Primeira Liga
Pre-season friendly / invitational tournaments,Taça de Portugal
Pre-season friendly / invitational tournaments,Revelation League
Pre-season friendly / invitational tournaments,pt
Pre-season friendly / invitational tournaments,Campeonato Nacional Feminino
Pre-season friendly / invitational tournaments,Campeonato Nacional II Divisão Feminino
Pre-season friendly / invitational tournaments,Taça de Portugal Feminina
Pre-season friendly / invitational tournaments,Taça da Liga Feminina
Pre-season friendly / invitational tournaments,Supertaça de Portugal Feminina
Pre-season friendly / invitational tournaments,League of Ireland Premier Division
Pre-season friendly / invitational tournaments,League of Ireland First Division
Pre-season friendly / invitational tournaments,Women's National League
Pre-season friendly / invitational tournaments,FAI Cup
Pre-season friendly / invitational tournaments,League of Ireland Cup
Pre-season friendly / invitational tournaments,President of Ireland's Cup
Pre-season friendly / invitational tournaments,Leinster Senior Cup
Pre-season friendly / invitational tournaments,Munster Senior Cup
Pre-season friendly / invitational tournaments,FAI Women's Cup
Pre-season friendly / invitational tournaments,Liga I
Pre-season friendly / invitational tournaments,Liga II
Pre-season friendly / invitational tournaments,Liga III
Pre-season friendly / invitational tournaments,Liga IV
Pre-season friendly / invitational tournaments,Liga V
Pre-season friendly / invitational tournaments,Liga VI
Pre-season friendly / invitational tournaments,Cupa României
Pre-season friendly / invitational tournaments,Supercupa României
Pre-season friendly / invitational tournaments,Liga I
Pre-season friendly / invitational tournaments,Cupa României
Pre-season friendly / invitational tournaments,Russian Premier League
Pre-season friendly / invitational tournaments,Russian Football National League
Pre-season friendly / invitational tournaments,Russian Football National League 2
Pre-season friendly / invitational tournaments,Russian championship among amateur football clubs (III division)
Pre-season friendly / invitational tournaments,Russian Cup
Pre-season friendly / invitational tournaments,Russian Super Cup
Pre-season friendly / invitational tournaments,Russian Premier League
Pre-season friendly / invitational tournaments,Russian Cup
Pre-season friendly / invitational tournaments,FNL Cup
Pre-season friendly / invitational tournaments,Russian Premier League Cup
Pre-season friendly / invitational tournaments,Football Cup of the Russian SFSR
Pre-season friendly / invitational tournaments,Youth football championship of Russia
Pre-season friendly / invitational tournaments,Campionato Sammarinese di Calcio
Pre-season friendly / invitational tournaments,Coppa Titano
Pre-season friendly / invitational tournaments,Super Coppa Sammarinese
Pre-season friendly / invitational tournaments,Trofeo Federale
Pre-season friendly / invitational tournaments,Scottish Premiership
Pre-season friendly / invitational tournaments,Scottish Professional Football League
Pre-season friendly / invitational tournaments,Scottish Premier League
Pre-season friendly / invitational tournaments,Scottish Championship
Pre-season friendly / invitational tournaments,Scottish Football League First Division
Pre-season friendly / invitational tournaments,Scottish League One
Pre-season friendly / invitational tournaments,Scottish Football League Second Division
Pre-season friendly / invitational tournaments,Scottish League Two
Pre-season friendly / invitational tournaments,Scottish Football League Third Division
Pre-season friendly / invitational tournaments,Highland Football League
Pre-season friendly / invitational tournaments,Lowland Football League
Pre-season friendly / invitational tournaments,Scottish Cup
Pre-season friendly / invitational tournaments,Scottish League Cup
Pre-season friendly / invitational tournaments,Scottish Challenge Cup
Pre-season friendly / invitational tournaments,Highland
Pre-season friendly / invitational tournaments,Lowland
Pre-season friendly / invitational tournaments,Republic of Ireland
Pre-season friendly / invitational tournaments,Northern Ireland
Pre-season friendly / invitational tournaments,Wales
Pre-season friendly / invitational tournaments,England
Pre-season friendly / invitational tournaments,Scottish Women's Premier League
Pre-season friendly / invitational tournaments,Scottish Women's First Division
Pre-season friendly / invitational tournaments,Scottish Women's Second Divisions
Pre-season friendly / invitational tournaments,North
Pre-season friendly / invitational tournaments,East & Central
Pre-season friendly / invitational tournaments,Southeast
Pre-season friendly / invitational tournaments,West & Southwest
Pre-season friendly / invitational tournaments,Scottish Women's Cup
Pre-season friendly / invitational tournaments,Scottish Women's Premier League Cup
Pre-season friendly / invitational tournaments,Scottish Women's First Division Cup
Pre-season friendly / invitational tournaments,Scottish Women's Second Division Cup
Pre-season friendly / invitational tournaments,SuperLiga
Pre-season friendly / invitational tournaments,Prva Liga Srbije
Pre-season friendly / invitational tournaments,Srpska Liga
Pre-season friendly / invitational tournaments,Serbian Zone League
Pre-season friendly / invitational tournaments,Kup Srbije
Pre-season friendly / invitational tournaments,Serbian Super Liga (women)
Pre-season friendly / invitational tournaments,Serbian Women's Cup
Pre-season friendly / invitational tournaments,Prva Futsal Liga
Pre-season friendly / invitational tournaments,Niké Liga
Pre-season friendly / invitational tournaments,2. liga
Pre-season friendly / invitational tournaments,3. liga
Pre-season friendly / invitational tournaments,4. liga
Pre-season friendly / invitational tournaments,5. liga
Pre-season friendly / invitational tournaments,Slovak Women's First League
Pre-season friendly / invitational tournaments,Slovak Cup
Pre-season friendly / invitational tournaments,Slovak Super Cup
Pre-season friendly / invitational tournaments,Slovak Women's Cup
Pre-season friendly / invitational tournaments,1.SNL
Pre-season friendly / invitational tournaments,2.SNL
Pre-season friendly / invitational tournaments,3.SNL
Pre-season friendly / invitational tournaments,Slovenian Regional Leagues
Pre-season friendly / invitational tournaments,Slovenian Women's League
Pre-season friendly / invitational tournaments,Hervis Pokal
Pre-season friendly / invitational tournaments,Slovenian Women's Cup
Pre-season friendly / invitational tournaments,La Liga
Pre-season friendly / invitational tournaments,Liga Nacional de Fútbol Profesional
Pre-season friendly / invitational tournaments,Segunda División
Pre-season friendly / invitational tournaments,Primera Federación
Pre-season friendly / invitational tournaments,Segunda Federación
Pre-season friendly / invitational tournaments,Tercera Federación
Pre-season friendly / invitational tournaments,Divisiones Regionales
Pre-season friendly / invitational tournaments,Segunda División B
Pre-season friendly / invitational tournaments,Tercera División
Pre-season friendly / invitational tournaments,Copa del Rey
Pre-season friendly / invitational tournaments,Supercopa de España
Pre-season friendly / invitational tournaments,La Liga
Pre-season friendly / invitational tournaments,Copa del Rey
Pre-season friendly / invitational tournaments,Copa Federación
Pre-season friendly / invitational tournaments,RFEF
Pre-season friendly / invitational tournaments,Teresa Herrera Trophy
Pre-season friendly / invitational tournaments,División de Honor Juvenil
Pre-season friendly / invitational tournaments,Divisiones Regionales
Pre-season friendly / invitational tournaments,Copa del Rey Juvenil
Pre-season friendly / invitational tournaments,Copa de Campeones Juvenil
Pre-season friendly / invitational tournaments,División de Honor Juvenil
Pre-season friendly / invitational tournaments,Liga F
Pre-season friendly / invitational tournaments,Primera Federación
Pre-season friendly / invitational tournaments,Segunda Federación
Pre-season friendly / invitational tournaments,Primera Nacional de Fútbol
Pre-season friendly / invitational tournaments,Divisiones Regionales de Fútbol Femenino
Pre-season friendly / invitational tournaments,Copa de la Reina
Pre-season friendly / invitational tournaments,Allsvenskan
Pre-season friendly / invitational tournaments,Superettan
Pre-season friendly / invitational tournaments,Division 1
Pre-season friendly / invitational tournaments,Division 2
Pre-season friendly / invitational tournaments,Division 3
Pre-season friendly / invitational tournaments,Division 4
Pre-season friendly / invitational tournaments,Division 5
Pre-season friendly / invitational tournaments,Division 6
Pre-season friendly / invitational tournaments,Division 7
Pre-season friendly / invitational tournaments,Division 8
Pre-season friendly / invitational tournaments,Damallsvenskan
Pre-season friendly / invitational tournaments,Elitettan
Pre-season friendly / invitational tournaments,Svenska Cupen
Pre-season friendly / invitational tournaments,Svenska Cupen (women)
Pre-season friendly / invitational tournaments,Swiss Super League
Pre-season friendly / invitational tournaments,Swiss Challenge League
Pre-season friendly / invitational tournaments,Promotion League
Pre-season friendly / invitational tournaments,1. Liga Classic
Pre-season friendly / invitational tournaments,2. Liga Interregional
Pre-season friendly / invitational tournaments,2. Liga
Pre-season friendly / invitational tournaments,Swiss Women's Super League
Pre-season friendly / invitational tournaments,Schweizer Cup
Pre-season friendly / invitational tournaments,Uhrencup
Pre-season friendly / invitational tournaments,Cup of the Alps
Pre-season friendly / invitational tournaments,Swiss League Cup
Pre-season friendly / invitational tournaments,Swiss Super Cup
Pre-season friendly / invitational tournaments,Swiss Women's Cup
Pre-season friendly / invitational tournaments,Süper Lig
Pre-season friendly / invitational tournaments,TFF 1. Lig
Pre-season friendly / invitational tournaments,TFF 2. Lig
Pre-season friendly / invitational tournaments,TFF 3. Lig
Pre-season friendly / invitational tournaments,Bölgesel Amatör Ligi
Pre-season friendly / invitational tournaments,Süper Amatör Ligleri
Pre-season friendly / invitational tournaments,Birinci Amatör Küme
Pre-season friendly / invitational tournaments,İkinci Amatör Küme
Pre-season friendly / invitational tournaments,Turkish Cup
Pre-season friendly / invitational tournaments,Turkish Super Cup
Pre-season friendly / invitational tournaments,Chancellor Cup
Pre-season friendly / invitational tournaments,Atatürk Cup
Pre-season friendly / invitational tournaments,Kadınlar Süper Ligi
Pre-season friendly / invitational tournaments,Kadınlar 1. Ligi
Pre-season friendly / invitational tournaments,Kadınlar 2. Ligi
Pre-season friendly / invitational tournaments,Kadınlar 3. Ligi
Pre-season friendly / invitational tournaments,Ukrainian Premier League
Pre-season friendly / invitational tournaments,Ukrainian First League
Pre-season friendly / invitational tournaments,Ukrainian Second League
Pre-season friendly / invitational tournaments,Ukrainian Amateur Football Championship
Pre-season friendly / invitational tournaments,Regional championships
Pre-season friendly / invitational tournaments,Ukrainian Cup
Pre-season friendly / invitational tournaments,Ukrainian Super Cup
Pre-season friendly / invitational tournaments,Ukrainian Premier League
Pre-season friendly / invitational tournaments,Ukrainian Cup
Pre-season friendly / invitational tournaments,Ukrainian Amateur Cup
Pre-season friendly / invitational tournaments,FFU Region's Cup
Pre-season friendly / invitational tournaments,Cymru Premier
Pre-season friendly / invitational tournaments,Cymru North
Pre-season friendly / invitational tournaments,Cymru South
Pre-season friendly / invitational tournaments,Ardal Leagues
Pre-season friendly / invitational tournaments,Area leagues
Pre-season friendly / invitational tournaments,Lower tier leagues
Pre-season friendly / invitational tournaments,Welsh Premier Women's Football League
Pre-season friendly / invitational tournaments,Welsh Cup
Pre-season friendly / invitational tournaments,FAW Premier Cup
Pre-season friendly / invitational tournaments,Welsh League Cup
Pre-season friendly / invitational tournaments,FAW Trophy
Pre-season friendly / invitational tournaments,Welsh Football League Cup
Pre-season friendly / invitational tournaments,Cymru Alliance League Cup
Pre-season friendly / invitational tournaments,FAW Women's Cup
Pre-season friendly / invitational tournaments,FAW Welsh Youth Cup
Pre-season friendly / invitational tournaments,FIFA
Pre-season friendly / invitational tournaments,Clericus Cup
Pre-season friendly / invitational tournaments,CONIFA World Football Cup
Pre-season friendly / invitational tournaments,Viva World Cup
Pre-season friendly / invitational tournaments,FIFI Wild Cup
Pre-season friendly / invitational tournaments,Island Games
Pre-season friendly / invitational tournaments,UNPO Cup
Pre-season friendly / invitational tournaments,Europeada
Pre-season friendly / invitational tournaments,ELF Cup
Pre-season friendly / invitational tournaments,Homeless World Cup
Pre-season friendly / invitational tournaments,Unofficial Football World Championships
Pre-season friendly / invitational tournaments,Women's Unofficial Football World Championships
Pre-season friendly / invitational tournaments,Abkhazian Premier League
Pre-season friendly / invitational tournaments,Abkhazian Cup
Pre-season friendly / invitational tournaments,Abkhazia Super Cup
Pre-season friendly / invitational tournaments,Ascension Island Football League
Pre-season friendly / invitational tournaments,Ascension Island League Cup
Pre-season friendly / invitational tournaments,Ascension Island District Cup
Pre-season friendly / invitational tournaments,J. Lawrence Knock-out Cup
Pre-season friendly / invitational tournaments,Flipper Cup
Pre-season friendly / invitational tournaments,Christmas Island Soccer League
Pre-season friendly / invitational tournaments,Crimean Premier League
Pre-season friendly / invitational tournaments,Master-Torg DPR Premier League
Pre-season friendly / invitational tournaments,Falkland Islands Football League
Pre-season friendly / invitational tournaments,Pohnpei Premier League
Pre-season friendly / invitational tournaments,Micronesian Games
Pre-season friendly / invitational tournaments,Gozo Football League First Division
Pre-season friendly / invitational tournaments,Gozo Football League Second Division
Pre-season friendly / invitational tournaments,Gozo Football Female League
Pre-season friendly / invitational tournaments,G.F.A. Cup
Pre-season friendly / invitational tournaments,Independence Cup
Pre-season friendly / invitational tournaments,Freedom Day Cup
Pre-season friendly / invitational tournaments,Second Division Knock-Out
Pre-season friendly / invitational tournaments,Greenlandic Men's Football Championship
Pre-season friendly / invitational tournaments,Greenland Cup
Pre-season friendly / invitational tournaments,Priaulx League
Pre-season friendly / invitational tournaments,FNB Jackson League
Pre-season friendly / invitational tournaments,Railway League 1
Pre-season friendly / invitational tournaments,Railway League 2
Pre-season friendly / invitational tournaments,Guernsey Veterans League
Pre-season friendly / invitational tournaments,Guernsey Women's League
Pre-season friendly / invitational tournaments,Guernsey FA Cup
Pre-season friendly / invitational tournaments,Frederick Martinez Cup
Pre-season friendly / invitational tournaments,Stranger Charity Cup
Pre-season friendly / invitational tournaments,Mauger Cup
Pre-season friendly / invitational tournaments,Rouget Cup
Pre-season friendly / invitational tournaments,Rawlinson Cup
Pre-season friendly / invitational tournaments,Le Vallee Cup
Pre-season friendly / invitational tournaments,Upton Park Trophy
Pre-season friendly / invitational tournaments,Guernsey Women's Knock-out Cup
Pre-season friendly / invitational tournaments,Guernsey Women's Secondary Cup
Pre-season friendly / invitational tournaments,Kurdistan Premier League
Pre-season friendly / invitational tournaments,Kurdistan Cup
Pre-season friendly / invitational tournaments,Kurdistan Super Cup
Pre-season friendly / invitational tournaments,Isle of Man Football League
Pre-season friendly / invitational tournaments,Isle of Man Premier League
Pre-season friendly / invitational tournaments,Isle of Man Division 2
Pre-season friendly / invitational tournaments,Isle of Man Football Combination
Pre-season friendly / invitational tournaments,Isle of Man FA Cup
Pre-season friendly / invitational tournaments,Isle of Man Hospital Cup
Pre-season friendly / invitational tournaments,Isle of Man Railway Cup
Pre-season friendly / invitational tournaments,Isle of Man Gold Cup
Pre-season friendly / invitational tournaments,Isle of Man Woods Memorial Cup
Pre-season friendly / invitational tournaments,Isle of Man Charity Shield
Pre-season friendly / invitational tournaments,Isles of Scilly Football League
Pre-season friendly / invitational tournaments,Wholesalers Cup
Pre-season friendly / invitational tournaments,Foredeck Cup
Pre-season friendly / invitational tournaments,Jersey Football Combination
Pre-season friendly / invitational tournaments,Jersey Championship
Pre-season friendly / invitational tournaments,Le Riche Cup
Pre-season friendly / invitational tournaments,Wheway Trophy
Pre-season friendly / invitational tournaments,Jersey Charity Cup
Pre-season friendly / invitational tournaments,Upton Park Trophy
Pre-season friendly / invitational tournaments,Luhansk Football League
Pre-season friendly / invitational tournaments,Marshallese Soccer League
Pre-season friendly / invitational tournaments,Mayotte Division Honneur
Pre-season friendly / invitational tournaments,Coupe de Mayotte
Pre-season friendly / invitational tournaments,Liga de Balompié Mexicano
Pre-season friendly / invitational tournaments,Challenge Prince Rainier III
Pre-season friendly / invitational tournaments,Trophée Ville de Monaco
Pre-season friendly / invitational tournaments,Challenge Monégasque
Pre-season friendly / invitational tournaments,Nauru Soccer League
Pre-season friendly / invitational tournaments,Niue Soccer Tournament
Pre-season friendly / invitational tournaments,KTFF Süper Lig
Pre-season friendly / invitational tournaments,CTFA
Pre-season friendly / invitational tournaments,KTFF 1. Lig
Pre-season friendly / invitational tournaments,KTFF 2. Lig
Pre-season friendly / invitational tournaments,KTFF Women's League
Pre-season friendly / invitational tournaments,Cypriot Cup
Pre-season friendly / invitational tournaments,KTFF Super Cup
Pre-season friendly / invitational tournaments,Palau Soccer League
Pre-season friendly / invitational tournaments,Palau Youth Soccer League
Pre-season friendly / invitational tournaments,Sahrawi Republic Cup
Pre-season friendly / invitational tournaments,Saint-Barthelemy Championships
Pre-season friendly / invitational tournaments,Coupe de Saint-Barth
Pre-season friendly / invitational tournaments,Trophée José da Silva
Pre-season friendly / invitational tournaments,St. Helena Island Football League
Pre-season friendly / invitational tournaments,Ligue de Football de Saint Pierre et Miquelon
Pre-season friendly / invitational tournaments,Cosmopolitan Football League
Pre-season friendly / invitational tournaments,Somaliland Football League
Pre-season friendly / invitational tournaments,Telesom Cup
Pre-season friendly / invitational tournaments,Somaliland Regional Games
Pre-season friendly / invitational tournaments,South Ossetian Football League
Pre-season friendly / invitational tournaments,South Ossetia Youth League
Pre-season friendly / invitational tournaments,Soccer in Tokelau
Pre-season friendly / invitational tournaments,Tuvalu A-Division
Pre-season friendly / invitational tournaments,Tuvalu B-Division
Pre-season friendly / invitational tournaments,Tuvalu A-Division League (women's)
Pre-season friendly / invitational tournaments,Taganoa Cup
Pre-season friendly / invitational tournaments,Independence Cup
Pre-season friendly / invitational tournaments,Christmas Cup
Pre-season friendly / invitational tournaments,Tuvalu Games
Pre-season friendly / invitational tournaments,Vatican City Championship
Pre-season friendly / invitational tournaments,Coppa Sergio Valci
Pre-season friendly / invitational tournaments,Supercoppa
Pre-season friendly / invitational tournaments,Clericus Cup
Pre-season friendly / invitational tournaments,Wallis Première Division
Pre-season friendly / invitational tournaments,Wallis Deuxième Division
Pre-season friendly / invitational tournaments,Futuna Première Division
Pre-season friendly / invitational tournaments,Futuna Deuxième Division
Pre-season friendly / invitational tournaments,Coupe de l'Outre-Mer
Pre-season friendly / invitational tournaments,Outremer Champions Cup
Pre-season friendly / invitational tournaments,Austria-Hungary
Pre-season friendly / invitational tournaments,Tagblatt Pokal
Pre-season friendly / invitational tournaments,Austria-Hungary Challenge Cup
Pre-season friendly / invitational tournaments,Commonwealth of Independent States
Pre-season friendly / invitational tournaments,CIS Super League
Pre-season friendly / invitational tournaments,United Tournament
Pre-season friendly / invitational tournaments,United Supercup
Pre-season friendly / invitational tournaments,Czechoslovakia
Pre-season friendly / invitational tournaments,Czechoslovak First League
Pre-season friendly / invitational tournaments,Czechoslovak Second League
Pre-season friendly / invitational tournaments,Czechoslovak Third League
Pre-season friendly / invitational tournaments,Czechoslovak Cup
Pre-season friendly / invitational tournaments,German Democratic Republic
Pre-season friendly / invitational tournaments,DDR-Oberliga
Pre-season friendly / invitational tournaments,DDR-Liga
Pre-season friendly / invitational tournaments,DDR-Liga
Pre-season friendly / invitational tournaments,II. DDR-Liga
Pre-season friendly / invitational tournaments,FDGB-Pokal
Pre-season friendly / invitational tournaments,DFV-Supercup
Pre-season friendly / invitational tournaments,Mandatory Palestine
Pre-season friendly / invitational tournaments,Mandatory Palestine League
Pre-season friendly / invitational tournaments,Palestine Premier League (1945–1947)
Pre-season friendly / invitational tournaments,Mis'chakei HaBechora
Pre-season friendly / invitational tournaments,Haifa League
Pre-season friendly / invitational tournaments,Jerusalem Services and Police League
Pre-season friendly / invitational tournaments,Jerusalem League
Pre-season friendly / invitational tournaments,Liga Bet (Division 2)
Pre-season friendly / invitational tournaments,Samaria Division
Pre-season friendly / invitational tournaments,Sharon Division
Pre-season friendly / invitational tournaments,Liga Gimel (Division 3)
Pre-season friendly / invitational tournaments,Palestine Youth League
Pre-season friendly / invitational tournaments,Palestine Cup (1922–1947)
Pre-season friendly / invitational tournaments,Hebrew Cup
Pre-season friendly / invitational tournaments,People's Cup (1928)
Pre-season friendly / invitational tournaments,Tel Aviv District Cup
Pre-season friendly / invitational tournaments,Palestine Mond Cup
Pre-season friendly / invitational tournaments,Jerusalem Cup
Pre-season friendly / invitational tournaments,Nashashibi Cup
Pre-season friendly / invitational tournaments,Jaffa Mayor Cup
Pre-season friendly / invitational tournaments,Mr. Guth Cup
Pre-season friendly / invitational tournaments,Melchett Cup
Pre-season friendly / invitational tournaments,Palestine Autumn Cup
Pre-season friendly / invitational tournaments,Palestine National Shield
Pre-season friendly / invitational tournaments,Nesher Cup
Pre-season friendly / invitational tournaments,Haifa Cup
Pre-season friendly / invitational tournaments,Palestine North Cup
Pre-season friendly / invitational tournaments,Jezreel Valley Cup
Pre-season friendly / invitational tournaments,Jordan Valley Cup
Pre-season friendly / invitational tournaments,The Wartime Cup
Pre-season friendly / invitational tournaments,Netherlands Antilles
Pre-season friendly / invitational tournaments,Netherlands Antilles Championship
Pre-season friendly / invitational tournaments,North Vietnam
Pre-season friendly / invitational tournaments,North Vietnam V-League
Pre-season friendly / invitational tournaments,Ottoman Empire
Pre-season friendly / invitational tournaments,Constantinople Football League
Pre-season friendly / invitational tournaments,People's Democratic Republic of Yemen
Pre-season friendly / invitational tournaments,South Yemeni League
Pre-season friendly / invitational tournaments,South Yemen Cup
Pre-season friendly / invitational tournaments,Republic of Artsakh
Pre-season friendly / invitational tournaments,Artsakh Football League
Pre-season friendly / invitational tournaments,Artsakh Cup
Pre-season friendly / invitational tournaments,Saar Protectorate
Pre-season friendly / invitational tournaments,Amateurliga Saarland
Pre-season friendly / invitational tournaments,Saarland
Pre-season friendly / invitational tournaments,Germany
Pre-season friendly / invitational tournaments,Serbia and Montenegro
Pre-season friendly / invitational tournaments,First League of Serbia and Montenegro
Pre-season friendly / invitational tournaments,Second League of Serbia and Montenegro
Pre-season friendly / invitational tournaments,Serbian First League (2004–2006)
Pre-season friendly / invitational tournaments,Montenegrin First League (2004–2006)
Pre-season friendly / invitational tournaments,Serbia and Montenegro Cup
Pre-season friendly / invitational tournaments,South Vietnam
Pre-season friendly / invitational tournaments,South Vietnam V-League
Pre-season friendly / invitational tournaments,South Vietnam V-League Division 2
Pre-season friendly / invitational tournaments,South Vietnam League Cup
Pre-season friendly / invitational tournaments,Soviet Union
Pre-season friendly / invitational tournaments,Soviet Union football league system
Pre-season friendly / invitational tournaments,Soviet Top League
Pre-season friendly / invitational tournaments,Soviet First League
Pre-season friendly / invitational tournaments,Soviet Second League
Pre-season friendly / invitational tournaments,Soviet Second League B
Pre-season friendly / invitational tournaments,Soviet Cup
Pre-season friendly / invitational tournaments,Soviet Super Cup
Pre-season friendly / invitational tournaments,USSR Federation Cup
Pre-season friendly / invitational tournaments,All-Union Committee of Physical Culture and Sports Tournament
Pre-season friendly / invitational tournaments,Soviet Season Opener Cup
Pre-season friendly / invitational tournaments,Nedel Cup
Pre-season friendly / invitational tournaments,USSR 60th Anniversary Cup
Pre-season friendly / invitational tournaments,Valentin Granatkin Memorial Tournament
Pre-season friendly / invitational tournaments,Snowdrop Tournament
Pre-season friendly / invitational tournaments,Soviet Sport Prize
Pre-season friendly / invitational tournaments,Yemen Arab Republic
Pre-season friendly / invitational tournaments,North Yemeni League
Pre-season friendly / invitational tournaments,North Yemen Cup of the Republic
Pre-season friendly / invitational tournaments,Yugoslavia
Pre-season friendly / invitational tournaments,Yugoslav First League
Pre-season friendly / invitational tournaments,Yugoslav Second League
Pre-season friendly / invitational tournaments,Yugoslav Third League
Pre-season friendly / invitational tournaments,Yugoslav Cup
Pre-season friendly / invitational tournaments,Yugoslav Super Cup
Pre-season friendly / invitational tournaments,Geography of association football
Pre-season friendly / invitational tournaments,Geography of women's association football
Pre-season friendly / invitational tournaments,International competitions in women's association football
Pre-season friendly / invitational tournaments,List of association football clubs
Pre-season friendly / invitational tournaments,List of football clubs by competitive honours won
Pre-season friendly / invitational tournaments,List of men's national association football teams
Pre-season friendly / invitational tournaments,List of women's national association football teams
Pre-season friendly / invitational tournaments,Exhibition/charity/legends/friendly/preseason
Pre-season friendly / invitational tournaments,match
Pre-season friendly / invitational tournaments,Playoffs/postseason/finals
Pre-season friendly / invitational tournaments,List of futsal competitions
Pre-season friendly / invitational tournaments,Beach Soccer Worldwide
Pre-season friendly / invitational tournaments,Japanese
Pre-season friendly / invitational tournaments,sponsorship
Pre-season friendly / invitational tournaments,Toyota
Pre-season friendly / invitational tournaments,Japanese
Pre-season friendly / invitational tournaments,"""Kurdish football prospers in new Iraq"""
Pre-season friendly / invitational tournaments,Archived
Pre-season friendly / invitational tournaments,"""Two Erbil teams competing for this year's Kurdistan Premier League football cup"""
Pre-season friendly / invitational tournaments,Archived
Pre-season friendly / invitational tournaments,"""Kurdistan football team coach elected"""
Pre-season friendly / invitational tournaments,Archived
Pre-season friendly / invitational tournaments,"""Scilly Isles: Scoring like Ronaldo in the world's smallest league"""
Pre-season friendly / invitational tournaments,Archived
Pre-season friendly / invitational tournaments,"""WHEN WILL I SEE YOU AGAIN? THE SMALLEST LEAGUE IN THE WORLD"""
Pre-season friendly / invitational tournaments,Archived
Pre-season friendly / invitational tournaments,"""Scilly old game: the football league with two teams"""
Pre-season friendly / invitational tournaments,Archived
Pre-season friendly / invitational tournaments,"""Scilly games: warming up for the world's smallest football trophy"""
Pre-season friendly / invitational tournaments,Archived
Pre-season friendly / invitational tournaments,"""It's a Scilly old game"""
Pre-season friendly / invitational tournaments,Archived
Pre-season friendly / invitational tournaments,"""Le football reprend avec le Trophée José Da Silva"""
Pre-season friendly / invitational tournaments,Archived
Pre-season friendly / invitational tournaments,"""Le Trophée José Da Silva commence ce samedi"""
Pre-season friendly / invitational tournaments,Archived
Pre-season friendly / invitational tournaments,"""Waxqabadka Sadexdii Bilood ee U Danbeeyay"""
Pre-season friendly / invitational tournaments,Archived
Pre-season friendly / invitational tournaments,"""Qoraalka Xukuumadda Ee waxqabadka Wasaaradaha Qorshaynta Qaranka, Dhalinyarada Iyo Ciyaaraha Ee Somaliland Sadexdii Bilood Ee Lasoo Dhaafay Qaybtii 8aad"""
Pre-season friendly / invitational tournaments,Archived
Pre-season friendly / invitational tournaments,History
Pre-season friendly / invitational tournaments,Timeline
Pre-season friendly / invitational tournaments,First association
Pre-season friendly / invitational tournaments,First international
Pre-season friendly / invitational tournaments,Oldest clubs
Pre-season friendly / invitational tournaments,Oldest competitions
Pre-season friendly / invitational tournaments,Attempts to ban the sport
Pre-season friendly / invitational tournaments,Caid
Pre-season friendly / invitational tournaments,Cuju
Pre-season friendly / invitational tournaments,Calcio Fiorentino
Pre-season friendly / invitational tournaments,English school games
Pre-season friendly / invitational tournaments,Episkyros
Pre-season friendly / invitational tournaments,Harpastum
Pre-season friendly / invitational tournaments,La soule
Pre-season friendly / invitational tournaments,Marn Grook
Pre-season friendly / invitational tournaments,Medieval
Pre-season friendly / invitational tournaments,Ba
Pre-season friendly / invitational tournaments,Camping
Pre-season friendly / invitational tournaments,Cnapan
Pre-season friendly / invitational tournaments,Cornish hurling
Pre-season friendly / invitational tournaments,Old Division
Pre-season friendly / invitational tournaments,Royal Shrovetide
Pre-season friendly / invitational tournaments,Uppies and Downies
Pre-season friendly / invitational tournaments,Away goals rule
Pre-season friendly / invitational tournaments,Ball
Pre-season friendly / invitational tournaments,Ball in/out
Pre-season friendly / invitational tournaments,Corner kick
Pre-season friendly / invitational tournaments,Duration of the match
Pre-season friendly / invitational tournaments,Equipment
Pre-season friendly / invitational tournaments,Field
Pre-season friendly / invitational tournaments,Fouls and misconduct
Pre-season friendly / invitational tournaments,Free kick
Pre-season friendly / invitational tournaments,Goal kick
Pre-season friendly / invitational tournaments,Goal difference
Pre-season friendly / invitational tournaments,Offside
Pre-season friendly / invitational tournaments,Penalty kick
Pre-season friendly / invitational tournaments,Penalty shoot-out
Pre-season friendly / invitational tournaments,Players
Pre-season friendly / invitational tournaments,Referee
Pre-season friendly / invitational tournaments,Assistants
Pre-season friendly / invitational tournaments,Scoring
Pre-season friendly / invitational tournaments,Start and restart
Pre-season friendly / invitational tournaments,Throw-in
Pre-season friendly / invitational tournaments,Sheffield rules
Pre-season friendly / invitational tournaments,Cambridge rules
Pre-season friendly / invitational tournaments,IFAB
Pre-season friendly / invitational tournaments,Ball
Pre-season friendly / invitational tournaments,Boots
Pre-season friendly / invitational tournaments,Kit
Pre-season friendly / invitational tournaments,Away colours
Pre-season friendly / invitational tournaments,Third jersey
Pre-season friendly / invitational tournaments,Throwback uniform
Pre-season friendly / invitational tournaments,Amputee
Pre-season friendly / invitational tournaments,Beach
Pre-season friendly / invitational tournaments,College
Pre-season friendly / invitational tournaments,Crab
Pre-season friendly / invitational tournaments,Five-a-side
Pre-season friendly / invitational tournaments,Futsal
Pre-season friendly / invitational tournaments,Indoor
Pre-season friendly / invitational tournaments,Freestyle
Pre-season friendly / invitational tournaments,Keepie uppie
Pre-season friendly / invitational tournaments,Footbag
Pre-season friendly / invitational tournaments,Paralympic
Pre-season friendly / invitational tournaments,Powerchair
Pre-season friendly / invitational tournaments,Jorkyball
Pre-season friendly / invitational tournaments,Roller
Pre-season friendly / invitational tournaments,Rush goalie
Pre-season friendly / invitational tournaments,Seven-a-side
Pre-season friendly / invitational tournaments,Sevens
Pre-season friendly / invitational tournaments,Swamp
Pre-season friendly / invitational tournaments,Street
Pre-season friendly / invitational tournaments,Three-sided
Pre-season friendly / invitational tournaments,3v3 Soccer
Pre-season friendly / invitational tournaments,Walking
Pre-season friendly / invitational tournaments,Goalkeeper
Pre-season friendly / invitational tournaments,Defender
Pre-season friendly / invitational tournaments,Midfielder
Pre-season friendly / invitational tournaments,Forward
Pre-season friendly / invitational tournaments,Formation
Pre-season friendly / invitational tournaments,Tactics
Pre-season friendly / invitational tournaments,History
Pre-season friendly / invitational tournaments,Dribble
Pre-season friendly / invitational tournaments,Cruyff turn
Pre-season friendly / invitational tournaments,Flip flap
Pre-season friendly / invitational tournaments,Marseille turn
Pre-season friendly / invitational tournaments,Runaround move
Pre-season friendly / invitational tournaments,Seal dribble
Pre-season friendly / invitational tournaments,Step over
Pre-season friendly / invitational tournaments,Dummy
Pre-season friendly / invitational tournaments,Header
Pre-season friendly / invitational tournaments,Keepie uppie
Pre-season friendly / invitational tournaments,Kick
Pre-season friendly / invitational tournaments,Bicycle
Pre-season friendly / invitational tournaments,Chip
Pre-season friendly / invitational tournaments,Curl
Pre-season friendly / invitational tournaments,Drop
Pre-season friendly / invitational tournaments,Punt
Pre-season friendly / invitational tournaments,Rabona
Pre-season friendly / invitational tournaments,Rainbow
Pre-season friendly / invitational tournaments,Scorpion
Pre-season friendly / invitational tournaments,Volley
Pre-season friendly / invitational tournaments,Nutmeg
Pre-season friendly / invitational tournaments,Pass
Pre-season friendly / invitational tournaments,Cross
Pre-season friendly / invitational tournaments,Long ball
Pre-season friendly / invitational tournaments,One-touch
Pre-season friendly / invitational tournaments,Push and run
Pre-season friendly / invitational tournaments,Shot
Pre-season friendly / invitational tournaments,Panenka
Pre-season friendly / invitational tournaments,Tackle
Pre-season friendly / invitational tournaments,Slide tackle
Pre-season friendly / invitational tournaments,Anti-football
Pre-season friendly / invitational tournaments,Catenaccio
Pre-season friendly / invitational tournaments,Tiki-taka
Pre-season friendly / invitational tournaments,Total football
Pre-season friendly / invitational tournaments,Zona mista
Pre-season friendly / invitational tournaments,Equaliser
Pre-season friendly / invitational tournaments,Trading cards
Pre-season friendly / invitational tournaments,Barra brava
Pre-season friendly / invitational tournaments,Curva
Pre-season friendly / invitational tournaments,Hooliganism
Pre-season friendly / invitational tournaments,Torcida
Pre-season friendly / invitational tournaments,Ultras
Pre-season friendly / invitational tournaments,Chant
Pre-season friendly / invitational tournaments,Rugby union
Pre-season friendly / invitational tournaments,FIFA
Pre-season friendly / invitational tournaments,Africa
Pre-season friendly / invitational tournaments,Asia
Pre-season friendly / invitational tournaments,Europe
Pre-season friendly / invitational tournaments,North & Central America
Pre-season friendly / invitational tournaments,Oceania
Pre-season friendly / invitational tournaments,South America
Pre-season friendly / invitational tournaments,Summer Olympics
Pre-season friendly / invitational tournaments,Youth Olympics
Pre-season friendly / invitational tournaments,Competitions
Pre-season friendly / invitational tournaments,Families
Pre-season friendly / invitational tournaments,Players
Pre-season friendly / invitational tournaments,Top scorers
Pre-season friendly / invitational tournaments,Clubs
Pre-season friendly / invitational tournaments,most successful clubs
Pre-season friendly / invitational tournaments,National teams
Pre-season friendly / invitational tournaments,Competitions
Pre-season friendly / invitational tournaments,Families
Pre-season friendly / invitational tournaments,Players
Pre-season friendly / invitational tournaments,Top scorers
Pre-season friendly / invitational tournaments,Clubs
Pre-season friendly / invitational tournaments,most successful clubs
Pre-season friendly / invitational tournaments,National teams
Pre-season friendly / invitational tournaments,12th man
Pre-season friendly / invitational tournaments,Alcohol
Pre-season friendly / invitational tournaments,Association football films
Pre-season friendly / invitational tournaments,Beautiful Game
Pre-season friendly / invitational tournaments,Captain
Pre-season friendly / invitational tournaments,Child abuse
Pre-season friendly / invitational tournaments,Culture
Pre-season friendly / invitational tournaments,Ethnicity
Pre-season friendly / invitational tournaments,Football club
Pre-season friendly / invitational tournaments,Geography
Pre-season friendly / invitational tournaments,Homosexuality
Pre-season friendly / invitational tournaments,IFFHS
Pre-season friendly / invitational tournaments,Names
Pre-season friendly / invitational tournaments,Politics
Pre-season friendly / invitational tournaments,Professionalism
Pre-season friendly / invitational tournaments,Racism
Pre-season friendly / invitational tournaments,Retired numbers (list)
Pre-season friendly / invitational tournaments,Rivalries (list)
Pre-season friendly / invitational tournaments,RSSSF
Pre-season friendly / invitational tournaments,Smoking
Pre-season friendly / invitational tournaments,Squad number
Pre-season friendly / invitational tournaments,Stadiums (list)
Pre-season friendly / invitational tournaments,Stars on badges
Pre-season friendly / invitational tournaments,Transfer
Pre-season friendly / invitational tournaments,World XI
Pre-season friendly / invitational tournaments,ASEAN All-Stars
Pre-season friendly / invitational tournaments,Europe XI
Pre-season friendly / invitational tournaments,Portal
Pre-season friendly / invitational tournaments,FIFA
Pre-season friendly / invitational tournaments,Federations
Pre-season friendly / invitational tournaments,Teams
Pre-season friendly / invitational tournaments,Competitions
Pre-season friendly / invitational tournaments,World Rankings
Pre-season friendly / invitational tournaments,The Best FIFA Football Awards
Pre-season friendly / invitational tournaments,Timeline
Pre-season friendly / invitational tournaments,Most successful clubs
Pre-season friendly / invitational tournaments,FIFA World Cup
Pre-season friendly / invitational tournaments,U-20
Pre-season friendly / invitational tournaments,U-17
Pre-season friendly / invitational tournaments,Olympic Games
Pre-season friendly / invitational tournaments,Youth
Pre-season friendly / invitational tournaments,FIFA Confederations Cup
Pre-season friendly / invitational tournaments,FIFA Gold Cup
Pre-season friendly / invitational tournaments,Africa Cup of Nations
Pre-season friendly / invitational tournaments,U-23
Pre-season friendly / invitational tournaments,U-20
Pre-season friendly / invitational tournaments,U-17
Pre-season friendly / invitational tournaments,African Nations League
Pre-season friendly / invitational tournaments,African Games
Pre-season friendly / invitational tournaments,African Nations Championship
Pre-season friendly / invitational tournaments,CECAFA
Pre-season friendly / invitational tournaments,COSAFA
Pre-season friendly / invitational tournaments,WAFU
Pre-season friendly / invitational tournaments,CEMAC
Pre-season friendly / invitational tournaments,Central African Games
Pre-season friendly / invitational tournaments,AFC Asian Cup
Pre-season friendly / invitational tournaments,U-23
Pre-season friendly / invitational tournaments,U-20
Pre-season friendly / invitational tournaments,U-17
Pre-season friendly / invitational tournaments,AFC Nations League
Pre-season friendly / invitational tournaments,Asian Games
Pre-season friendly / invitational tournaments,AFC Challenge Cup
Pre-season friendly / invitational tournaments,AFC Solidarity Cup
Pre-season friendly / invitational tournaments,AFF
Pre-season friendly / invitational tournaments,FIFA
Pre-season friendly / invitational tournaments,CAFA
Pre-season friendly / invitational tournaments,EAFF
Pre-season friendly / invitational tournaments,SAFF
Pre-season friendly / invitational tournaments,WAFF
Pre-season friendly / invitational tournaments,Arabian Gulf Cup
Pre-season friendly / invitational tournaments,East Asian Games
Pre-season friendly / invitational tournaments,South Asian Games
Pre-season friendly / invitational tournaments,Southeast Asian Games
Pre-season friendly / invitational tournaments,West Asian Games
Pre-season friendly / invitational tournaments,Far Eastern Games
Pre-season friendly / invitational tournaments,UEFA European Championship
Pre-season friendly / invitational tournaments,U-21
Pre-season friendly / invitational tournaments,U-19
Pre-season friendly / invitational tournaments,U-17
Pre-season friendly / invitational tournaments,UEFA Nations League
Pre-season friendly / invitational tournaments,Baltic Cup
Pre-season friendly / invitational tournaments,Central European Cup
Pre-season friendly / invitational tournaments,Balkan Cup
Pre-season friendly / invitational tournaments,British Home Championship
Pre-season friendly / invitational tournaments,Nordic Championship
Pre-season friendly / invitational tournaments,CONCACAF Gold Cup
Pre-season friendly / invitational tournaments,U-23
Pre-season friendly / invitational tournaments,U-20
Pre-season friendly / invitational tournaments,U-17
Pre-season friendly / invitational tournaments,U-15
Pre-season friendly / invitational tournaments,CONCACAF Nations League
Pre-season friendly / invitational tournaments,CONCACAF Championship
Pre-season friendly / invitational tournaments,CONCACAF Cup
Pre-season friendly / invitational tournaments,LIFA Cup
Pre-season friendly / invitational tournaments,WIFA Cup
Pre-season friendly / invitational tournaments,Central America and Caribbean Games
Pre-season friendly / invitational tournaments,Central America Games
Pre-season friendly / invitational tournaments,NAFC Championship
Pre-season friendly / invitational tournaments,CCCF Championship
Pre-season friendly / invitational tournaments,North American Nations Cup
Pre-season friendly / invitational tournaments,Copa Centroamericana
Pre-season friendly / invitational tournaments,CFU Championship
Pre-season friendly / invitational tournaments,Caribbean Cup
Pre-season friendly / invitational tournaments,OFC Nations Cup
Pre-season friendly / invitational tournaments,U-23
Pre-season friendly / invitational tournaments,U-19
Pre-season friendly / invitational tournaments,U-16
Pre-season friendly / invitational tournaments,Pacific Games
Pre-season friendly / invitational tournaments,Mini
Pre-season friendly / invitational tournaments,Melanesia Cup
Pre-season friendly / invitational tournaments,Micronesian Games
Pre-season friendly / invitational tournaments,Polynesia Cup
Pre-season friendly / invitational tournaments,CONMEBOL Copa América
Pre-season friendly / invitational tournaments,U-23
Pre-season friendly / invitational tournaments,U-20
Pre-season friendly / invitational tournaments,U-17
Pre-season friendly / invitational tournaments,U-15
Pre-season friendly / invitational tournaments,South American Games
Pre-season friendly / invitational tournaments,Bolivarian Games
Pre-season friendly / invitational tournaments,Indian Ocean Island Games
Pre-season friendly / invitational tournaments,Afro-Asian Cup of Nations
Pre-season friendly / invitational tournaments,Afro-Asian Games
Pre-season friendly / invitational tournaments,AFC–OFC Challenge Cup
Pre-season friendly / invitational tournaments,FIFA Arab Cup
Pre-season friendly / invitational tournaments,Arab Games
Pre-season friendly / invitational tournaments,Islamic Solidarity Games
Pre-season friendly / invitational tournaments,Islamic Games
Pre-season friendly / invitational tournaments,Palestine Cup
Pre-season friendly / invitational tournaments,Kuneitra Cup
Pre-season friendly / invitational tournaments,CONMEBOL–UEFA Cup of Champions
Pre-season friendly / invitational tournaments,Francophone Games
Pre-season friendly / invitational tournaments,Overseas Cup
Pre-season friendly / invitational tournaments,Lusofonia Games
Pre-season friendly / invitational tournaments,Mediterranean Games
Pre-season friendly / invitational tournaments,Mediterranean Cup
Pre-season friendly / invitational tournaments,Pan American Games
Pre-season friendly / invitational tournaments,Panamerican Championship
Pre-season friendly / invitational tournaments,Goodwill Games
Pre-season friendly / invitational tournaments,GANEFO
Pre-season friendly / invitational tournaments,World Football Cup
Pre-season friendly / invitational tournaments,African Football Cup
Pre-season friendly / invitational tournaments,Asian Football Cup
Pre-season friendly / invitational tournaments,European Football Cup
Pre-season friendly / invitational tournaments,South American Football Cup
Pre-season friendly / invitational tournaments,UIAFA Great European Tournament
Pre-season friendly / invitational tournaments,Island Games
Pre-season friendly / invitational tournaments,Universiade
Pre-season friendly / invitational tournaments,FIFI Wild Cup
Pre-season friendly / invitational tournaments,WUFA World Series
Pre-season friendly / invitational tournaments,Geography
Pre-season friendly / invitational tournaments,Codes
Pre-season friendly / invitational tournaments,Player
Pre-season friendly / invitational tournaments,Club of the Century
Pre-season friendly / invitational tournaments,Women's football
Arab (Clubs),Arab Club Champions Cup
Arab (Clubs),Arab Cup Winners' Cup
Arab (Clubs),Arab Super Cup
Japanese-South American,J.League Cup / Copa Sudamericana Championship
Saudi-Egyptian,Lusail Super Cup
Saudi-Egyptian,Saudi-Egyptian Super Cup
Youth teams,Alkass International Cup
Youth teams,Balcom BMW CUP Prayer for Peace; Hiroshima International Youth Soccer Games
Youth teams,Dallas Cup
Youth teams,Gothia Cup
Youth teams,J.League International Youth Cup
Youth teams,K League International Youth Cup
Youth teams,Manchester United Premier Cup
Youth teams,Montaigu Tournament
Youth teams,Otten Cup
Youth teams,Torneo di Viareggio
AFC competitions,AFC Asian Cup
AFC competitions,AFC Nations League
AFC competitions,AFC U23 Asian Cup
AFC competitions,AFC U20 Asian Cup
AFC competitions,AFC U17 Asian Cup
AFC competitions,AFC Women's Asian Cup
AFC competitions,AFC Women's Olympic Qualifying Tournament
AFC competitions,AFC U20 Women's Asian Cup
AFC competitions,AFC U17 Women's Asian Cup
AFC competitions,Asian Games
AFC competitions,AFC Solidarity Cup
AFC competitions,AFC Challenge Cup
Sub-federation competitions,ASEAN Championship
Sub-federation competitions,CAFA Nations Cup
Sub-federation competitions,EAFF E-1 Football Championship
Sub-federation competitions,women
Sub-federation competitions,SAFF Championship
Sub-federation competitions,WAFF Championship
Sub-federation competitions,AFF–EAFF Champions Trophy
Sub-federation competitions,Arabian Gulf Cup
Sub-federation competitions,Gulf Cup for Veteran Players
Sub-federation competitions,East Asian Youth Games
Sub-federation competitions,South Asian Games
Sub-federation competitions,Southeast Asian Games
Sub-federation competitions,West Asian Games
Sub-federation competitions,East Asian Games
Sub-federation competitions,Three Nations Cup
Sub-federation competitions,Three Nations Cup
AFC competitions (Clubs),AFC Champions League Elite
AFC competitions (Clubs),AFC Champions League Two
AFC competitions (Clubs),AFC Challenge League
AFC competitions (Clubs),AFC Women's Champions League
AFC competitions (Clubs),Asian Cup Winners' Cup
AFC competitions (Clubs),Asian Super Cup
AFC competitions (Clubs),Afro-Asian Club Championship
AFC competitions (Clubs),AFC Women's Club Championship
Sub-federation competitions (Clubs),ASEAN Club Championship
Sub-federation competitions (Clubs),AGCFF Gulf Club Champions League
Sub-federation competitions (Clubs),Sheikh Kamal International Club Cup
Sub-federation competitions (Clubs),Mekong Club Championship
Sub-federation competitions (Clubs),Marianas Club Championship
Sub-federation competitions (Clubs),SAFF Club Championship
Sub-federation competitions (Clubs),WAFF Women's Clubs Championship
Sub-federation competitions (Clubs),SAFF Women's Club Championship
Afghanistan,Afghanistan Champions League
Afghanistan,Afghan Premier League
Afghanistan,Kabul Premier League
Afghanistan,Kabul City League
Afghanistan,Afghanistan Republic Day Festival Cup
Afghanistan,Women Kabul League
Australia,A-League Men
Australia,Playoffs
Australia,New Zealand
Australia,Australia Cup
Australia,A-League Women
Australia,Women's Australia Cup
Australia,A-League Youth
Australia,A-League All Stars Game
Australia,National Soccer League
Australia,Australia Cup
Australia,NSL Cup
Australia,F-League
Australia,National Premier Leagues Capital Football
Australia,Capital Premier League
Australia,Capital Football State League
Australia,Capital Football Federation Cup
Australia,A.C.T Futsal Premier League
Australia,National Premier Leagues ACT Women's
Australia,National Premier Leagues NSW
Australia,NSW League One
Australia,NSW League Two
Australia,Regional league
Australia,NSW League Three
Australia,Waratah Cup
Australia,National Premier Leagues NSW Women's
Australia,NSW League One Women's
Australia,National Premier Leagues Northern NSW
Australia,Northern NSW State League Division 1
Australia,NorZone Premier League
Australia,National Premier Leagues Queensland
Australia,Football Queensland Premier League
Australia,Football Queensland Premier League 2
Australia,National Premier Leagues Queensland Women's
Australia,Brisbane
Australia,Football Queensland Premier League 3 − Metro
Australia,Football Queensland Premier League 4 − Metro
Australia,Football Queensland Premier League 5 − Metro
Australia,Football Queensland Premier League 6 − Metro
Australia,Canale Cup
Australia,Far North Queensland
Australia,Far North Queensland Premier League
Australia,Gold Coast
Australia,Football Queensland Premier League 3 − South Coast
Australia,Football Queensland Premier League 4 − South Coast
Australia,Sunshine Coast
Australia,Football Queensland Premier League 3 – Sunshine Coast
Australia,National Premier Leagues South Australia
Australia,SA State League One
Australia,SA State League Two
Australia,Federation Cup
Australia,Women's National Premier Leagues South Australia
Australia,Women's State League South Australia
Australia,National Premier Leagues Tasmania
Australia,Milan Lakoseljac Cup
Australia,Northern Championship
Australia,Southern Championship
Australia,National Premier Leagues Victoria
Australia,National Premier Leagues Victoria 2
Australia,National Premier Leagues Victoria 3
Australia,Victorian State League 1
Australia,Dockerty Cup
Australia,National Premier Leagues Victoria Women
Australia,National Premier Leagues Western Australia
Australia,Football West State League Division 1
Australia,Football West State League Division 2
Australia,Football West State Cup
Australia,National Premier Leagues WA Women
Bahrain,Bahraini Premier League
Bahrain,Bahraini Second Division
Bahrain,Bahraini King's Cup
Bahrain,Bahraini FA Cup
Bahrain,Bahraini Crown Prince Cup
Bahrain,Bahraini Super Cup
Bahrain,Bahraini Elite Cup
Bahrain,ar
Bahrain,Bahraini Premier League
Bahrain,Bahraini King's Cup
Bangladesh,Bangladesh Football League
Bangladesh,Bangladesh Championship League
Bangladesh,Dhaka Senior Division Football League
Bangladesh,Dhaka Second Division Football League
Bangladesh,Dhaka Third Division Football League
Bangladesh,Pioneer Football League
Bangladesh,Independence Cup
Bangladesh,Federation Cup
Bangladesh,Super Cup
Bangladesh,Aga Khan Gold Cup
Bangladesh,President Gold Cup
Bangladesh,Bangabandhu Cup
Bangladesh,Bangladesh Women's Football League
Bhutan,Bhutan Premier League
Bhutan,Bhutan Super League
Bhutan,Dzongkhag
Bhutan,Jigme Dorji Wangchuk Memorial Gold Cup
Brunei,Brunei Super League
Brunei,Brunei Premier League
Brunei,Brunei FA Cup
Brunei,Brunei Super Cup
Brunei,Borneo Cup
Cambodia,Cambodian Premier League
Cambodia,Cambodian League 2
Cambodia,Hun Sen Cup
Cambodia,CNCC Charity Cup
Cambodia,CNCC League Cup
Cambodia,FFC Cup
Cambodia,FFC Challenge Cup
China PR,Chinese Super League
China PR,China League One
China PR,China League Two
China PR,Chinese Champions League
China PR,Member Football Association leagues
China PR,CFA Cup
China PR,CFA Super Cup
China PR,Chinese Super League
China PR,CFA Cup
China PR,Chinese Super League Cup
China PR,Guangdong–Hong Kong Cup
China PR,Jingjinji Champions Cup
China PR,Hong Kong–Shanghai Inter Club Championship
China PR,Chinese Women's Super League
China PR,Chinese Women's Football League
China PR,zh
Guam,Guam Soccer League
Guam,Guam FA Cup
Hong Kong,Hong Kong Premier League
Hong Kong,First Division
Hong Kong,Second Division
Hong Kong,Third Division
Hong Kong,Hong Kong Community Cup
Hong Kong,Hong Kong FA Cup
Hong Kong,Hong Kong FA Cup Junior Division
Hong Kong,Senior Shield
Hong Kong,Sapling Cup
Hong Kong,Viceroy Cup
Hong Kong,Hong Kong League Cup
India,Indian Super League
India,I-League
India,National Football League
India,I-League 2
India,I-League 3
India,AIFF Super Cup
India,Federation Cup
India,Durand Cup
India,IFA Shield
India,Rovers Cup
India,Indian Super Cup
India,Elite League
India,Futsal Club Championship
India,Intercontinental Cup
India,Nehru Cup
India,Santosh Trophy
India,Assam
India,Assam State Premier League
India,Arunachal Pradesh
India,Indrajit Namchoom Arunachal League
India,Delhi
India,Delhi Football League
India,Goa
India,Goa Professional League
India,Himachal Pradesh
India,Himachal Football League
India,Jammu and Kashmir
India,J&K Premier Football League
India,Karnataka
India,Bangalore Football League
India,Kerala
India,Kerala Premier League
India,Madhya Pradesh
India,Madhya Pradesh Premier League
India,Maharashtra
India,Mumbai Football League
India,Manipur
India,Manipur State League
India,Meghalaya
India,Shillong Premier League
India,Mizoram
India,Mizoram Premier League
India,Nagaland
India,Nagaland Premier League
India,Odisha
India,FAO League
India,Punjab
India,Punjab State Super Football League
India,Rajasthan
India,R-League A Division
India,Tamil Nadu
India,Chennai Football League
India,Uttarakhand
India,Uttarakhand Super League
India,West Bengal
India,Calcutta Football League
India,Indian Women's League
India,Indian Women's League 2
India,Indian Women's National Championship
India,Delhi
India,FD Women's League
India,Goa
India,Goa Women's League
India,Karnataka
India,Karnataka Women's League
India,Kerala
India,Kerala Women's League
India,Maharashtra
India,WIFA Women's Football League
India,Manipur
India,Manipur Women's League
India,Meghalaya
India,SSA Women's Football League
India,Odisha
India,Odisha Women's League
India,Punjab
India,Punjab Women's League
India,Tamil Nadu
India,Tamil Nadu Women's League
India,West Bengal
India,Calcutta Women's Football League
Indonesia,Super League
Indonesia,Championship
Indonesia,Liga Nusantara
Indonesia,Liga 4
Indonesia,Elite Pro Academy
Indonesia,Piala Indonesia
Indonesia,Piala Presiden
Indonesia,Soeratin Cup
Indonesia,Liga 1 Putri
Indonesia,Pertiwi Cup
Iran,Persian Gulf Pro League
Iran,Azadegan League
Iran,League 2
Iran,League 3
Iran,Provincial Leagues
Iran,Hazfi Cup
Iran,Iranian Super Cup
Iran,Persian Gulf Pro League
Iran,Hazfi Cup
Iran,Takht Jamshid Cup
Iran,Kowsar Women Football League
Iraq,Iraq Stars League
Iraq,Iraqi Premier Division League
Iraq,Iraqi First Division League
Iraq,Iraqi Second Division League
Iraq,Iraqi Third Division League
Iraq,Iraq FA Cup
Iraq,Iraqi Super Cup
Iraq,Baghdad Championship
Iraq,Iraqi National First Division
Iraq,Iraq FA Baghdad Cup
Iraq,Iraq Central FA Premier League
Iraq,Iraq Central FA Perseverance Cup
Iraq,Independent Baghdad Tournament
Iraq,Iraq FA Basra Premier League
Iraq,Iraq FA Kirkuk Premier League
Japan,J1 League
Japan,J.League
Japan,J2 League
Japan,J3 League
Japan,J.League 100 Year Vision League
Japan,ja
Japan,J1 100 Year Vision League
Japan,J2/J3 100 Year Vision League
Japan,Japan Football League
Japan,J3 League
Japan,JFL CUP
Japan,ja
Japan,Japan Regional Football Champions League
Japan,Japanese Regional Leagues
Japan,Prefectural Leagues
Japan,ja
Japan,Emperor's Cup
Japan,J.League Cup
Japan,J1 League
Japan,J2 League
Japan,J3 League
Japan,Japanese Super Cup
Japan,J1 League
Japan,Emperor's Cup
Japan,J.League All-Star Soccer
Japan,All Japan Adults Football Tournament
Japan,5th-tier league
Japan,All Japan Club Teams Football Tournament
Japan,National Sports Festival (Football)
Japan,ja
Japan,All Japan University Football Championship
Japan,Prime Minister's Cup All Japan University Football Tournament
Japan,Prince Takamado Trophy
Japan,All Japan High School Soccer Tournament
Japan,Inter High School Sports Festival
Japan,Japan Club Youth U-18 Championship
Japan,J.Youth Cup
Japan,WE League
Japan,Nadeshiko League
Japan,Empress's Cup
Japan,WE League Cup
Japan,WE League
Japan,Nadeshiko League Cup
Japan,Nadeshiko League
Japan,Japan Soccer League
Japan,Japan Football League (former)
Japan,Japan Soccer League Cup
Japan,Japan Soccer League
Japan,Japanese Super Cup
Japan,Japan Soccer League
Japan,Emperor's Cup
Japan,F.League
Japan,All Japan Futsal Championship
Japan,F.League Ocean Cup
Jordan,Jordanian Pro League
Jordan,Jordan League Division 1
Jordan,FA Cup
Jordan,Super Cup
Jordan,FA Shield
Kuwait,Kuwait Premier League
Kuwait,Kuwaiti Division One
Kuwait,Kuwait Emir Cup
Kuwait,Kuwait Crown Prince Cup
Kuwait,Kuwait Federation Cup
Kuwait,Kuwait Super Cup
Kuwait,Al Kurafi Cup
Kyrgyzstan,Kyrgyz Premier League
Kyrgyzstan,Kyrgyz First League
Kyrgyzstan,Qyrğyz Ekinçi Ligasy
Kyrgyzstan,Kyrgyzstan Cup
Kyrgyzstan,Kyrgyzstan Super Cup
Laos,Lao League 1
Laos,Lao League 2
Laos,Laotian Prime Minister's Cup
Laos,Lao FF Cup
Lebanon,Lebanese Premier League
Lebanon,Lebanese Second Division
Lebanon,Lebanese Third Division
Lebanon,Lebanese Fourth Division
Lebanon,Lebanese Fifth Division
Lebanon,Lebanese FA Cup
Lebanon,Lebanese Federation Cup
Lebanon,Lebanese Super Cup
Lebanon,Lebanese Elite Cup
Lebanon,Lebanese Challenge Cup
Macau,Liga de Elite
Macau,Campeonato da 2ª Divisão do Futebol
Macau,Taça de Macau em futebol
Malaysia,Malaysia Super League
Malaysia,Malaysia A1 Semi-Pro League
Malaysia,Malaysia A2 Amateur League
Malaysia,Malaysia A3 Community League
Malaysia,Malaysia FA Cup
Malaysia,Piala Sumbangsih
Malaysia,Malaysia Cup
Malaysia,MFL Challenge Cup
Malaysia,Malaysia FAM Cup
Malaysia,Airmarine Cup
Malaysia,Merdeka Cup
Maldives,Dhivehi Premier League
Maldives,Second Division
Maldives,Third Division
Maldives,FA Cup
Maldives,President's Cup
Maldives,FA Charity Shield
Mongolia,Mongolian Premier League
Mongolia,Mongolian First League
Mongolia,Mongolia Second League
Mongolia,National Amateur Cup
Mongolia,MFF Cup
Mongolia,MFF Super Cup
Myanmar,Myanmar National League
Myanmar,MNL II
Myanmar,FIFA-MFF U15 Youth League
Myanmar,General Aung San Shield
Myanmar,MFF Charity Cup
Myanmar,Myanmar National League
Myanmar,General Aung San Shield
Myanmar,MNL League Cup
Myanmar,Myanmar Women League
Myanmar,Myanmar Futsal League
Nepal,Martyr's Memorial A-Division League
Nepal,Martyr's Memorial B-Division League
Nepal,Martyr's Memorial C-Division League
Nepal,Aaha Gold Cup
Nepal,Budda Subba Gold Cup
Nepal,Pokhara Cup
Nepal,Simara Gold Cup
Nepal,Ncell Cup
Nepal,Birat Gold Cup
Northern Mariana Islands,M★League
Northern Mariana Islands,M*League Division 2
North Korea,DPR Korea Premier Football League
North Korea,DPR Korea Football League 2
North Korea,de
North Korea,DPR Korea Football League 3
North Korea,ko
North Korea,Technical Innovation Contests
North Korea,Hwaebul Cup
North Korea,Man'gyŏngdae Prize
North Korea,Osandŏk Prize
North Korea,Paektusan Prize
North Korea,Poch'ŏnbo Torch Prize
North Korea,Republican Championship
Oman,Oman Professional League
Oman,Oman First Division League
Oman,Sultan Qaboos Cup
Oman,Super Cup
Oman,Oman Professional League Cup
Oman,Omani Prince Cup
Palestine,Gaza Strip Premier League
Palestine,Gaza Strip First League
Palestine,Gaza Strip Second League
Palestine,West Bank Second League
Palestine,Palestine Cup
Palestine,Gaza Strip Super Cup
Palestine,West Bank Super Cup
Palestine,Yasser Arafat Cup
Pakistan,Pakistan Premier League
Pakistan,PFF League
Pakistan,National Football Championship
Pakistan,Karachi Football League
Pakistan,Super Football League
Pakistan,PFF National Challenge Cup
Pakistan,National Women Football Championship
Pakistan,Quaid-e-Azam International Tournament
Philippines,Philippines Football League
Philippines,Copa Paulino Alcantara
Philippines,PFF Women's League
Philippines,PFF Women's Cup
Philippines,PFF National Men's Club Championship
Philippines,United Football League Cup
Philippines,PFF National Men's Under-19 Championship
Philippines,Philippine Football League
Philippines,Filipino Premier League
Philippines,United Football League
Philippines,Philippine Premier League
Philippines,University Athletic Association of the Philippines
Philippines,Aboitiz Football Cup
Qatar,Qatar Stars League
Qatar,Second Division League
Qatar,Reserve League
Qatar,Amir Cup
Qatar,Qatari Stars Cup
Qatar,Stars League
Qatar,Qatar Cup
Qatar,Stars League
Qatar,Sheikh Jassim Cup
Qatar,Stars League
Qatar,Amir Cup
Saudi Arabia,Saudi Pro League
Saudi Arabia,First Division League
Saudi Arabia,Second Division League
Saudi Arabia,Saudi League 3rd Division
Saudi Arabia,Saudi League 4th Division
Saudi Arabia,King's Cup
Saudi Arabia,Saudi Crown Prince Cup
Saudi Arabia,Saudi Pro League
Saudi Arabia,First Division League
Saudi Arabia,Saudi Super Cup
Saudi Arabia,Saudi Pro League
Saudi Arabia,King's Cup
Saudi Arabia,Saudi Federation Cup
Saudi Arabia,Saudi Women's Premier League
Singapore,Singapore Premier League
Singapore,Singapore Football League Division 1
Singapore,Singapore Football League Division 2
Singapore,Singapore Island Wide League
Singapore,Cosmopolitan Football League
Singapore,Cosmopolitan League Cup
Singapore,Equatorial Football League
Singapore,Singapore Cup
Singapore,Singapore FA Cup
Singapore,Singapore Community Shield
Singapore,FAS Centre of Excellence Developmental Leagues
Singapore,Football Association of Singapore
Singapore,FAS Women's Premier League
Singapore,Football Association of Singapore
Singapore,FAS Women's National League
Singapore,Football Association of Singapore
Singapore,ESPZEN
Singapore,Football Association of Singapore
Singapore,D2D International Futsal League
Singapore,D2D Arena Futsal League
Singapore,D2D Futsal Cup
South Korea,K League 1
South Korea,K League 2
South Korea,K3 League
South Korea,K4 League
South Korea,ko
South Korea,K6 League
South Korea,ko
South Korea,K7 League
South Korea,ko
South Korea,Korea National League
South Korea,Korea Cup
South Korea,K League Super Cup
South Korea,K3-K4 Championship
South Korea,ko
South Korea,K League All-Star Game
South Korea,Korean League Cup
South Korea,Challengers Cup
South Korea,Korea National League Championship
South Korea,Adidas Cup
South Korea,Daehan Fire Insurance Cup
South Korea,Phillip Morriss Cup
South Korea,Prospecs Cup
South Korea,Hauzen Cup
South Korea,WK League
Sri Lanka,S1 League
Sri Lanka,Kit Premier League Division I
Sri Lanka,Kit Premier League Division II
Sri Lanka,Sri Lanka FA Cup
Syria,Syrian Premier League
Syria,Syrian League 1st Division
Syria,Syrian League 2nd Division
Syria,Syrian Cup
Syria,Syrian Super Cup
Taiwan (Chinese Taipei),Taiwan Football Premier League
Taiwan (Chinese Taipei),Taiwan Football Challenge League
Taiwan (Chinese Taipei),Intercity Football League
Taiwan (Chinese Taipei),Taiwan Football Premier League
Taiwan (Chinese Taipei),Enterprise Football League
Taiwan (Chinese Taipei),Intercity Football League
Taiwan (Chinese Taipei),Highschool Football League
Taiwan (Chinese Taipei),National Youth Cup
Taiwan (Chinese Taipei),National High School Games
Taiwan (Chinese Taipei),Chinese Taipei FA Cup
Taiwan (Chinese Taipei),Taiwan Mulan Football League
Tajikistan,Vysshaya Liga
Tajikistan,Tajikistan First League
Tajikistan,Tajikistan Second League
Tajikistan,Tajikistan Cup
Tajikistan,Tajikistan Super Cup
Tajikistan,TFF Cup
Thailand,Thai League 1
Thailand,Thai League 2
Thailand,Thai League 3
Thailand,Thailand Semi-Pro League
Thailand,Thailand Amateur League
Thailand,Thai League 4
Thailand,Thai FA Cup
Thailand,Thai League Cup
Thailand,Thailand Champions Cup
Thailand,Thai League 1
Thailand,Thai FA Cup
Thailand,Thai League All-Star Football
Thailand,Provincial League
Thailand,Kor Royal Cup
Thailand,Khǒr Royal Cup
Thailand,Khor Royal Cup
Thailand,Ngor Royal Cup
Timor-Leste,Liga Futebol Timor-Leste
Timor-Leste,Liga Futebol Amadora Primeira Divisão
Timor-Leste,Liga Futebol Amadora Segunda Divisão
Timor-Leste,Liga Futebol Amadora Terceira Divisão
Timor-Leste,Taça 12 de Novembro
Timor-Leste,LFA Super Taça
Turkmenistan,Ýokary Liga
Turkmenistan,Birinji Liga
Turkmenistan,Turkmenistan Cup
Turkmenistan,Turkmenistan Super Cup
United Arab Emirates,UAE Pro League
United Arab Emirates,UAE First Division League
United Arab Emirates,UAE Second Division League
United Arab Emirates,UAE Third Division League
United Arab Emirates,UAE President's Cup
United Arab Emirates,UAE League Cup
United Arab Emirates,UAE FA cup
United Arab Emirates,UAE Super Cup
Uzbekistan,Uzbekistan Super League
Uzbekistan,Uzbekistan Pro League
Uzbekistan,Uzbekistan Pro-B League
Uzbekistan,Uzbekistan Second League
Uzbekistan,Uzbekistan Cup
Uzbekistan,Uzbekistan League Cup
Uzbekistan,Uzbekistan Super Cup
Uzbekistan,Uzbekistan PFL Cup
Vietnam,V.League 1
Vietnam,V.League 2
Vietnam,Vietnamese League Two
Vietnam,Vietnamese League Three
Vietnam,Vietnamese Women's Football Championship
Vietnam,Vietnamese National Football Cup
Vietnam,Vietnamese Super Cup
Yemen,Yemeni League
Yemen,Yemeni Second Division
Yemen,Yemeni President Cup
Yemen,Yemeni Super Cup
Sub-federation competitions (National teams),CECAFA Cup
Sub-federation competitions (National teams),COSAFA Cup
Sub-federation competitions (National teams),COSAFA Women's Championship
Sub-federation competitions (National teams),WAFU Nations Cup
Sub-federation competitions (National teams),U-17 UNIFFAC Cup
Sub-federation competitions (National teams),UNAF U-23 Tournament
Sub-federation competitions (National teams),CEMAC Cup
Sub-federation competitions (National teams),Amílcar Cabral Cup
Sub-federation competitions (National teams),CAF Champions League
Sub-federation competitions (National teams),CAF Confederation Cup
Sub-federation competitions (National teams),CAF Super Cup
Sub-federation competitions (National teams),CAF Women's Champions League
Sub-federation competitions (CAF (African competitions) - Clubs),UNAF Nessma Cup
Sub-federation competitions (CAF (African competitions) - Clubs),West African Club Championship
Sub-federation competitions (CAF (African competitions) - Clubs),CECAFA Club Cup
Algeria,Algerian Ligue Professionnelle 1
Algeria,Algerian Ligue Professionnelle 2
Algeria,Ligue Nationale
Algeria,Ligue Inter-Régions
Algeria,Ligue Régional I
Algeria,II
Algeria,Algerian Cup
Algeria,Algerian Super Cup
Algeria,Algerian Championnat National
Algeria,Algerian Cup
Algeria,Algerian League Cup
Algeria,Algerian Women's Championship
Algeria,Algerian Women's Cup
Angola,Girabola
Angola,Segundona
Angola,Angolan Provincial Football Stage
Angola,Angolan SuperCup
Angola,Girabola
Angola,Angolan Cup
Angola,Angolan Cup
Angola,Angolan Women's Football League
Angola,Campeonato Provincial de Futebol Feminino de Angola
Benin,Benin Premier League
Benin,Benin Second Division
Benin,Benin Cup
Benin,Benin Super Cup
Botswana,Botswana Premier League
Botswana,Botswana First Division North
Botswana,Botswana First Division South
Botswana,Botswana Division One
Botswana,FA Challenge Cup (Botswana)
Botswana,Botswana Independence Cup
Botswana,Orange Kabelano Charity Cup
Botswana,Mascom Top 8 Cup
Burkina Faso,Burkinabé Premier League
Burkina Faso,Coupe du Faso
Burkina Faso,Burkinabé SuperCup
Burundi,Burundi Premier League
Burundi,Burundian Cup
Burundi,Burundi Super Cup
Cameroon,Championnat du Cameroun de football
Cameroon,Cameroon Deuxième Division
Cameroon,Cameroon Cup
Cameroon,Super Coupe Roger Milla
Cape Verde,Cape Verdean Football Championship
Cape Verde,Santiago South Premier Division
Cape Verde,Cape Verdean Cup
Cape Verde,Cape Verdean Super Cup
Cape Verde,Cape Verde Independence Cup
Central African Republic,Central African Republic League
Central African Republic,Central African Republic League D2
Central African Republic,Coupe Nationale
Central African Republic,Central African Republic Supercoupe
Chad,Chad Premier League
Chad,Chad Division 2
Chad,Chad Cup
Chad,Chad Super Cup
Chad,Coupe de Ligue de N'Djaména
Comoros,Comoros Premier League
Comoros,Comoros Cup
Comoros,Comoros Super Cup
Congo,Congo Premier League
Congo,Coupe du Congo
Congo,Super Coupe du Congo
DR Congo,Linafoot
DR Congo,Linafoot Ligue 2
DR Congo,Coupe du Congo
DR Congo,Super Coupe du Congo
Djibouti,Djibouti Premier League
Djibouti,Djibouti Cup
Djibouti,Djibouti Super Cup
Egypt,Egyptian Premier League
Egypt,Egyptian Second Division A
Egypt,Egyptian Second Division B
Egypt,Egyptian Third Division
Egypt,Egypt Development League
Egypt,Egypt Cup
Egypt,Egyptian Super Cup
Egypt,Egyptian League Cup
Egypt,Egypt's Love Cup
Egypt,EFA League Cup
Egypt,Sultan Hussein Cup
Equatorial Guinea,Equatoguinean Primera División
Equatorial Guinea,Equatorial Guinea Segunda División
Equatorial Guinea,Equatoguinean Cup
Equatorial Guinea,Equatoguinean SuperCup
Eritrea,Eritrean Premier League
Eritrea,Eritrean Cup
Eswatini,Premier League of Eswatini
Eswatini,Swazi Cup
Eswatini,Swazi Charity Cup
Ethiopia,Ethiopian Premier League
Ethiopia,Ethiopian Higher League
Ethiopia,Ethiopian First League
Ethiopia,Ethiopian Cup
Ethiopia,Addis Ababa City Cup
Ethiopia,Ethiopian Super Cup
Gabon,Gabon Championnat National D1
Gabon,Gabon Championnat National D2
Gabon,Coupe du Gabon Interclubs
Gabon,Supercoupe du Gabon
The Gambia,GFA League First Division
The Gambia,GFA League Second Division
The Gambia,GFA League Third Division
The Gambia,Gambian Cup
The Gambia,Gambian Super Cup
Ghana,Ghana Premier League
Ghana,Ghana Football Leagues
Ghana,Ghanaian FA Cup
Ghana,Ghana Super Cup
Guinea,Guinée Championnat National
Guinea,Guinée Coupe Nationale
Guinea,Supercoupe de Guinée
Guinea-Bissau,Campeonato Nacional da Guiné-Bissau
Guinea-Bissau,Taça Nacional da Guiné Bissau
Guinea-Bissau,SuperTaça Nacional da Guiné-Bissau
Ivory Coast,Ligue 1
Ivory Coast,Ligue 2
Ivory Coast,Championnat Division 3
Ivory Coast,Coupe de Côte d'Ivoire de football
Ivory Coast,Coupe Houphouët-Boigny
Kenya,Kenyan Premier League
Kenya,Kenyan National Super League
Kenya,FKF Division One
Kenya,Kenyan Regional Leagues
Kenya,Kenyan County Champions League
Kenya,Kenyan Sub-County Leagues
Kenya,FKF President's Cup
Kenya,Kenyan Super Cup
Kenya,KPL Top 8 Cup
Lesotho,Lesotho Premier League
Lesotho,Lesotho A Division
Lesotho,Lesotho Independence Cup
Lesotho,MGC Supa 8
Liberia,Liberian First Division
Liberia,Liberian Second Division League
Liberia,LFA Sub-Committee League
Liberia,Liberian Cup
Liberia,Liberian National County Meet
Liberia,Liberian Super Cup
Libya,Libyan Premier League
Libya,Libyan Second Division
Libya,Libyan Third Division
Libya,Libyan Fourth Division
Libya,Libyan Cup
Libya,Libyan League Cup
Libya,Libyan Super Cup
Madagascar,Malagasy Pro League
Madagascar,Coupe de Madagascar
Madagascar,Super Coupe de Madagascar
Malawi,Malawi Premier Division
Malawi,SRF League
Malawi,FMB Under 20 Youth League
Malawi,Malawi Carlsberg Cup
Malawi,FISD Challenge Cup
Malawi,Malawi Presidential Cup
Malawi,Malawi Charity Shield
Mali,Malian Première Division
Mali,Malian Division 1
Mali,Malian Cup
Mali,Super Coupe National du Mali
Mauritania,Ligue 1 Mauritania
Mauritania,Ligue 2 Mauritania
Mauritania,Coupe du Président de la République
Mauritania,Mauritanian Super Cup
Mauritius,Mauritian League
Mauritius,Mauritian First Division
Mauritius,Mauritian Cup
Mauritius,Mauritian Republic Cup
Mauritius,Millenium Cup
Mauritius,Ram Ruhee Memorial Cup
Mauritius,MFA Super Cup
Morocco,Botola Pro
Morocco,Botola Pro 2
Morocco,Amateur National Championship
Morocco,Moroccan Throne Cup
Morocco,Moroccan Super Cup
Morocco,Botola
Morocco,Moroccan Throne Cup
Mozambique,Moçambola
Mozambique,Taça de Moçambique
Mozambique,Supertaça de Moçambique
Namibia,Namibia Premier League
Namibia,Namibia First Division
Namibia,Namibia Women's Super League
Namibia,Namibia FA Cup
Namibia,Namibian Newspaper Cup
Namibia,Namibia Super Cup
Niger,Niger Premier League
Niger,Niger Cup
Niger,Niger Super Cup
Nigeria,Nigeria Premier Football League
Nigeria,Nigeria National League
Nigeria,Nigeria Nationwide League One
Nigeria,Nigeria Nationwide League Division Two
Nigeria,Nigeria Nationwide League Division Three
Nigeria,Non-League
Nigeria,Nigerian FA Cup
Nigeria,Nigerian Super Cup
Nigeria,Super 4 (Nigeria)
Réunion,Réunion Premier League
Réunion,Coupe de la Réunion
Réunion,Coupe de France
Rwanda,Rwanda Premier League
Rwanda,Rwandan Second Division
Rwanda,Rwandan Third Division
Rwanda,Rwanda Women's Football League
Rwanda,Rwandan Cup
Rwanda,Rwandan Super Cup
São Tomé and Príncipe,São Tomé and Príncipe Championship
São Tomé and Príncipe,São Tomé Island League
São Tomé and Príncipe,Príncipe Island League
São Tomé and Príncipe,Taça Nacional de São Tomé e Principe
São Tomé and Príncipe,São Tomé Island Cup
São Tomé and Príncipe,Príncipe Island Cup
São Tomé and Príncipe,São Tomé and Príncipe Super Cup
Senegal,Senegal Premier League
Senegal,Senegal Ligue 1
Senegal,Senegal Ligue 2
Senegal,Senegal Nationale 1
Senegal,Senegal Nationale 2
Senegal,Senegal FA Cup
Senegal,Senegalese Super Cup
Senegal,Senegalese League Cup
Seychelles,Seychelles First Division
Seychelles,Seychelles Division Two
Seychelles,Seychelles Division Three
Seychelles,Airtel Cup
Seychelles,Seychelles FA Cup
Sierra Leone,Sierra Leone National Premier League
Sierra Leone,Sierra Leone FA Division One
Sierra Leone,Sierra Leone FA Division Two
Sierra Leone,Sierra Leonean FA Cup
Sierra Leone,Sierra Leonean Charity Shield
Somalia,Somali First Division
Somalia,Somali Second Division
Somalia,Somali Third Division
Somalia,Somalia Fourth League
Somalia,Somalia Cup
Somalia,Somalia Super Cup
South Africa,Premier Soccer League
South Africa,South African Premiership
South Africa,South African Championship
South Africa,SAFA Second Division
South Africa,SAFA Regional League
South Africa,LFA Super League
South Africa,PSL Reserve League
South Africa,Knockout Cup
South Africa,Nedbank Cup
South Africa,MTN 8
South Sudan,South Sudan Football Championship
South Sudan,South Sudan Premier League
South Sudan,South Sudan National Cup
Sudan,Sudan Premier League
Sudan,Khartoum League
Sudan,Sudan Cup
Sudan,Sudan Super Cup
Tanzania,Tanzanian Premier League
Tanzania,Tanzanian First Division League
Tanzania,Tanzanian Second Division League
Tanzania,Tanzania FA Cup
Tanzania,Tanzania Community Shield
Togo,Championnat National de Premiere Division
Togo,Coupe du Togo
Togo,Supercoupe du Togo
Tunisia,Tunisian Ligue Professionnelle 1
Tunisia,Tunisian Ligue Professionnelle 2
Tunisia,Tunisian Ligue 3
Tunisia,Tunisian Ligue Amateur 4
Tunisia,Tunisian Ligue Amateur 5
Tunisia,Tunisian Cup
Tunisia,Tunisian Super Cup
Uganda,Uganda Premier League
Uganda,FUFA Big League
Uganda,FUFA Women Super League
Uganda,FUFA Women Elite League
Uganda,Ugandan Cup
Uganda,Uganda Super 8 Cup
Zambia,Zambia Super League
Zambia,Zambia National Division One
Zambia,Zambian Cup
Zambia,Zambian Independence Cup
Zambia,Northern Rhodesia Castle Cup
Zambia,ABSA Cup
Zambia,Zambian Challenge Cup
Zambia,Zambian Coca-Cola Cup
Zambia,Zambian Charity Shield
Zanzibar,Zanzibar Premier League
Zanzibar,Zanzibar Cup
Zanzibar,Zanzibari Charity Shield
Zimbabwe,Zimbabwe Premier Soccer League
Zimbabwe,Zimbabwe Division 1
Zimbabwe,Zimbabwe Third Division
Zimbabwe,Zimbabwean Independence Trophy
Zimbabwe,Cup of Zimbabwe
Zimbabwe,BancABC Super8 Cup
Zimbabwe,NetOne Charity Shield
Zimbabwe,Bob 91 Super Cup
Zimbabwe,Uhuru Cup
Zimbabwe,Zimbabwe National Army Charity Shield
"Sub-federation competitions (CONCACAF (North American, Central American, and Caribbean competitions) - National teams)",ABCS Tournament
"Sub-federation competitions (CONCACAF (North American, Central American, and Caribbean competitions) - National teams)",CFU
"Sub-federation competitions (CONCACAF (North American, Central American, and Caribbean competitions) - National teams)",North American Nations Cup
"Sub-federation competitions (CONCACAF (North American, Central American, and Caribbean competitions) - National teams)",Copa Centroamericana
"Sub-federation competitions (CONCACAF (North American, Central American, and Caribbean competitions) - National teams)",Caribbean Cup
"Sub-federation competitions (CONCACAF (North American, Central American, and Caribbean competitions) - National teams)",CONCACAF Champions Cup
"Sub-federation competitions (CONCACAF (North American, Central American, and Caribbean competitions) - National teams)",CONCACAF Under-13 Champions League
"Sub-federation competitions (CONCACAF (North American, Central American, and Caribbean competitions) - Clubs)",Leagues Cup
"Sub-federation competitions (CONCACAF (North American, Central American, and Caribbean competitions) - Clubs)",Campeones Cup
"Sub-federation competitions (CONCACAF (North American, Central American, and Caribbean competitions) - Clubs)",CONCACAF Central American Cup
"Sub-federation competitions (CONCACAF (North American, Central American, and Caribbean competitions) - Clubs)",UNCAF
"Sub-federation competitions (CONCACAF (North American, Central American, and Caribbean competitions) - Clubs)",CONCACAF Caribbean Cup
"Sub-federation competitions (CONCACAF (North American, Central American, and Caribbean competitions) - Clubs)",CFU
"Sub-federation competitions (CONCACAF (North American, Central American, and Caribbean competitions) - Clubs)",CFU Club Shield
"Sub-federation competitions (CONCACAF (North American, Central American, and Caribbean competitions) - Clubs)",UNCAF Interclub Cup
"Sub-federation competitions (CONCACAF (North American, Central American, and Caribbean competitions) - Clubs)",UNCAF
"Sub-federation competitions (CONCACAF (North American, Central American, and Caribbean competitions) - Clubs)",CONCACAF Caribbean Club Championship
"Sub-federation competitions (CONCACAF (North American, Central American, and Caribbean competitions) - Clubs)",CFU
Anguilla,AFA Senior Male League
Anguilla,AFA Senior Female League
Anguilla,AFA Knockout Cup
Antigua and Barbuda,Antigua and Barbuda Premier Division
Antigua and Barbuda,Antigua and Barbuda First Division
Antigua and Barbuda,Antigua and Barbuda FA Cup
Aruba,Aruban Division di Honor
Aruba,Aruban Division Uno
Aruba,Aruban Division Dos
Aruba,Aruban Liga Hubenil
Aruba,Torneo Copa Betico Croes
Bahamas,BFA Senior League
Bahamas,Grand Bahama Football League
Bahamas,New Providence Football League
Bahamas,Bahamas President's Cup
Bahamas,Grand Bahama FA Cup
Bahamas,New Providence FA Cup
Barbados,Barbados Premier League
Barbados,Barbados Division One
Barbados,Barbados Division Two
Barbados,Barbados FA Cup
Belize,Premier League of Belize
Belize,Belize Premier Football League
Belize,Super League of Belize
Bermuda,Bermudian Premier Division
Bermuda,Bermuda First Division
Bermuda,Bermuda FA Cup
Bonaire,Bonaire League
Bonaire,Kopa MCB
British Virgin Islands,BVIFA National Football League
British Virgin Islands,Tortola League
British Virgin Islands,Virgin Gorda League
British Virgin Islands,Terry Evans Knockout Cup
British Virgin Islands,Wendol Williams Cup
Canada,Canadian Premier League
Canada,Canadian Premier League Finals
Canada,CPL champion
Canada,CONCACAF Champions League
Canada,Major League Soccer
Canada,Vancouver Whitecaps
Canada,Toronto FC
Canada,CF Montréal
Canada,League1 Ontario
Canada,Canadian Championship
Canada,Premiere Ligue de soccer du Quebec
Canada,League1 British Columbia
Canada,Canadian Championship
Canada,CONCACAF Champions League
Canada,Challenge Trophy
Cayman Islands,Cayman Islands Premier League
Cayman Islands,Cayman Islands First Division
Cayman Islands,Cayman Islands FA Cup
Cayman Islands,Cayman Islands Digicel Cup
Costa Rica,Liga FPD
Costa Rica,Liga de Ascenso
Costa Rica,Linafa
Costa Rica,Costa Rican women's football championship
Costa Rica,Costa Rican Cup
Costa Rica,Supercopa de Costa Rica
Cuba,Campeonato Nacional de Fútbol de Cuba
Cuba,Torneo de Ascenso
Curaçao,Curaçao Promé Divishon
Curaçao,Sekshon Amatùr
Dominica,Dominica Premiere League
Dominica,Dominica First Division
Dominica,CFU Club Championship
Dominican Republic,Liga Dominicana de Fútbol
Dominican Republic,Primera División de Republica Dominicana
Dominican Republic,Copa Dominicana de Fútbol
El Salvador,Salvadoran Primera División
El Salvador,Segunda División de Fútbol Salvadoreño
El Salvador,Tercera Division de Fútbol Salvadoreño
El Salvador,Salvadoran women's football championship
El Salvador,Copa Presidente
French Guiana,French Guiana Honor Division
French Guiana,French Guiana Promotion of Honor
French Guiana,Coupe de Guyane
Guatemala,Liga Guate
Guatemala,Primera División de Ascenso
Guatemala,Segunda División de Ascenso
Guatemala,Tercera División de Guatemala
Guatemala,Copa de Guatemala
Guatemala,Liga Guate
Guatemala,Primera División de Ascenso
Guatemala,National Women's Football League of Guatemala
Grenada,GFA Premier Division
Grenada,GFA First Division
Grenada,GFA Second Division
Grenada,GFA Super Knockout Cup
Guadeloupe,Guadeloupe Division of Honor
Guadeloupe,Guadalupe Honorary Promotion Championship
Guadeloupe,Coupe de Guadeloupe
Guadeloupe,Coupe de France
Guyana,GFF National Super League
Guyana,Guyana Mayors Cup
Guyana,GFF Super 8 Cup
Guyana,Georgetown Regional Cup
Haiti,Ligue Haitienne
Haiti,Coupe d'Haïti
Honduras,Liga Nacional de Fútbol Profesional de Honduras
Honduras,Liga Nacional de Ascenso de Honduras
Honduras,Liga Mayor de Futbol de Honduras
Honduras,Honduran Cup
Honduras,Honduran Supercup
Jamaica,Jamaica National Premier League
Jamaica,KSAFA Super League
Jamaica,South Central Confederation Super League
Jamaica,Eastern Confederation Super League
Jamaica,Western Confederation Super League
Jamaica,JFF Champions Cup
Martinique,Martinique Championnat National
Martinique,Martinique Promotion d'Honneur
Martinique,Coupe de la Martinique
Martinique,Coupe de France
Mexico,Liga de Balompié Mexicano
Montserrat,Montserrat Championship
Nicaragua,Nicaraguan Primera División
Nicaragua,Segunda División de Nicaragua
Nicaragua,Tercera Division de Nicaragua
Nicaragua,Nicaraguan women's football championship
Nicaragua,Copa de Nicaragua
Panama,Liga Panameña de Fútbol
Panama,Liga Nacional de Ascenso
Panama,Copa Rommel Fernández
Panama,Copa Panamá
Puerto Rico,Liga Puerto Rico
Puerto Rico,Puerto Rico Soccer League
Puerto Rico,Liga Mayor de Fútbol Nacional
Puerto Rico,Campeonato Nacional de Fútbol de Puerto Rico
Puerto Rico,Liga Nacional de Fútbol de Puerto Rico
Puerto Rico,Torneo de Copa de Puerto Rico
Puerto Rico,Copa Luis Villarejo
Puerto Rico,Puerto Rico Soccer League Regular Season Cup
Puerto Rico,Puerto Rico Soccer League PlayOff Cup
Puerto Rico,Puerto Rico Cup of Excellence
Saint Kitts and Nevis,SKNFA Super League
Saint Kitts and Nevis,SKNFA Division 1
Saint Kitts and Nevis,Saint Kitts and Nevis National Cup
Saint Lucia,SLFA First Division
Saint Lucia,SLFA Second Division
Saint Lucia,Saint Lucia FA Cup
Saint Lucia,SLFA President's Cup
Saint-Martin,Saint-Martin Senior League
Saint-Martin,Coupe des Îles du Nord
Saint-Martin,Coupe de Saint-Martin
Saint Vincent and the Grenadines,Saint Vincent and the Grenadines Football Federation
Sint Maarten,Sint Maarten Senior League
Suriname,Suriname Major League
Suriname,SVB Tweede Divisie
Suriname,SVB Derde Divisie
Suriname,Beker van Suriname
Suriname,Suriname President's Cup
Turks and Caicos Islands,Provo Premier League
Turks and Caicos Islands,Turks and Caicos FA Cup
Trinidad and Tobago,TT Premier Football League
Trinidad and Tobago,TT Super League
Trinidad and Tobago,Tobago Premier Division
Trinidad and Tobago,Trinidad and Tobago FA Trophy
Trinidad and Tobago,Trinidad and Tobago Charity Shield
Trinidad and Tobago,Trinidad and Tobago League Cup
Trinidad and Tobago,Trinidad and Tobago Classic
Trinidad and Tobago,Trinidad and Tobago Goal Shield
Trinidad and Tobago,Trinidad and Tobago Pro Bowl
Trinidad and Tobago,Trinidad and Tobago Super League Cup
U.S Virgin Islands,U.S. Virgin Islands Championship
U.S Virgin Islands,St Croix Soccer League
U.S Virgin Islands,St Thomas League
United States,Major League Soccer
United States,MLS Cup Playoffs
United States,MLS Cup
United States,Canada
United States,USL Championship
United States,United Soccer League
United States,USL Championship Final
United States,MLS Next Pro
United States,National Independent Soccer Association
United States,USL League One
United States,United Soccer League
United States,National Premier Soccer League
United States,NISA Nation
United States,USL League Two
United States,United Soccer League
United States,Canada
United States,United Premier Soccer League
United States,USASA
United States,Regional Elite Amateur and State Premier Leagues
United States,State Leagues
United States,United Premier Soccer League
United States,U.S. Open Cup
United States,MLS All-Star Game
United States,George F. Donnelly Cup
United States,Hank Steinbrecher Cup
United States,National Amateur Cup
United States,MLS Next
United States,United States Club Soccer
United States,Super-20 League
United States,United Soccer League
United States,Super Y-League
United States,United Soccer League
United States,National Women's Soccer League
United States,United Women's Soccer
United States,one team
United States,Canada
United States,Women's Premier Soccer League
United States,Canada
United States,Puerto Rico
United States,United States Adult Soccer Association
United States,NWSL Challenge Cup
United States,USASA National Women's Cup
United States,USASA National Women's Amateur
United States,US Soccer National Amateur Championships
United States,United Soccer Association
United States,National Professional Soccer League
United States,North American Soccer League (former)
United States,American Soccer League (1933–83)
United States,United Soccer League (former)
United States,Western Soccer Alliance
United States,American Soccer League (1988–89)
United States,American Professional Soccer League
United States,A-League
United States,United Soccer Leagues
United States,USL First Division
United States,United Soccer Leagues
United States,USSF Division 2 Professional League
United States,USL Second Division
United States,United Soccer Leagues
United States,Women's United Soccer Association
United States,Women's Professional Soccer
United States,Women's Premier Soccer League Elite
United States,USL W-League
United States,United Soccer Leagues
United States,Major Arena Soccer League
United States,Canada
United States,Mexico
United States,Major Arena Soccer League 2
United States,Premier Arena Soccer League
United States,Mexico
United States,United States Open Cup for Arena Soccer
United States,North American Soccer League (1968–1984)
United States,Major Indoor Soccer League (1978–92)
United States,Continental Indoor Soccer League
United States,National Professional Soccer League (1984–2001)
United States,Major Indoor Soccer League (2001–08)
United States,Major Indoor Soccer League (2008–14)
United States,American Indoor Soccer League
United States,Xtreme Soccer League
Argentina,Liga Profesional de Fútbol
Argentina,Primera Nacional
Argentina,Copa Argentina
Argentina,Trofeo de Campeones de la Liga Profesional
Argentina,Supercopa Argentina
Argentina,Supercopa Internacional
Argentina,Campeonato de Fútbol Femenino de Primera División A
Argentina,Campeonato de Fútbol Femenino de Primera División B
Argentina,Campeonato de Fútbol Femenino de Primera División C
Argentina,es
Argentina,Primera B
Argentina,Primera C
Argentina,Torneo Promocional Amateur
Argentina,Torneo Federal A
Argentina,Torneo Regional Federal
Argentina,Torneo Federal A
Argentina,Regional Leagues
Bolivia,División de Fútbol Profesional
Bolivia,Copa Simón Bolívar
Bolivia,Bolivian Football Regional Leagues
Bolivia,Liga Nacional B
Bolivia,Copa Bolivia
Brazil,Campeonato Brasileiro Série A
Brazil,Campeonato Brasileiro Série B
Brazil,Campeonato Brasileiro Série C
Brazil,Campeonato Brasileiro Série D
Brazil,Copa do Brasil
Brazil,Copa Verde
Brazil,Copa do Nordeste
Brazil,Supercopa do Brasil
Brazil,Copa Verde
Brazil,Copa do Nordeste
Brazil,Copa Paulista
Brazil,Copa Centro-Oeste
Brazil,Copa Norte
Brazil,Campeonato Brasileiro Sub-23
Brazil,Campeonato Brasileiro Sub-20
Brazil,Copa do Brasil Sub-20
Brazil,Supercopa do Brasil Sub-20
Brazil,Campeonato Brasileiro Sub-17
Brazil,Copa do Brasil Sub-17
Brazil,Supercopa do Brasil Sub-17
Brazil,Campeonato Brasileiro de Futebol Feminino Série A1
Brazil,Campeonato Brasileiro de Futebol Feminino Série A2
Brazil,Campeonato Brasileiro de Futebol Feminino Série A3
Brazil,Copa do Brasil de Futebol Feminino
Brazil,Copa Sul-Minas
Brazil,Torneio Rio-São Paulo
Brazil,Primeira Liga
Brazil,Copa dos Campeões
Brazil,Campeonato Acreano
Brazil,Campeonato Amazonense
Brazil,Campeonato Roraimense
Brazil,Campeonato Paraense
Brazil,Campeonato Rondoniense
Brazil,Campeonato Tocantinense
Brazil,Campeonato Amapaense
Brazil,Campeonato Baiano
Brazil,Campeonato Pernambucano
Brazil,Campeonato Alagoano
Brazil,Campeonato Sergipano
Brazil,Campeonato Potiguar
Brazil,Campeonato Maranhense
Brazil,Campeonato Piauiense
Brazil,Campeonato Cearense
Brazil,Campeonato Paraibano
Brazil,Campeonato Matogrossense
Brazil,Campeonato Sul-Matogrossense
Brazil,Campeonato Goiano
Brazil,Campeonato Brasiliense
Brazil,Campeonato Paulista
Brazil,Campeonato Carioca
Brazil,Campeonato Mineiro
Brazil,Campeonato Capixaba
Brazil,Campeonato Gaúcho
Brazil,Campeonato Catarinense
Brazil,Campeonato Paranaense
Chile,Primera División
Chile,Primera División B
Chile,Segunda División Profesional
Chile,Tercera División A
Chile,Tercera División B
Chile,Copa Chile
Chile,Supercopa de Chile
Chile,Primera División Femenina
Chile,Primera División B Femenina
Colombia,Primera A
Colombia,Primera B
Colombia,Copa Colombia
Colombia,Superliga Colombiana
Ecuador,Serie A
Ecuador,Serie B
Ecuador,Segunda Categoría
Ecuador,Copa Ecuador
Ecuador,Supercopa Ecuador
Paraguay,Primera División
Paraguay,Segunda División
Paraguay,Tercera División
Paraguay,Primera División B Metropolitana
Paraguay,Paraguayan Primera División B Nacional
Paraguay,Campeonato Nacional de Interligas
Paraguay,Cuarta División
Paraguay,Primera División C
Paraguay,Paraguay's regional leagues
Paraguay,Copa Paraguay
Paraguay,Supercopa Paraguay
Peru,Liga 1
Peru,Liga 2
Peru,Liga 3
Peru,Copa Perú
Peru,Ligas Departamentales del Perú
Peru,Ligas Provinciales del Peru
Peru,Ligas Distritales del Peru
Peru,Copa LFP - FPF
Peru,Copa Bicentenario
Peru,Torneo del Inca
Peru,Supercopa Peruana
Peru,Copa Federación
Peru,Copa de Campeones del Perú
Uruguay,Primera División
Uruguay,Segunda División
Uruguay,Primera División Amateur
Uruguay,Uruguayan Liga Metropolitana Amateur
Uruguay,Supercopa Uruguaya
Uruguay,Copa Uruguay
Uruguay,Torneo Intermedio(Uruguay)
Uruguay,es
Venezuela,Primera División
Venezuela,Segunda División
Venezuela,Tercera Division
Venezuela,Copa Venezuela
American Samoa,ASFA Soccer League
American Samoa,1
American Samoa,2
American Samoa,FFAS President's Cup
Cook Islands,Cook Islands Round Cup
Cook Islands,Cook Islands Cup
Fiji,Fiji Premier League
Fiji,Fiji Senior League
Fiji,Inter-District Championship
Fiji,Club Franchise League
Fiji,FF Cup
Fiji,Fiji Battle of the Giants
Fiji,Fiji Champion versus Champion
Fiji,Girmit Soccer Tournament
Kiribati,Kiribati National Championship
New Caledonia,New Caledonia Super Ligue
New Caledonia,New Caledonia Second Level
New Caledonia,Coupe de Calédonie
New Zealand,National League
New Zealand,Northern League
New Zealand,National League
New Zealand,Central League
New Zealand,National League
New Zealand,Southern League
New Zealand,National League
New Zealand,Chatham Cup
New Zealand,Charity Cup
New Zealand,New Zealand National League
New Zealand,Chatham Cup
New Zealand,Women's National League
New Zealand,Kate Sheppard Cup
New Zealand,NRFL Championship
New Zealand,NRFL Conference
New Zealand,NRF League One
New Zealand,Central League 2
New Zealand,Central Federation League
New Zealand,Capital Premier
New Zealand,Central Federation Cup
New Zealand,Central Football
New Zealand,Canterbury Premiership League
New Zealand,Nelson Bays Premiership League
New Zealand,Southern Premiership League
New Zealand,Canterbury Championship League
New Zealand,South Canterbury Division 1
New Zealand,Fletcher Cup
New Zealand,Donald Gray Memorial Cup
New Zealand,English Cup
New Zealand,Mainland Football
New Zealand,Reta Fitzpatrick Cup
New Zealand,Mainland Football
Papua New Guinea,Papua New Guinea National Soccer League
Papua New Guinea,Papua New Guinea National Club Championship
Papua New Guinea,Papua New Guinea FA Cup
Samoa,Samoa National League
Samoa,Samoa Cup
Solomon Islands,Solomon Islands S-League
Solomon Islands,Honiara FA League
Solomon Islands,The Solomon Islands Knockout Championship
Solomon Islands,Solomon Islands National Club Championship (2000–10)
Solomon Islands,Interprovincial Tournament 1977–1985
Solomon Islands,Solomon Cup
Solomon Islands,Malaita Cup
Tahiti,Tahitian Ligue 1
Tahiti,Tahitian Ligue 2
Tahiti,Tahiti Cup
Tahiti,Tahiti Coupe des Champions
Tonga,Tonga Major League
Tonga,Tonga Division II
Tonga,Tonga Cup
Tuvalu,Tuvalu A-Division
Tuvalu,Tuvalu B-Division
Tuvalu,Tuvalu A-Division League (women's)
Tuvalu,Taganoa Cup
Tuvalu,Independence Cup
Tuvalu,Christmas Cup
Tuvalu,Tuvalu Games
Vanuatu,Port Vila Football League
Vanuatu,VFF National Super League
Vanuatu,Port Vila Shield
Vanuatu,Port Vila FA Cup
Albania,Kategoria Superiore
Albania,Kategoria e Parë
Albania,Kategoria e Dytë
Albania,A
Albania,B
Albania,Kategoria e Tretë
Albania,Superkupa e Shqipërisë
Albania,Kategoria Superiore
Albania,Kupa e Shqipërisë
Albania,Kupa e Shqipërisë
Albania,Albanian U-19 Superliga
Albania,Albanian U-19 First Division
Albania,Albanian U-17 Superliga
Albania,Albanian U-17 First Division
Albania,Albanian women's football championship
Albania,Albanian Women's Cup
Albania,Albanian Futsal Cup
Andorra,Primera Divisió
Andorra,Segona Divisió
Andorra,Andorran Supercup
Andorra,Campionat de Lliga
Andorra,Copa Constitució
Andorra,Copa Constitució
Armenia,Armenian Premier League
Armenia,Armenian First League
Armenia,Armenian Supercup
Armenia,Armenian Premier League
Armenia,Armenian Cup
Armenia,Armenian Cup
Austria,Bundesliga
Austria,2. Liga
Austria,Austrian Regionalliga
Austria,Central
Austria,East
Austria,West
Austria,Austrian Landesliga
Austria,Vorarlberg
Austria,Tirol
Austria,Salzburg
Austria,Oberösterreich
Austria,Steiermark
Austria,Kärnten
Austria,Niederösterreich
Austria,Wien
Austria,Burgenland
Austria,Austrian 2. Landesliga
Austria,ÖFB-Cup
Austria,ÖFB-Supercup
Austria,ÖFB:Bundesliga
Austria,ÖFB-Cup
Austria,Niederösterreichischer Landespokal
Azerbaijan,Azerbaijan Premier League
Azerbaijan,Azerbaijan First Division
Azerbaijan,A
Azerbaijan,B
Azerbaijan,Azerbaijan Regional League
Azerbaijan,AFFA Amateur League
Azerbaijan,Azerbaijan Cup
Azerbaijan,Azerbaijan Supercup
Azerbaijan,Azerbaijan Premier League
Azerbaijan,Azerbaijan Cup
Belarus,Belarusian Premier League
Belarus,Belarusian First League
Belarus,Belarusian Second League
Belarus,Belarusian Cup
Belarus,Belarusian Super Cup
Belarus,Belarusian Premier League
Belarus,Belarusian Cup
Belgium,Belgian Pro League
Belgium,Challenger Pro League
Belgium,Belgian National Division 1
Belgium,Belgian Division 2
Belgium,Belgian Division 3
Belgium,Belgian Provincial Leagues
Belgium,Belgian Cup
Belgium,Belgian Super Cup
Belgium,Belgian First Division A
Belgium,Belgian Cup
Bosnia and Herzegovina,Premier League of Bosnia and Herzegovina
Bosnia and Herzegovina,Prva Liga Federacija Bosne i Hercegovine
Bosnia and Herzegovina,First League of the Republika Srpska
Bosnia and Herzegovina,Druga Liga Federacija Bosne i Hercegovine
Bosnia and Herzegovina,Sjever
Bosnia and Herzegovina,Centar
Bosnia and Herzegovina,Jug
Bosnia and Herzegovina,Zapad
Bosnia and Herzegovina,Druga Liga Republike Srpske
Bosnia and Herzegovina,Istok
Bosnia and Herzegovina,Zapad
Bosnia and Herzegovina,Prva Liga TK
Bosnia and Herzegovina,Druga Liga TK
Bosnia and Herzegovina,Zapad
Bosnia and Herzegovina,Sjever
Bosnia and Herzegovina,Jug
Bosnia and Herzegovina,Kup Bosne i Hercegovine
Bosnia and Herzegovina,Kup Federacija Bosne i Hercegovine
Bosnia and Herzegovina,Kup Federacija Republike Srpske
Bosnia and Herzegovina,Bosnian Supercup
Bosnia and Herzegovina,Premier League of Bosnia and Herzegovina
Bosnia and Herzegovina,Kup Bosne i Hercegovine
Bosnia and Herzegovina,First League of Herzeg-Bosnia
Bulgaria,Bulgarian First League
Bulgaria,Bulgarian Second League
Bulgaria,Bulgarian Third Amateur Football League
Bulgaria,North-West
Bulgaria,North-East
Bulgaria,South-West
Bulgaria,South-East
Bulgaria,Bulgarian Regional Football Groups
Bulgaria,Bulgarian Army Championship
Bulgaria,Bulgarian Student Championship
Bulgaria,Bulgarian Cup
Bulgaria,Bulgarian Supercup
Bulgaria,Bulgarian A Professional Football Group
Bulgaria,Bulgarian Cup
Bulgaria,Bulgarian Amateur Football League cup
Bulgaria,Bulgarian Village Championship
Bulgaria,Bulgarian Railway-man's Championship
Bulgaria,Bulgarian State Championship
Bulgaria,Bulgarian National Football Division
Bulgaria,Bulgarian Republican Championship
Bulgaria,Bulgarian Premier League
Bulgaria,Bulgarian Second League
Bulgaria,Bulgarian First League
Bulgaria,Bulgarian Tsar's Cup
Bulgaria,Soviet Army Cup
Bulgaria,Bulgarian Football Union Cup
Bulgaria,Bulgarian Profesional Football League Cup
Bulgaria,Bulgarian Women Championship
Croatia,HNL
Croatia,Prva NL
Croatia,Druga NL
Croatia,Treća NL
Croatia,First County Football League
Croatia,Hrvatski nogometni kup
Croatia,Croatian Football Super Cup
Croatia,HNL
Croatia,Hrvatski nogometni kup
Croatia,Eternal derby
Croatia,Hajduk Split
Croatia,Dinamo Zagreb
Cyprus,Cypriot First Division
Cyprus,Cypriot Second Division
Cyprus,Cypriot Third Division
Cyprus,Cypriot Fourth Division
Cyprus,Cypriot Cup
Cyprus,Cypriot Cup for lower divisions
Cyprus,Cyprus FA Shield
Cyprus,Cypriot First Division
Cyprus,Cypriot Cup
Czech Republic,Czech First League
Czech Republic,Czech National League
Czech Republic,Bohemian Football League
Czech Republic,Moravian–Silesian Football League
Czech Republic,Czech Fourth Division
Czech Republic,Regional Championship
Czech Republic,Prague Championship
Czech Republic,Football I. A class
Czech Republic,Football I. B class
Czech Republic,Football II. class
Czech Republic,Prague II. class
Czech Republic,Football III. class
Czech Republic,Football IV. class
Czech Republic,Czech Cup
Czech Republic,Czech Supercup
Czech Republic,Czech First League
Czech Republic,Czech Cup
Czech Republic,Tipsport liga
Czech Republic,Czech Republic
Czech Republic,Women's Czech First Division
Czech Republic,Czech Women's Cup
Denmark,Danish Superliga
Denmark,Danish 1st Division
Denmark,Danish 2nd Division
Denmark,Danish 3rd Division
Denmark,Denmark Series
Denmark,Danish Cup
Denmark,Danish League Cup
Denmark,The Football Tournament
Denmark,Baneklubberne Tournaments
Denmark,Copenhagen football champions
Denmark,Copenhagen Cup
Denmark,Danish Supercup
Denmark,Fionia Bank Cup
Denmark,Viasat Cup
Denmark,Elitedivisionen
Denmark,Kvinde 1. division
Denmark,Danish Women's Cup
England,Premier League
England,EFL Championship
England,English Football League
England,EFL League One
England,English Football League
England,EFL League Two
England,English Football League
England,National League
England,National League
England,National League North
England,National League South
England,Northern Premier League
England,Premier Division
England,Division One East
England,Division One West
England,Southern Football League
England,Premier Division
England,Division One Midlands
England,Division One South & West
England,Isthmian League
England,Premier Division
England,Division One North
England,Division One South
England,Several interconnected sub-regional leagues
England,Combined Counties League Premier Division North
England,Combined Counties League Premier Division South
England,Eastern Counties League Premier Division
England,Essex Senior League
England,Hellenic League Premier Division
England,Midland League Premier Division
England,North West Counties League Premier Division
England,Northern Counties East League Premier Division
England,Northern League Division One
England,Southern Combination League Premier Division
England,Southern Counties East League Premier Division
England,Spartan South Midlands League Premier Division
England,United Counties League Premier Division North
England,United Counties League Premier Division South
England,Wessex League Premier Division
England,Western League Premier Division
England,Combined Counties League Division One
England,Eastern Counties League Division One North
England,Eastern Counties League Division One South
England,Hellenic League Division One
England,Midland League Division One
England,North West Counties League Division One North
England,North West Counties League Division One South
England,Northern Counties East League Division One
England,Northern League Division Two
England,South West Peninsula League Premier Division East
England,South West Peninsula League Premier Division West
England,Southern Combination Football League Division One
England,Southern Counties East League Division One
England,Spartan South Midlands League Division One
England,United Counties League Division One
England,Wessex League Division One
England,Western League Division One
England,Several regional/county feeder leagues
England,Anglian Combination Premier Division
England,Bedfordshire County League Premier Division
England,Cambridgeshire County League Premier Division
England,Central Midlands Alliance Premier Division North
England,Central Midlands Alliance Premier Division South
England,Cheshire League Premier Division
England,Devon Football League
England,Essex Alliance League
England,Essex & Suffolk Border League Premier Division
England,Essex Olympian League Premier Division
England,Gloucestershire County League
England,Hampshire Premier League
England,Herefordshire football League Premier Division
England,Hertfordshire Senior County League Premier Division
England,Humber Premier League Premier Division
England,Isle of Wight Saturday League Division One
England,Kent County League Premier Division
England,Leicestershire Senior League Premier Division
England,Lincolnshire League
England,Liverpool County Premier League Premier Division
England,Manchester League Premier Division
England,Mid-Sussex League Premier Division
England,Middlesex County League Premier Division
England,Midland League Division Two
England,Northamptonshire Combination League Premier Division
England,Northern Alliance Premier Division
England,North Riding League Premier Division
England,Nottinghamshire Senior League Senior Division
England,Oxfordshire Senior League Premier Division
England,Peterborough & District League Premier Division
England,Sheffield & Hallamshire County Senior League Premier Division
England,Shropshire County Football League Premier Division
England,Shropshire County Football League Premier Division
England,Somerset County League Premier Division
England,Southern Combination League Division Two
England,Spartan South Midlands League Division Two
England,St Piran League Premier Division East
England,St Piran League Premier Division West
England,Staffordshire County Senior League Premier Division
England,Suffolk & Ipswich League Senior Division
England,Surrey Premier County Football League
England,Thames Valley Premier League Premier Division
England,Wearside League Premier Division
England,West Cheshire League Division One
England,West Lancashire League Premier Division
England,West Midlands (Regional) League Division One
England,West Yorkshire League Premier Division
England,Wiltshire Senior League Premier Division
England,York League Premier Division
England,Yorkshire Amateur League Supreme Division
England,FA Cup
England,EFL Cup
England,Premier League
England,English Football League
England,FA Community Shield
England,Premier League
England,FA Cup
England,EFL Trophy
England,EFL League One
England,EFL League Two
England,EFL Championship
England,Premier League
England,FA Trophy
England,FA Vase
England,FA Inter-League Cup
England,county football associations
England,Premier League 2
England,Professional Development League
England,National League Cup
England,Premier League International Cup
England,Premier League Cup
England,U18 Premier League
England,U18 Professional Development League
England,FA Youth Cup
England,Women's Super League
England,FA Women's Championship
England,FA Women's National League
England,National Division
England,Northern Division
England,Southern Division
England,Women's FA Cup
England,FA Women's League Cup
England,FA Women's National League Cup
England,FA Women's National League
England,Women's FA Community Shield
England,Women's Super League
England,Women's FA Cup
Estonia,Meistriliiga
Estonia,Esiliiga
Estonia,Esiliiga B
Estonia,II liiga
Estonia,III liiga
Estonia,IV liiga
Estonia,Naiste Meistriliiga
Estonia,Estonian Cup
Estonia,Estonian Supercup
Estonia,Estonian Small Cup
Estonia,Estonian Women's Cup
Faroe Islands,Faroe Islands Premier League
Faroe Islands,1. Deild
Faroe Islands,2. Deild
Faroe Islands,3. Deild
Faroe Islands,1. delid kvinnur
Faroe Islands,Faroe Islands Cup
Faroe Islands,Faroe Islands Super Cup
Faroe Islands,FSF Trophy
Faroe Islands,Faroese Women's Cup
Faroe Islands,Faroese Women's Super Cup
Finland,Veikkausliiga
Finland,Ykkönen
Finland,Kakkonen
Finland,Kolmonen
Finland,Nelonen
Finland,Finnish Cup
Finland,Finnish League Cup
France,Ligue 1
France,Ligue de Football Professionnel
France,Ligue 2
France,Ligue de Football Professionnel
France,National
France,National 2
France,A
France,B
France,C
France,D
France,National 3
France,A
France,B
France,C
France,D
France,E
France,F
France,G
France,H
France,Régional 1
France,Coupe de France
France,Trophée des Champions
France,Ligue 1
France,Coupe de France
France,Coupe de la Ligue
France,Ligue de Football Professionnel
France,Championnat National U19
France,Coupe Gambardella
France,Championnat National U17
France,Division 1 Féminine
France,Division 2 Féminine
France,Coupe de France féminine
Georgia,Erovnuli Liga
Georgia,Erovnuli Liga 2
Georgia,Georgian Liga 3
Georgia,Liga 4
Georgia,Regionuli Liga
Georgia,Women's football championship
Georgia,Georgian Cup
Georgia,Georgian Super Cup
Germany,Bundesliga
Germany,2. Bundesliga
Germany,3. Liga
Germany,Regionalliga
Germany,Nord
Germany,Nordost
Germany,West
Germany,Südwest
Germany,Bayern
Germany,Oberliga
Germany,Schleswig-Holstein
Germany,Hamburg
Germany,Bremen
Germany,Niedersachsenliga
Germany,Nordost-Nord
Germany,Nordost-Süd
Germany,Westfalen
Germany,Südwest
Germany,Hessen
Germany,Baden-Württemberg
Germany,Bayernliga
Germany,Bayernliga
Germany,Mittelrhein
Germany,Niederrhein
Germany,Landesliga
Germany,Verbandsliga
Germany,Gruppenliga
Germany,Bezirksliga
Germany,Kreisliga
Germany,DFB-Pokal
Germany,Verbandspokal
Germany,Franz Beckenbauer Supercup
Germany,Bundesliga
Germany,DFB Pokal
Germany,Under 19 Bundesliga
Germany,Under 17 Bundesliga
Germany,Frauen-Bundesliga
Germany,2. Frauen-Bundesliga
Germany,Frauen-Regionalliga
Germany,DFB-Pokal Frauen
Germany,Frauen Verbandspokal
Germany,Gauliga
Germany,Third Reich
Germany,DDR-Oberliga
Germany,East Germany
Germany,FDGB-Pokal
Germany,East Germany
Germany,DFL-Ligapokal
Gibraltar,Gibraltar Football League
Gibraltar,Gibraltar Premier Division
Gibraltar,Gibraltar Second Division
Gibraltar,Gibraltar Intermediate League
Gibraltar,Gibraltar women's football championship
Gibraltar,Rock Cup
Gibraltar,Pepe Reyes Cup
Gibraltar,Gibraltar Division 2 Cup
Gibraltar,Gibraltar Intermediate Cup
Gibraltar,Gibraltar Premier Cup
Gibraltar,Women's Rock Cup
Greece,Super League 1
Greece,Super League 2
Greece,Gamma Ethniki
Greece,Hellenic Amateur Divisions (local championships)
Greece,Football League Greece
Greece,Delta Ethniki
Greece,Greek Cup
Greece,Cup of Friendship and Solidarity
Greece,Super League 1
Greece,Greek Cup
Greece,Greek Football Amateur Cup
Greece,Amateurs' Super Cup Greece
Greece,Greek League Cup
Greece,Gamma Ethniki Cup
Greece,Greek A Division (women's football)
Greece,Greek Women's Cup
Hungary,NBI
Hungary,NBII
Hungary,NBIII
Hungary,Megyei Bajnokság I
Hungary,Megyei Bajnokság II
Hungary,Női NB I
Hungary,Magyar Kupa
Hungary,Szuperkupa
Hungary,Hungarian Women's Cup
Iceland,Besta deild karla
Iceland,1. deild karla
Iceland,2. deild karla
Iceland,3. deild karla
Iceland,4. deild karla
Iceland,Besta deild kvenna
Iceland,1. deild kvenna
Iceland,2. deild kvenna
Iceland,Icelandic Men's Football Cup
Iceland,Icelandic Men's Football Super Cup
Iceland,Icelandic Men's Football League Cup
Iceland,Fótbolti.net Cup
Iceland,Reykjavik Tournament
Iceland,Icelandic Women's Football Cup
Iceland,Icelandic Women's Super Cup
Iceland,Icelandic Women's Football League Cup
Israel,Ligat Ha`Al
Israel,Liga Leumit
Israel,Liga Alef
Israel,Liga Bet
Israel,Liga Gimel
Israel,Ligat Nashim Rishona
Israel,Ligat Nashim Shniya
Israel,Noar Premier League
Israel,Noar Leumit League
Israel,Noar Arzit
Israel,Israel State Cup
Israel,Israel Super Cup
Israel,Toto Cup
Israel,Ligat Ha`Al
Israel,Liga Leumit
Israel,Israeli Women's Cup
Israel,Israel Noar State Cup
Italy,Serie A
Italy,Lega Serie A
Italy,Lega Nazionale Professionisti
Italy,Serie B
Italy,Lega B
Italy,Serie C
Italy,Lega Italiana Calcio Professionistico
Italy,Supercoppa Serie C
Italy,Lega Pro Prima Divisione
Italy,Lega Pro Seconda Divisione
Italy,Serie D
Italy,Lega Nazionale Dilettanti
Italy,Eccellenza
Italy,Regional
Italy,Promozione
Italy,Prima Categoria
Italy,Seconda Categoria
Italy,Terza Categoria
Italy,Provincial
Italy,Trofeo delle Regioni
Italy,Coppa Italia Primavera
Italy,Coppa Italia
Italy,Supercoppa Italiana
Italy,Serie A
Italy,Coppa Italia
Italy,Coppa Italia Serie C
Italy,Supercoppa Serie C
Italy,Supercoppa di Lega di Seconda Divisione
Italy,Coppa Italia Serie D
Italy,Coppa Italia Dilettanti
Italy,Campionato Primavera 1
Italy,Campionato Nazionale Primavera
Italy,Campionato Primavera 2
Italy,Campionato Nazionale Dante Berretti
Italy,Campionato Primavera 3
Italy,Campionato Regionale Allievi
Italy,Lega Nazionale Dilettanti
Italy,Campionato Regionale Giovanissimi
Italy,Campionato Provinciale Allievi
Italy,Campionato Provinciale Giovanissimi
Italy,Torneo Piccoli Amici
Italy,Coppa Italia Primavera
Italy,Supercoppa Primavera
Italy,Campionato Primavera 1
Italy,Coppa Italia Primavera
Italy,Torneo di Viareggio
Italy,Campionato Juniores Nazionali
Italy,Serie A (women's football)
Italy,Serie B (women's football)
Italy,Serie C (women's football)
Italy,Eccellenza (women's football)
Italy,it
Italy,Coppa Italia di calcio femminile
Italy,Supercoppa Italiana di calcio femminile
Italy,Serie A (women's football)
Italy,Coppa Italia di calcio femminile
Kazakhstan,Kazakhstan Premier League
Kazakhstan,Kazakhstan First Division
Kazakhstan,Kazakhstan Second League
Kazakhstan,Kazakhstan Cup
Kazakhstan,Kazakhstan Super Cup
Kazakhstan,Kazakhstani women's football championship
Kazakhstan,Kazakhstani Women's Cup
Kosovo,Superliga
Kosovo,Liga e Parë
Kosovo,A
Kosovo,B
Kosovo,Liga e Dytë
Kosovo,Liga e Tretë
Kosovo,A
Kosovo,B
Kosovo,Kosovar Cup
Kosovo,Kosovar Supercup
Kosovo,Kosovar Cup
Kosovo,Superliga
Kosovo,Superliga – Juniorët
Kosovo,Liga e Parë – Juniorët
Kosovo,Liga e Femrave
Kosovo,Superliga – Futsall
Kosovo,Liga e parë – Futsall
Latvia,Virsliga
Latvia,1. līga
Latvia,2. līga
Latvia,Latvian Women's League
Latvia,Latvijas kauss
Latvia,Latvian Supercup
Latvia,Virsligas Winter Cup
Liechtenstein,Liechtenstein Cup
Lithuania,A Lyga
Lithuania,I Lyga
Lithuania,II Lyga
Lithuania,III Lyga
Lithuania,counties
Lithuania,SFL
Lithuania,Lithuanian Football Cup
Lithuania,Lithuanian Supercup
Lithuania,A Lyga
Lithuania,LFF Cup
Lithuania,SFL Cup
Lithuania,Sunday Football League
Lithuania,Lithuanian U-19 Elite League
Lithuania,Lithuanian U-19 I League
Lithuania,Lithuanian U-19 II League
Lithuania,Lithuanian U-17 Elite League
Lithuania,Lithuanian U-17 I League
Lithuania,Lithuanian U-16 I League
Lithuania,Lithuanian U-16 II League
Lithuania,Lithuanian U-15 I League
Lithuania,Lithuanian U-15 II League
Lithuania,Lithuanian U-14 I League
Lithuania,Lithuanian U-14 II League
Lithuania,A Lyga
Lithuania,I Lyga
Lithuania,A Lyga
Lithuania,Lithuanian Futsal Cup
Luxembourg,Luxembourg National Division
Luxembourg,Luxembourg Division of Honour
Luxembourg,Luxembourg 1. Division
Luxembourg,Luxembourg 2. Division
Luxembourg,Luxembourg 3. Division
Luxembourg,Luxembourg Cup
Luxembourg,Coupe FLF
Luxembourg,Dames Ligue 1
Luxembourg,Dames Ligue 2
Luxembourg,Dames Ligue 3
Luxembourg,Luxembourg Women's Cup
Malta,Maltese Football League
Malta,Maltese Premier League
Malta,Maltese Challenge League
Malta,Maltese National Amateur League
Malta,Maltese FA Trophy
Malta,Maltese Super Cup
Moldova,Divizia Națională
Moldova,"Moldovan ""A"" Division"
Moldova,"Moldovan ""B"" Division"
Moldova,Moldovan Cup
Moldova,Moldovan Super Cup
Montenegro,Montenegrin First League
Montenegro,Montenegrin Second League
Montenegro,Montenegrin Third League
Montenegro,Montenegrin Cup
Montenegro,Montenegrin Women's League
Netherlands,Eredivisie
Netherlands,Eerste Divisie
Netherlands,Tweede Divisie
Netherlands,Derde Divisie
Netherlands,Hoofdklasse
Netherlands,Eerste Klasse
Netherlands,Tweede Klasse
Netherlands,Derde Klasse
Netherlands,Vierde Klasse
Netherlands,Vijfde Klasse
Netherlands,KNVB Beker
Netherlands,Johan Cruijff Schaal
Netherlands,Eredivisie
Netherlands,KNVB Beker
Netherlands,KNVB Beker voor beloften
Netherlands,KNVB Beker voor amateurs
Netherlands,Districtsbeker
Netherlands,Vrouwen Eredivisie
Netherlands,Topklasse
Netherlands,Hoofdklasse
Netherlands,KNVB Beker voor Vrouwen
Northern Ireland,Irish Premiership
Northern Ireland,NIFL Championship
Northern Ireland,NIFL Premier Intermediate League
Northern Ireland,Irish Cup
Northern Ireland,Northern Ireland Football League Cup
Northern Ireland,NIFL Charity Shield
Northern Ireland,County Antrim Shield
Northern Ireland,Mid-Ulster Cup
Northern Ireland,North West Senior Cup
Northern Ireland,Irish Intermediate Cup
Northern Ireland,Steel & Sons Cup
Northern Ireland,Bob Radcliffe Cup
Northern Ireland,Craig Memorial Cup
Northern Ireland,George Wilson Cup
North Macedonia,1. MFL
North Macedonia,2. MFL
North Macedonia,3. MFL
North Macedonia,Macedonian Regional Football Leagues
North Macedonia,Macedonian women's football championship
North Macedonia,Macedonian Football Cup
North Macedonia,Macedonian Supercup
North Macedonia,Macedonian Women's Football Cup
Norway,Eliteserien
Norway,Norwegian First Division
Norway,Norwegian Second Division
Norway,Norwegian Third Division
Norway,Norwegian Fourth Division
Norway,NM Cupen
Norway,Mesterfinalen
Norway,Northern Norwegian Cup
Norway,Norwegian Youth Cup
Norway,Norwegian Under-16 Cup
Norway,Toppserien
Norway,Norwegian First Division (women)
Norway,Norwegian Second Division (women)
Norway,Norwegian Women's Cup
Norway,NFF Futsal Eliteserie
Poland,Ekstraklasa
Poland,I liga
Poland,II liga
Poland,III liga
Poland,IV liga
Poland,V liga
Poland,Liga okręgowa
Poland,Klasa A
Poland,Klasa B
Poland,Klasa C
Poland,Polish Cup
Poland,Polish Super Cup
Poland,Ekstraklasa
Poland,Polish Cup
Poland,Ekstraklasa Cup
Portugal,Primeira Liga
Portugal,Liga Portugal
Portugal,Liga Portugal 2
Portugal,Liga Portugal
Portugal,Liga 3
Portugal,Campeonato de Portugal
Portugal,Portuguese District Championships First Levels
Portugal,Portuguese District Championships Second Levels
Portugal,Portuguese District Championships Third Levels
Portugal,Portuguese District Championships Fourth Levels
Portugal,Taça de Portugal
Portugal,Taça da Liga
Portugal,Liga Portugal
Portugal,Supertaça Cândido de Oliveira
Portugal,Primeira Liga
Portugal,Taça de Portugal
Portugal,Revelation League
Portugal,pt
Portugal,Campeonato Nacional Feminino
Portugal,Campeonato Nacional II Divisão Feminino
Portugal,Taça de Portugal Feminina
Portugal,Taça da Liga Feminina
Portugal,Supertaça de Portugal Feminina
Republic of Ireland,League of Ireland Premier Division
Republic of Ireland,League of Ireland First Division
Republic of Ireland,Women's National League
Republic of Ireland,FAI Cup
Republic of Ireland,League of Ireland Cup
Republic of Ireland,President of Ireland's Cup
Republic of Ireland,Leinster Senior Cup
Republic of Ireland,Munster Senior Cup
Republic of Ireland,FAI Women's Cup
Romania,Liga I
Romania,Liga II
Romania,Liga III
Romania,Liga IV
Romania,Liga V
Romania,Liga VI
Romania,Cupa României
Romania,Supercupa României
Romania,Liga I
Romania,Cupa României
Russia,Russian Premier League
Russia,Russian Football National League
Russia,Russian Football National League 2
Russia,Russian championship among amateur football clubs (III division)
Russia,Russian Cup
Russia,Russian Super Cup
Russia,Russian Premier League
Russia,Russian Cup
Russia,FNL Cup
Russia,Russian Premier League Cup
Russia,Football Cup of the Russian SFSR
Russia,Youth football championship of Russia
San Marino,Campionato Sammarinese di Calcio
San Marino,Coppa Titano
San Marino,Super Coppa Sammarinese
San Marino,Trofeo Federale
Scotland,Scottish Premiership
Scotland,Scottish Professional Football League
Scotland,Scottish Premier League
Scotland,Scottish Championship
Scotland,Scottish Football League First Division
Scotland,Scottish League One
Scotland,Scottish Football League Second Division
Scotland,Scottish League Two
Scotland,Scottish Football League Third Division
Scotland,Highland Football League
Scotland,Lowland Football League
Scotland,Scottish Cup
Scotland,Scottish League Cup
Scotland,Scottish Challenge Cup
Scotland,Highland
Scotland,Lowland
Scotland,Republic of Ireland
Scotland,Northern Ireland
Scotland,Wales
Scotland,England
Scotland,Scottish Women's Premier League
Scotland,Scottish Women's First Division
Scotland,Scottish Women's Second Divisions
Scotland,North
Scotland,East & Central
Scotland,Southeast
Scotland,West & Southwest
Scotland,Scottish Women's Cup
Scotland,Scottish Women's Premier League Cup
Scotland,Scottish Women's First Division Cup
Scotland,Scottish Women's Second Division Cup
Serbia,SuperLiga
Serbia,Prva Liga Srbije
Serbia,Srpska Liga
Serbia,Serbian Zone League
Serbia,Kup Srbije
Serbia,Serbian Super Liga (women)
Serbia,Serbian Women's Cup
Serbia,Prva Futsal Liga
Slovakia,Niké Liga
Slovakia,2. liga
Slovakia,3. liga
Slovakia,4. liga
Slovakia,5. liga
Slovakia,Slovak Women's First League
Slovakia,Slovak Cup
Slovakia,Slovak Super Cup
Slovakia,Slovak Women's Cup
Slovenia,1.SNL
Slovenia,2.SNL
Slovenia,3.SNL
Slovenia,Slovenian Regional Leagues
Slovenia,Slovenian Women's League
Slovenia,Hervis Pokal
Slovenia,Slovenian Women's Cup
Spain,La Liga
Spain,Liga Nacional de Fútbol Profesional
Spain,Segunda División
Spain,Primera Federación
Spain,Segunda Federación
Spain,Tercera Federación
Spain,Divisiones Regionales
Spain,Segunda División B
Spain,Tercera División
Spain,Copa del Rey
Spain,Supercopa de España
Spain,La Liga
Spain,Copa del Rey
Spain,Copa Federación
Spain,RFEF
Spain,Teresa Herrera Trophy
Spain,División de Honor Juvenil
Spain,Divisiones Regionales
Spain,Copa del Rey Juvenil
Spain,Copa de Campeones Juvenil
Spain,División de Honor Juvenil
Spain,Liga F
Spain,Primera Federación
Spain,Segunda Federación
Spain,Primera Nacional de Fútbol
Spain,Divisiones Regionales de Fútbol Femenino
Spain,Copa de la Reina
Sweden,Allsvenskan
Sweden,Superettan
Sweden,Division 1
Sweden,Division 2
Sweden,Division 3
Sweden,Division 4
Sweden,Division 5
Sweden,Division 6
Sweden,Division 7
Sweden,Division 8
Sweden,Damallsvenskan
Sweden,Elitettan
Sweden,Svenska Cupen
Sweden,Svenska Cupen (women)
Switzerland,Swiss Super League
Switzerland,Swiss Challenge League
Switzerland,Promotion League
Switzerland,1. Liga Classic
Switzerland,2. Liga Interregional
Switzerland,2. Liga
Switzerland,Swiss Women's Super League
Switzerland,Schweizer Cup
Switzerland,Uhrencup
Switzerland,Cup of the Alps
Switzerland,Swiss League Cup
Switzerland,Swiss Super Cup
Switzerland,Swiss Women's Cup
Türkiye,Süper Lig
Türkiye,TFF 1. Lig
Türkiye,TFF 2. Lig
Türkiye,TFF 3. Lig
Türkiye,Bölgesel Amatör Ligi
Türkiye,Süper Amatör Ligleri
Türkiye,Birinci Amatör Küme
Türkiye,İkinci Amatör Küme
Türkiye,Turkish Cup
Türkiye,Turkish Super Cup
Türkiye,Chancellor Cup
Türkiye,Atatürk Cup
Türkiye,Kadınlar Süper Ligi
Türkiye,Kadınlar 1. Ligi
Türkiye,Kadınlar 2. Ligi
Türkiye,Kadınlar 3. Ligi
Ukraine,Ukrainian Premier League
Ukraine,Ukrainian First League
Ukraine,Ukrainian Second League
Ukraine,Ukrainian Amateur Football Championship
Ukraine,Regional championships
Ukraine,Ukrainian Cup
Ukraine,Ukrainian Super Cup
Ukraine,Ukrainian Premier League
Ukraine,Ukrainian Cup
Ukraine,Ukrainian Amateur Cup
Ukraine,FFU Region's Cup
Wales,Cymru Premier
Wales,Cymru North
Wales,Cymru South
Wales,Ardal Leagues
Wales,Area leagues
Wales,Lower tier leagues
Wales,Welsh Premier Women's Football League
Wales,Welsh Cup
Wales,FAW Premier Cup
Wales,Welsh League Cup
Wales,FAW Trophy
Wales,Welsh Football League Cup
Wales,Cymru Alliance League Cup
Wales,FAW Women's Cup
Wales,FAW Welsh Youth Cup
Abkhazia,Abkhazian Premier League
Abkhazia,Abkhazian Cup
Abkhazia,Abkhazia Super Cup
Ascension Island,Ascension Island Football League
Ascension Island,Ascension Island League Cup
Ascension Island,Ascension Island District Cup
Ascension Island,J. Lawrence Knock-out Cup
Ascension Island,Flipper Cup
Christmas Island,Christmas Island Soccer League
Crimea,Crimean Premier League
Donetsk People's Republic,Master-Torg DPR Premier League
Falkland Islands,Falkland Islands Football League
Federated States of Micronesia,Pohnpei Premier League
Federated States of Micronesia,Micronesian Games
Gozo,Gozo Football League First Division
Gozo,Gozo Football League Second Division
Gozo,Gozo Football Female League
Gozo,G.F.A. Cup
Gozo,Independence Cup
Gozo,Freedom Day Cup
Gozo,Second Division Knock-Out
Greenland,Greenlandic Men's Football Championship
Greenland,Greenland Cup
Guernsey,Priaulx League
Guernsey,FNB Jackson League
Guernsey,Railway League 1
Guernsey,Railway League 2
Guernsey,Guernsey Veterans League
Guernsey,Guernsey Women's League
Guernsey,Guernsey FA Cup
Guernsey,Frederick Martinez Cup
Guernsey,Stranger Charity Cup
Guernsey,Mauger Cup
Guernsey,Rouget Cup
Guernsey,Rawlinson Cup
Guernsey,Le Vallee Cup
Guernsey,Upton Park Trophy
Guernsey,Guernsey Women's Knock-out Cup
Guernsey,Guernsey Women's Secondary Cup
Iraqi Kurdistan,Kurdistan Premier League
Iraqi Kurdistan,Kurdistan Cup
Iraqi Kurdistan,Kurdistan Super Cup
Isle of Man,Isle of Man Football League
Isle of Man,Isle of Man Premier League
Isle of Man,Isle of Man Division 2
Isle of Man,Isle of Man Football Combination
Isle of Man,Isle of Man FA Cup
Isle of Man,Isle of Man Hospital Cup
Isle of Man,Isle of Man Railway Cup
Isle of Man,Isle of Man Gold Cup
Isle of Man,Isle of Man Woods Memorial Cup
Isle of Man,Isle of Man Charity Shield
Isles of Scilly,Isles of Scilly Football League
Isles of Scilly,Wholesalers Cup
Isles of Scilly,Foredeck Cup
Jersey,Jersey Football Combination
Jersey,Jersey Championship
Jersey,Le Riche Cup
Jersey,Wheway Trophy
Jersey,Jersey Charity Cup
Jersey,Upton Park Trophy
Marshall Islands,Marshallese Soccer League
Mayotte,Mayotte Division Honneur
Mayotte,Coupe de Mayotte
Monaco,Challenge Prince Rainier III
Monaco,Trophée Ville de Monaco
Monaco,Challenge Monégasque
Nauru,Nauru Soccer League
Niue,Niue Soccer Tournament
Northern Cyprus,KTFF Süper Lig
Northern Cyprus,CTFA
Northern Cyprus,KTFF 1. Lig
Northern Cyprus,KTFF 2. Lig
Northern Cyprus,KTFF Women's League
Northern Cyprus,Cypriot Cup
Northern Cyprus,KTFF Super Cup
Palau,Palau Soccer League
Palau,Palau Youth Soccer League
Sahrawi Arab Democratic Republic,Sahrawi Republic Cup
Saint Barthélemy,Saint-Barthelemy Championships
Saint Barthélemy,Coupe de Saint-Barth
Saint Barthélemy,Trophée José da Silva
Saint Helena,St. Helena Island Football League
Saint Pierre and Miquelon,Ligue de Football de Saint Pierre et Miquelon
Somaliland,Somaliland Football League
Somaliland,Telesom Cup
Somaliland,Somaliland Regional Games
South Ossetia,South Ossetian Football League
South Ossetia,South Ossetia Youth League
Vatican City,Vatican City Championship
Vatican City,Coppa Sergio Valci
Vatican City,Supercoppa
Vatican City,Clericus Cup
Wallis and Futuna,Wallis Première Division
Wallis and Futuna,Wallis Deuxième Division
Wallis and Futuna,Futuna Première Division
Wallis and Futuna,Futuna Deuxième Division
Wallis and Futuna,Coupe de l'Outre-Mer
Wallis and Futuna,Outremer Champions Cup
